2025-03-16 18:44:12,970 [DEBUG]  Available web server routes: 
/conversations/<conversation_id:path>/messages     POST                           add_message
/conversations/<conversation_id:path>/tracker/events POST                           append_events
/webhooks/rasa                                     GET                            custom_webhook_RasaChatInput.health
/webhooks/rasa/webhook                             POST                           custom_webhook_RasaChatInput.receive
/webhooks/rest                                     GET                            custom_webhook_RestInput.health
/webhooks/rest/webhook                             POST                           custom_webhook_RestInput.receive
/model/test/intents                                POST                           evaluate_intents
/model/test/stories                                POST                           evaluate_stories
/conversations/<conversation_id:path>/execute      POST                           execute_action
/domain                                            GET                            get_domain
/                                                  GET                            hello
/model                                             PUT                            load_model
/model/parse                                       POST                           parse
/conversations/<conversation_id:path>/predict      POST                           predict
/conversations/<conversation_id:path>/tracker/events PUT                            replace_events
/conversations/<conversation_id:path>/story        GET                            retrieve_story
/conversations/<conversation_id:path>/tracker      GET                            retrieve_tracker
/status                                            GET                            status
/model/predict                                     POST                           tracker_predict
/model/train                                       POST                           train
/conversations/<conversation_id:path>/trigger_intent POST                           trigger_intent
/model                                             DELETE                         unload_model
/version                                           GET                            version
2025-03-16 18:44:12,977 [INFO ]  Starting Rasa server on http://0.0.0.0:5005
2025-03-16 18:44:12,978 [DEBUG]  Using the default number of Sanic workers (1).
2025-03-16 18:44:14,069 [DEBUG]  Skipping telemetry reporting: no license hash found.
2025-03-16 18:44:14,188 [DEBUG]  Connected to InMemoryTrackerStore.
2025-03-16 18:44:14,189 [DEBUG]  Connected to lock store 'InMemoryLockStore'.
2025-03-16 18:44:14,190 [DEBUG]  Instantiated NLG to 'TemplatedNaturalLanguageGenerator'.
2025-03-16 18:44:14,217 [INFO ]  Loading model models\20250316-175453-impulsive-slab.tar.gz...
2025-03-16 18:44:14,464 [DEBUG]  Extracted model to 'C:\Users\beuli\AppData\Local\Temp\tmp3k37mq35'.
2025-03-16 18:44:14,513 [DEBUG]  Node 'nlu_message_converter' loading 'NLUMessageConverter.load' and kwargs: '{}'.
2025-03-16 18:44:14,514 [DEBUG]  Node 'run_WhitespaceTokenizer0' loading 'WhitespaceTokenizer.load' and kwargs: '{}'.
2025-03-16 18:44:14,519 [DEBUG]  Node 'run_RegexFeaturizer1' loading 'RegexFeaturizer.load' and kwargs: '{}'.
2025-03-16 18:44:14,520 [DEBUG]  Resource 'train_RegexFeaturizer1' was requested for reading.
2025-03-16 18:44:14,521 [DEBUG]  Node 'run_LexicalSyntacticFeaturizer2' loading 'LexicalSyntacticFeaturizer.load' and kwargs: '{}'.
2025-03-16 18:44:14,522 [DEBUG]  Resource 'train_LexicalSyntacticFeaturizer2' was requested for reading.
2025-03-16 18:44:14,536 [DEBUG]  Node 'run_CountVectorsFeaturizer3' loading 'CountVectorsFeaturizer.load' and kwargs: '{}'.
2025-03-16 18:44:14,537 [DEBUG]  Resource 'train_CountVectorsFeaturizer3' was requested for reading.
2025-03-16 18:44:14,553 [DEBUG]  Node 'run_LanguageModelFeaturizer4' loading 'LanguageModelFeaturizer.load' and kwargs: '{}'.
2025-03-16 18:44:19,682 [DEBUG]  Loading Tokenizer and Model for bert
2025-03-16 18:44:19,689 [DEBUG]  Starting new HTTPS connection (1): huggingface.co:443
2025-03-16 18:44:19,873 [DEBUG]  https://huggingface.co:443 "HEAD /bert-base-cased/resolve/main/tokenizer_config.json HTTP/1.1" 200 0
2025-03-16 18:44:20,150 [DEBUG]  https://huggingface.co:443 "HEAD /bert-base-cased/resolve/main/config.json HTTP/1.1" 200 0
2025-03-16 18:44:25,953 [DEBUG]  Node 'run_DIETClassifier5' loading 'DIETClassifier.load' and kwargs: '{}'.
2025-03-16 18:44:25,953 [DEBUG]  Resource 'train_DIETClassifier5' was requested for reading.
2025-03-16 18:44:26,057 [DEBUG]  Loading the model from C:\Users\beuli\AppData\Local\Temp\tmpqbjp_wew\train_DIETClassifier5\DIETClassifier.tf_model with finetune_mode=False...
2025-03-16 18:44:26,103 [DEBUG]  You specified 'DIET' to train entities, but no entities are present in the training data. Skipping training of entities.
2025-03-16 18:44:26,163 [DEBUG]  Following metrics will be logged during training: 
2025-03-16 18:44:26,164 [DEBUG]    t_loss (total loss)
2025-03-16 18:44:26,165 [DEBUG]    i_acc (intent acc)
2025-03-16 18:44:26,167 [DEBUG]    i_loss (intent loss)
2025-03-16 18:44:43,989 [DEBUG]  Finished loading the model.
2025-03-16 18:44:44,012 [DEBUG]  Node 'run_EntitySynonymMapper6' loading 'EntitySynonymMapper.load' and kwargs: '{}'.
2025-03-16 18:44:44,013 [DEBUG]  Resource 'train_EntitySynonymMapper6' was requested for reading.
2025-03-16 18:44:44,014 [DEBUG]  Failed to load ABCMeta from model storage. Resource 'train_EntitySynonymMapper6' doesn't exist.
2025-03-16 18:44:44,014 [DEBUG]  Node 'run_ResponseSelector7' loading 'ResponseSelector.load' and kwargs: '{}'.
2025-03-16 18:44:44,015 [DEBUG]  Resource 'train_ResponseSelector7' was requested for reading.
2025-03-16 18:44:44,016 [DEBUG]  Failed to load ABCMeta from model storage. Resource 'train_ResponseSelector7' doesn't exist.
2025-03-16 18:44:44,016 [DEBUG]  Resource 'train_ResponseSelector7' was requested for reading.
2025-03-16 18:44:44,018 [DEBUG]  Failed to load ResponseSelector from model storage. Resource 'train_ResponseSelector7' doesn't exist.
2025-03-16 18:44:44,019 [DEBUG]  Node 'run_RegexMessageHandler' loading 'RegexMessageHandler.load' and kwargs: '{}'.
2025-03-16 18:44:44,019 [DEBUG]  Node 'domain_provider' loading 'DomainProvider.load' and kwargs: '{}'.
2025-03-16 18:44:44,020 [DEBUG]  Resource 'domain_provider' was requested for reading.
2025-03-16 18:44:44,088 [DEBUG]  Node 'run_MemoizationPolicy0' loading 'MemoizationPolicy.load' and kwargs: '{}'.
2025-03-16 18:44:44,089 [DEBUG]  Resource 'train_MemoizationPolicy0' was requested for reading.
2025-03-16 18:44:44,121 [DEBUG]  Node 'run_RulePolicy1' loading 'RulePolicy.load' and kwargs: '{}'.
2025-03-16 18:44:44,122 [DEBUG]  Resource 'train_RulePolicy1' was requested for reading.
2025-03-16 18:44:44,153 [DEBUG]  Node 'run_TEDPolicy2' loading 'TEDPolicy.load' and kwargs: '{}'.
2025-03-16 18:44:44,154 [DEBUG]  Resource 'train_TEDPolicy2' was requested for reading.
2025-03-16 18:44:44,340 [DEBUG]  Loading the model from C:\Users\beuli\AppData\Local\Temp\tmpqbjp_wew\train_TEDPolicy2\ted_policy.tf_model with finetune_mode=False...
2025-03-16 18:45:09,540 [DEBUG]  Finished loading the model.
2025-03-16 18:45:09,541 [DEBUG]  Node 'rule_only_data_provider' loading 'RuleOnlyDataProvider.load' and kwargs: '{}'.
2025-03-16 18:45:09,542 [DEBUG]  Resource 'train_RulePolicy1' was requested for reading.
2025-03-16 18:45:09,554 [DEBUG]  Node 'select_prediction' loading 'DefaultPolicyPredictionEnsemble.load' and kwargs: '{}'.
2025-03-16 18:45:09,567 [INFO ]  Rasa server is up and running.
2025-03-16 18:45:09,568 [INFO ]  Enabling coroutine debugging. Loop id 1304428686704.
2025-03-16 18:49:16,453 [DEBUG]  Issuing ticket for conversation 'PractikumStudent'.
2025-03-16 18:49:16,453 [DEBUG]  Acquiring lock for conversation 'PractikumStudent'.
2025-03-16 18:49:16,454 [DEBUG]  Acquired lock for conversation 'PractikumStudent'.
2025-03-16 18:49:16,454 [DEBUG]  Could not find tracker for conversation ID 'PractikumStudent'.
2025-03-16 18:49:16,455 [DEBUG]  No event broker configured. Skipping streaming events.
2025-03-16 18:49:16,456 [DEBUG]  Starting a new session for conversation ID 'PractikumStudent'.
2025-03-16 18:49:16,485 [DEBUG]  [[32m[1mdebug    [0m] [1mprocessor.actions.policy_prediction[0m [36mprediction_events[0m=[35m[][0m
2025-03-16 18:49:16,486 [DEBUG]  [[32m[1mdebug    [0m] [1mprocessor.actions.log         [0m [36maction_name[0m=[35maction_session_start[0m [36mrasa_events[0m=[35m[<rasa.shared.core.events.SessionStarted object at 0x0000012FDE296020>, ActionExecuted(action: action_listen, policy: None, confidence: None)][0m
2025-03-16 18:49:16,487 [DEBUG]  [[32m[1mdebug    [0m] [1mprocessor.slots.log           [0m [36mslot_values[0m=[35m	topic: None
	session_started_metadata: None[0m
2025-03-16 18:49:16,487 [DEBUG]  Running graph with inputs: {'__message__': [<rasa.core.channels.channel.UserMessage object at 0x0000012FDE295D20>], '__tracker__': <rasa.shared.core.trackers.DialogueStateTracker object at 0x0000012FDE297040>}, targets: ['run_RegexMessageHandler'] and ExecutionContext(model_id='0ad6871a0b5b4cd2be27ad5e72d67345', should_add_diagnostic_data=False, is_finetuning=False, node_name=None).
2025-03-16 18:49:16,488 [DEBUG]  Node 'nlu_message_converter' running 'NLUMessageConverter.convert_user_message'.
2025-03-16 18:49:16,489 [DEBUG]  Node 'run_WhitespaceTokenizer0' running 'WhitespaceTokenizer.process'.
2025-03-16 18:49:16,497 [DEBUG]  Node 'run_RegexFeaturizer1' running 'RegexFeaturizer.process'.
2025-03-16 18:49:16,498 [DEBUG]  Node 'run_LexicalSyntacticFeaturizer2' running 'LexicalSyntacticFeaturizer.process'.
2025-03-16 18:49:16,499 [DEBUG]  Node 'run_CountVectorsFeaturizer3' running 'CountVectorsFeaturizer.process'.
2025-03-16 18:49:16,505 [DEBUG]  Node 'run_LanguageModelFeaturizer4' running 'LanguageModelFeaturizer.process'.
2025-03-16 18:49:17,006 [DEBUG]  Node 'run_DIETClassifier5' running 'DIETClassifier.process'.
2025-03-16 18:49:17,365 [DEBUG]  Node 'run_EntitySynonymMapper6' running 'EntitySynonymMapper.process'.
2025-03-16 18:49:17,366 [DEBUG]  Node 'run_ResponseSelector7' running 'ResponseSelector.process'.
2025-03-16 18:49:17,366 [DEBUG]  There is no trained model for 'ResponseSelector': The component is either not trained or didn't receive enough training data.
2025-03-16 18:49:17,367 [DEBUG]  Adding following selector key to message property: default
2025-03-16 18:49:17,368 [DEBUG]  Node 'domain_provider' running 'DomainProvider.provide_inference'.
2025-03-16 18:49:17,369 [DEBUG]  Node 'run_RegexMessageHandler' running 'RegexMessageHandler.process'.
2025-03-16 18:49:17,370 [DEBUG]  [[32m[1mdebug    [0m] [1mprocessor.message.parse       [0m [36mparse_data_entities[0m=[35m[][0m [36mparse_data_intent[0m=[35m{'name': 'deny', 'confidence': 0.31962862610816956}[0m [36mparse_data_text[0m=[35mпривет[0m
2025-03-16 18:49:17,372 [DEBUG]  Logged UserUtterance - tracker now has 4 events.
2025-03-16 18:49:17,385 [DEBUG]  Validating extracted slots: topic
2025-03-16 18:49:17,386 [DEBUG]  [[32m[1mdebug    [0m] [1mprocessor.extract.slots       [0m [36maction_extract_slot[0m=[35maction_extract_slots[0m [36mlen_extraction_events[0m=[35m1[0m [36mrasa_events[0m=[35m[SlotSet(key: topic, value: привет)][0m
2025-03-16 18:49:17,388 [DEBUG]  Running graph with inputs: {'__tracker__': <rasa.shared.core.trackers.DialogueStateTracker object at 0x0000012FDE297040>}, targets: ['select_prediction'] and ExecutionContext(model_id='0ad6871a0b5b4cd2be27ad5e72d67345', should_add_diagnostic_data=False, is_finetuning=False, node_name=None).
2025-03-16 18:49:17,389 [DEBUG]  Node 'rule_only_data_provider' running 'RuleOnlyDataProvider.provide'.
2025-03-16 18:49:17,389 [DEBUG]  Node 'domain_provider' running 'DomainProvider.provide_inference'.
2025-03-16 18:49:17,390 [DEBUG]  Node 'run_MemoizationPolicy0' running 'MemoizationPolicy.predict_action_probabilities'.
2025-03-16 18:49:17,392 [DEBUG]  [[32m[1mdebug    [0m] [1mmemoization.predict.actions   [0m [36mtracker_states[0m=[35m[{}, {'user': {'intent': 'deny'}, 'prev_action': {'action_name': 'action_listen'}}][0m
2025-03-16 18:49:17,395 [DEBUG]  There is no memorised next action
2025-03-16 18:49:17,395 [DEBUG]  Node 'run_RulePolicy1' running 'RulePolicy.predict_action_probabilities'.
2025-03-16 18:49:17,397 [DEBUG]  [[32m[1mdebug    [0m] [1mrule_policy.actions.find      [0m [36mcurrent_states[0m=[35m
[state 1] user text: привет | previous action name: action_listen[0m
2025-03-16 18:49:17,398 [DEBUG]  There is no applicable rule.
2025-03-16 18:49:17,399 [DEBUG]  [[32m[1mdebug    [0m] [1mrule_policy.actions.find      [0m [36mcurrent_states[0m=[35m
[state 1] user intent: deny | previous action name: action_listen[0m
2025-03-16 18:49:17,400 [DEBUG]  There is no applicable rule.
2025-03-16 18:49:17,401 [DEBUG]  Node 'run_TEDPolicy2' running 'TEDPolicy.predict_action_probabilities'.
2025-03-16 18:49:17,410 [DEBUG]  TED predicted 'utter_goodbye' based on user intent.
2025-03-16 18:49:17,412 [DEBUG]  Node 'select_prediction' running 'DefaultPolicyPredictionEnsemble.combine_predictions_from_kwargs'.
2025-03-16 18:49:17,412 [DEBUG]  Made prediction using user intent.
2025-03-16 18:49:17,413 [DEBUG]  Added `DefinePrevUserUtteredFeaturization(False)` event.
2025-03-16 18:49:17,414 [DEBUG]  Predicted next action using RulePolicy.
2025-03-16 18:49:17,415 [DEBUG]  Predicted next action 'action_default_fallback' with confidence 0.30.
2025-03-16 18:49:17,416 [DEBUG]  [[32m[1mdebug    [0m] [1mprocessor.actions.policy_prediction[0m [36mprediction_events[0m=[35m[<rasa.shared.core.events.DefinePrevUserUtteredFeaturization object at 0x0000012FDE2FE500>][0m
2025-03-16 18:49:17,417 [DEBUG]  [[32m[1mdebug    [0m] [1mprocessor.actions.log         [0m [36maction_name[0m=[35maction_default_fallback[0m [36mrasa_events[0m=[35m[<rasa.shared.core.events.UserUtteranceReverted object at 0x0000012FDE2FDF90>][0m
2025-03-16 18:49:17,418 [DEBUG]  [[32m[1mdebug    [0m] [1mprocessor.slots.log           [0m [36mslot_values[0m=[35m	topic: None
	session_started_metadata: None[0m
2025-03-16 18:49:17,419 [DEBUG]  Predicted next action 'action_listen' with confidence 1.00.
2025-03-16 18:49:17,420 [DEBUG]  [[32m[1mdebug    [0m] [1mprocessor.actions.policy_prediction[0m [36mprediction_events[0m=[35m[][0m
2025-03-16 18:49:17,421 [DEBUG]  [[32m[1mdebug    [0m] [1mprocessor.actions.log         [0m [36maction_name[0m=[35maction_listen[0m [36mrasa_events[0m=[35m[][0m
2025-03-16 18:49:17,422 [DEBUG]  No event broker configured. Skipping streaming events.
2025-03-16 18:49:17,423 [DEBUG]  Deleted lock for conversation 'PractikumStudent'.
2025-03-16 18:55:07,724 [DEBUG]  Issuing ticket for conversation 'PractikumStudent'.
2025-03-16 18:55:07,725 [DEBUG]  Acquiring lock for conversation 'PractikumStudent'.
2025-03-16 18:55:07,726 [DEBUG]  Acquired lock for conversation 'PractikumStudent'.
2025-03-16 18:55:07,726 [DEBUG]  Recreating tracker for id 'PractikumStudent'
2025-03-16 18:55:07,729 [DEBUG]  Running graph with inputs: {'__message__': [<rasa.core.channels.channel.UserMessage object at 0x0000012FDE2FE500>], '__tracker__': <rasa.shared.core.trackers.DialogueStateTracker object at 0x0000012FDE2FC100>}, targets: ['run_RegexMessageHandler'] and ExecutionContext(model_id='0ad6871a0b5b4cd2be27ad5e72d67345', should_add_diagnostic_data=False, is_finetuning=False, node_name=None).
2025-03-16 18:55:07,731 [DEBUG]  Node 'nlu_message_converter' running 'NLUMessageConverter.convert_user_message'.
2025-03-16 18:55:07,732 [DEBUG]  Node 'run_WhitespaceTokenizer0' running 'WhitespaceTokenizer.process'.
2025-03-16 18:55:07,733 [DEBUG]  Node 'run_RegexFeaturizer1' running 'RegexFeaturizer.process'.
2025-03-16 18:55:07,734 [DEBUG]  Node 'run_LexicalSyntacticFeaturizer2' running 'LexicalSyntacticFeaturizer.process'.
2025-03-16 18:55:07,735 [DEBUG]  Node 'run_CountVectorsFeaturizer3' running 'CountVectorsFeaturizer.process'.
2025-03-16 18:55:07,738 [DEBUG]  Node 'run_LanguageModelFeaturizer4' running 'LanguageModelFeaturizer.process'.
2025-03-16 18:55:08,112 [DEBUG]  Node 'run_DIETClassifier5' running 'DIETClassifier.process'.
2025-03-16 18:55:08,120 [DEBUG]  Node 'run_EntitySynonymMapper6' running 'EntitySynonymMapper.process'.
2025-03-16 18:55:08,121 [DEBUG]  Node 'run_ResponseSelector7' running 'ResponseSelector.process'.
2025-03-16 18:55:08,122 [DEBUG]  There is no trained model for 'ResponseSelector': The component is either not trained or didn't receive enough training data.
2025-03-16 18:55:08,122 [DEBUG]  Adding following selector key to message property: default
2025-03-16 18:55:08,123 [DEBUG]  Node 'domain_provider' running 'DomainProvider.provide_inference'.
2025-03-16 18:55:08,124 [DEBUG]  Node 'run_RegexMessageHandler' running 'RegexMessageHandler.process'.
2025-03-16 18:55:08,125 [DEBUG]  [[32m[1mdebug    [0m] [1mprocessor.message.parse       [0m [36mparse_data_entities[0m=[35m[][0m [36mparse_data_intent[0m=[35m{'name': 'deny', 'confidence': 0.33988702297210693}[0m [36mparse_data_text[0m=[35mghbdtn[0m
2025-03-16 18:55:08,127 [DEBUG]  Logged UserUtterance - tracker now has 10 events.
2025-03-16 18:55:08,128 [DEBUG]  Validating extracted slots: topic
2025-03-16 18:55:08,130 [DEBUG]  [[32m[1mdebug    [0m] [1mprocessor.extract.slots       [0m [36maction_extract_slot[0m=[35maction_extract_slots[0m [36mlen_extraction_events[0m=[35m1[0m [36mrasa_events[0m=[35m[SlotSet(key: topic, value: ghbdtn)][0m
2025-03-16 18:55:08,131 [DEBUG]  Running graph with inputs: {'__tracker__': <rasa.shared.core.trackers.DialogueStateTracker object at 0x0000012FDE2FC100>}, targets: ['select_prediction'] and ExecutionContext(model_id='0ad6871a0b5b4cd2be27ad5e72d67345', should_add_diagnostic_data=False, is_finetuning=False, node_name=None).
2025-03-16 18:55:08,132 [DEBUG]  Node 'rule_only_data_provider' running 'RuleOnlyDataProvider.provide'.
2025-03-16 18:55:08,133 [DEBUG]  Node 'domain_provider' running 'DomainProvider.provide_inference'.
2025-03-16 18:55:08,134 [DEBUG]  Node 'run_MemoizationPolicy0' running 'MemoizationPolicy.predict_action_probabilities'.
2025-03-16 18:55:08,135 [DEBUG]  [[32m[1mdebug    [0m] [1mmemoization.predict.actions   [0m [36mtracker_states[0m=[35m[{}, {'user': {'intent': 'deny'}, 'prev_action': {'action_name': 'action_listen'}}][0m
2025-03-16 18:55:08,136 [DEBUG]  There is no memorised next action
2025-03-16 18:55:08,137 [DEBUG]  Node 'run_RulePolicy1' running 'RulePolicy.predict_action_probabilities'.
2025-03-16 18:55:08,138 [DEBUG]  [[32m[1mdebug    [0m] [1mrule_policy.actions.find      [0m [36mcurrent_states[0m=[35m
[state 1] user text: ghbdtn | previous action name: action_listen[0m
2025-03-16 18:55:08,139 [DEBUG]  There is no applicable rule.
2025-03-16 18:55:08,140 [DEBUG]  [[32m[1mdebug    [0m] [1mrule_policy.actions.find      [0m [36mcurrent_states[0m=[35m
[state 1] user intent: deny | previous action name: action_listen[0m
2025-03-16 18:55:08,141 [DEBUG]  There is no applicable rule.
2025-03-16 18:55:08,142 [DEBUG]  Node 'run_TEDPolicy2' running 'TEDPolicy.predict_action_probabilities'.
2025-03-16 18:55:08,150 [DEBUG]  TED predicted 'utter_goodbye' based on user intent.
2025-03-16 18:55:08,151 [DEBUG]  Node 'select_prediction' running 'DefaultPolicyPredictionEnsemble.combine_predictions_from_kwargs'.
2025-03-16 18:55:08,152 [DEBUG]  Made prediction using user intent.
2025-03-16 18:55:08,152 [DEBUG]  Added `DefinePrevUserUtteredFeaturization(False)` event.
2025-03-16 18:55:08,153 [DEBUG]  Predicted next action using RulePolicy.
2025-03-16 18:55:08,154 [DEBUG]  Predicted next action 'action_default_fallback' with confidence 0.30.
2025-03-16 18:55:08,155 [DEBUG]  [[32m[1mdebug    [0m] [1mprocessor.actions.policy_prediction[0m [36mprediction_events[0m=[35m[<rasa.shared.core.events.DefinePrevUserUtteredFeaturization object at 0x0000012FE0D07F40>][0m
2025-03-16 18:55:08,156 [DEBUG]  [[32m[1mdebug    [0m] [1mprocessor.actions.log         [0m [36maction_name[0m=[35maction_default_fallback[0m [36mrasa_events[0m=[35m[<rasa.shared.core.events.UserUtteranceReverted object at 0x0000012FE0D07AC0>][0m
2025-03-16 18:55:08,160 [DEBUG]  [[32m[1mdebug    [0m] [1mprocessor.slots.log           [0m [36mslot_values[0m=[35m	topic: None
	session_started_metadata: None[0m
2025-03-16 18:55:08,161 [DEBUG]  Predicted next action 'action_listen' with confidence 1.00.
2025-03-16 18:55:08,162 [DEBUG]  [[32m[1mdebug    [0m] [1mprocessor.actions.policy_prediction[0m [36mprediction_events[0m=[35m[][0m
2025-03-16 18:55:08,163 [DEBUG]  [[32m[1mdebug    [0m] [1mprocessor.actions.log         [0m [36maction_name[0m=[35maction_listen[0m [36mrasa_events[0m=[35m[][0m
2025-03-16 18:55:08,164 [DEBUG]  No event broker configured. Skipping streaming events.
2025-03-16 18:55:08,165 [DEBUG]  Deleted lock for conversation 'PractikumStudent'.
2025-03-16 18:55:23,530 [DEBUG]  Issuing ticket for conversation 'PractikumStudent'.
2025-03-16 18:55:23,531 [DEBUG]  Acquiring lock for conversation 'PractikumStudent'.
2025-03-16 18:55:23,531 [DEBUG]  Acquired lock for conversation 'PractikumStudent'.
2025-03-16 18:55:23,532 [DEBUG]  Recreating tracker for id 'PractikumStudent'
2025-03-16 18:55:23,535 [DEBUG]  Running graph with inputs: {'__message__': [<rasa.core.channels.channel.UserMessage object at 0x0000012FE0D045E0>], '__tracker__': <rasa.shared.core.trackers.DialogueStateTracker object at 0x0000012FE0D06EF0>}, targets: ['run_RegexMessageHandler'] and ExecutionContext(model_id='0ad6871a0b5b4cd2be27ad5e72d67345', should_add_diagnostic_data=False, is_finetuning=False, node_name=None).
2025-03-16 18:55:23,536 [DEBUG]  Node 'nlu_message_converter' running 'NLUMessageConverter.convert_user_message'.
2025-03-16 18:55:23,537 [DEBUG]  Node 'run_WhitespaceTokenizer0' running 'WhitespaceTokenizer.process'.
2025-03-16 18:55:23,538 [DEBUG]  Node 'run_RegexFeaturizer1' running 'RegexFeaturizer.process'.
2025-03-16 18:55:23,539 [DEBUG]  Node 'run_LexicalSyntacticFeaturizer2' running 'LexicalSyntacticFeaturizer.process'.
2025-03-16 18:55:23,540 [DEBUG]  Node 'run_CountVectorsFeaturizer3' running 'CountVectorsFeaturizer.process'.
2025-03-16 18:55:23,542 [DEBUG]  Node 'run_LanguageModelFeaturizer4' running 'LanguageModelFeaturizer.process'.
2025-03-16 18:55:23,920 [DEBUG]  Node 'run_DIETClassifier5' running 'DIETClassifier.process'.
2025-03-16 18:55:23,928 [DEBUG]  Node 'run_EntitySynonymMapper6' running 'EntitySynonymMapper.process'.
2025-03-16 18:55:23,928 [DEBUG]  Node 'run_ResponseSelector7' running 'ResponseSelector.process'.
2025-03-16 18:55:23,929 [DEBUG]  There is no trained model for 'ResponseSelector': The component is either not trained or didn't receive enough training data.
2025-03-16 18:55:23,930 [DEBUG]  Adding following selector key to message property: default
2025-03-16 18:55:23,931 [DEBUG]  Node 'domain_provider' running 'DomainProvider.provide_inference'.
2025-03-16 18:55:23,932 [DEBUG]  Node 'run_RegexMessageHandler' running 'RegexMessageHandler.process'.
2025-03-16 18:55:23,932 [DEBUG]  [[32m[1mdebug    [0m] [1mprocessor.message.parse       [0m [36mparse_data_entities[0m=[35m[][0m [36mparse_data_intent[0m=[35m{'name': 'deny', 'confidence': 0.31962862610816956}[0m [36mparse_data_text[0m=[35mпривет[0m
2025-03-16 18:55:23,934 [DEBUG]  Logged UserUtterance - tracker now has 16 events.
2025-03-16 18:55:23,935 [DEBUG]  Validating extracted slots: topic
2025-03-16 18:55:23,936 [DEBUG]  [[32m[1mdebug    [0m] [1mprocessor.extract.slots       [0m [36maction_extract_slot[0m=[35maction_extract_slots[0m [36mlen_extraction_events[0m=[35m1[0m [36mrasa_events[0m=[35m[SlotSet(key: topic, value: привет)][0m
2025-03-16 18:55:23,938 [DEBUG]  Running graph with inputs: {'__tracker__': <rasa.shared.core.trackers.DialogueStateTracker object at 0x0000012FE0D06EF0>}, targets: ['select_prediction'] and ExecutionContext(model_id='0ad6871a0b5b4cd2be27ad5e72d67345', should_add_diagnostic_data=False, is_finetuning=False, node_name=None).
2025-03-16 18:55:23,939 [DEBUG]  Node 'rule_only_data_provider' running 'RuleOnlyDataProvider.provide'.
2025-03-16 18:55:23,940 [DEBUG]  Node 'domain_provider' running 'DomainProvider.provide_inference'.
2025-03-16 18:55:23,940 [DEBUG]  Node 'run_MemoizationPolicy0' running 'MemoizationPolicy.predict_action_probabilities'.
2025-03-16 18:55:23,942 [DEBUG]  [[32m[1mdebug    [0m] [1mmemoization.predict.actions   [0m [36mtracker_states[0m=[35m[{}, {'user': {'intent': 'deny'}, 'prev_action': {'action_name': 'action_listen'}}][0m
2025-03-16 18:55:23,943 [DEBUG]  There is no memorised next action
2025-03-16 18:55:23,944 [DEBUG]  Node 'run_RulePolicy1' running 'RulePolicy.predict_action_probabilities'.
2025-03-16 18:55:23,945 [DEBUG]  [[32m[1mdebug    [0m] [1mrule_policy.actions.find      [0m [36mcurrent_states[0m=[35m
[state 1] user text: привет | previous action name: action_listen[0m
2025-03-16 18:55:23,946 [DEBUG]  There is no applicable rule.
2025-03-16 18:55:23,947 [DEBUG]  [[32m[1mdebug    [0m] [1mrule_policy.actions.find      [0m [36mcurrent_states[0m=[35m
[state 1] user intent: deny | previous action name: action_listen[0m
2025-03-16 18:55:23,948 [DEBUG]  There is no applicable rule.
2025-03-16 18:55:23,949 [DEBUG]  Node 'run_TEDPolicy2' running 'TEDPolicy.predict_action_probabilities'.
2025-03-16 18:55:23,956 [DEBUG]  TED predicted 'utter_goodbye' based on user intent.
2025-03-16 18:55:23,957 [DEBUG]  Node 'select_prediction' running 'DefaultPolicyPredictionEnsemble.combine_predictions_from_kwargs'.
2025-03-16 18:55:23,958 [DEBUG]  Made prediction using user intent.
2025-03-16 18:55:23,959 [DEBUG]  Added `DefinePrevUserUtteredFeaturization(False)` event.
2025-03-16 18:55:23,959 [DEBUG]  Predicted next action using RulePolicy.
2025-03-16 18:55:23,960 [DEBUG]  Predicted next action 'action_default_fallback' with confidence 0.30.
2025-03-16 18:55:23,962 [DEBUG]  [[32m[1mdebug    [0m] [1mprocessor.actions.policy_prediction[0m [36mprediction_events[0m=[35m[<rasa.shared.core.events.DefinePrevUserUtteredFeaturization object at 0x0000012FDE2FE4A0>][0m
2025-03-16 18:55:23,963 [DEBUG]  [[32m[1mdebug    [0m] [1mprocessor.actions.log         [0m [36maction_name[0m=[35maction_default_fallback[0m [36mrasa_events[0m=[35m[<rasa.shared.core.events.UserUtteranceReverted object at 0x0000012FDE2FFE80>][0m
2025-03-16 18:55:23,964 [DEBUG]  [[32m[1mdebug    [0m] [1mprocessor.slots.log           [0m [36mslot_values[0m=[35m	topic: None
	session_started_metadata: None[0m
2025-03-16 18:55:23,966 [DEBUG]  Predicted next action 'action_listen' with confidence 1.00.
2025-03-16 18:55:23,968 [DEBUG]  [[32m[1mdebug    [0m] [1mprocessor.actions.policy_prediction[0m [36mprediction_events[0m=[35m[][0m
2025-03-16 18:55:23,970 [DEBUG]  [[32m[1mdebug    [0m] [1mprocessor.actions.log         [0m [36maction_name[0m=[35maction_listen[0m [36mrasa_events[0m=[35m[][0m
2025-03-16 18:55:23,971 [DEBUG]  No event broker configured. Skipping streaming events.
2025-03-16 18:55:23,972 [DEBUG]  Deleted lock for conversation 'PractikumStudent'.
2025-03-16 18:56:35,412 [DEBUG]  Available web server routes: 
/conversations/<conversation_id:path>/messages     POST                           add_message
/conversations/<conversation_id:path>/tracker/events POST                           append_events
/webhooks/rasa                                     GET                            custom_webhook_RasaChatInput.health
/webhooks/rasa/webhook                             POST                           custom_webhook_RasaChatInput.receive
/webhooks/rest                                     GET                            custom_webhook_RestInput.health
/webhooks/rest/webhook                             POST                           custom_webhook_RestInput.receive
/model/test/intents                                POST                           evaluate_intents
/model/test/stories                                POST                           evaluate_stories
/conversations/<conversation_id:path>/execute      POST                           execute_action
/domain                                            GET                            get_domain
/                                                  GET                            hello
/model                                             PUT                            load_model
/model/parse                                       POST                           parse
/conversations/<conversation_id:path>/predict      POST                           predict
/conversations/<conversation_id:path>/tracker/events PUT                            replace_events
/conversations/<conversation_id:path>/story        GET                            retrieve_story
/conversations/<conversation_id:path>/tracker      GET                            retrieve_tracker
/status                                            GET                            status
/model/predict                                     POST                           tracker_predict
/model/train                                       POST                           train
/conversations/<conversation_id:path>/trigger_intent POST                           trigger_intent
/model                                             DELETE                         unload_model
/version                                           GET                            version
2025-03-16 18:56:35,419 [INFO ]  Starting Rasa server on http://0.0.0.0:5005
2025-03-16 18:56:35,421 [DEBUG]  Using the default number of Sanic workers (1).
2025-03-16 18:56:35,879 [DEBUG]  Skipping telemetry reporting: no license hash found.
2025-03-16 18:56:35,983 [DEBUG]  Connected to InMemoryTrackerStore.
2025-03-16 18:56:35,984 [DEBUG]  Connected to lock store 'InMemoryLockStore'.
2025-03-16 18:56:35,985 [DEBUG]  Instantiated NLG to 'TemplatedNaturalLanguageGenerator'.
2025-03-16 18:56:35,987 [INFO ]  Loading model models\20250316-185309-angry-merlot.tar.gz...
2025-03-16 18:56:36,185 [DEBUG]  Extracted model to 'C:\Users\beuli\AppData\Local\Temp\tmppxsk4qla'.
2025-03-16 18:56:36,241 [DEBUG]  Node 'nlu_message_converter' loading 'NLUMessageConverter.load' and kwargs: '{}'.
2025-03-16 18:56:36,241 [DEBUG]  Node 'run_WhitespaceTokenizer0' loading 'WhitespaceTokenizer.load' and kwargs: '{}'.
2025-03-16 18:56:36,247 [DEBUG]  Node 'run_RegexFeaturizer1' loading 'RegexFeaturizer.load' and kwargs: '{}'.
2025-03-16 18:56:36,247 [DEBUG]  Resource 'train_RegexFeaturizer1' was requested for reading.
2025-03-16 18:56:36,249 [DEBUG]  Node 'run_LexicalSyntacticFeaturizer2' loading 'LexicalSyntacticFeaturizer.load' and kwargs: '{}'.
2025-03-16 18:56:36,250 [DEBUG]  Resource 'train_LexicalSyntacticFeaturizer2' was requested for reading.
2025-03-16 18:56:36,253 [DEBUG]  Node 'run_CountVectorsFeaturizer3' loading 'CountVectorsFeaturizer.load' and kwargs: '{}'.
2025-03-16 18:56:36,253 [DEBUG]  Resource 'train_CountVectorsFeaturizer3' was requested for reading.
2025-03-16 18:56:36,257 [DEBUG]  Node 'run_LanguageModelFeaturizer4' loading 'LanguageModelFeaturizer.load' and kwargs: '{}'.
2025-03-16 18:56:38,853 [DEBUG]  Loading Tokenizer and Model for bert
2025-03-16 18:56:38,857 [DEBUG]  Starting new HTTPS connection (1): huggingface.co:443
2025-03-16 18:56:39,223 [DEBUG]  https://huggingface.co:443 "HEAD /bert-base-cased/resolve/main/tokenizer_config.json HTTP/1.1" 200 0
2025-03-16 18:56:39,415 [DEBUG]  https://huggingface.co:443 "HEAD /bert-base-cased/resolve/main/config.json HTTP/1.1" 200 0
2025-03-16 18:56:49,270 [DEBUG]  Node 'run_DIETClassifier5' loading 'DIETClassifier.load' and kwargs: '{}'.
2025-03-16 18:56:49,272 [DEBUG]  Resource 'train_DIETClassifier5' was requested for reading.
2025-03-16 18:56:49,311 [DEBUG]  Loading the model from C:\Users\beuli\AppData\Local\Temp\tmpkn8776as\train_DIETClassifier5\DIETClassifier.tf_model with finetune_mode=False...
2025-03-16 18:56:49,523 [DEBUG]  You specified 'DIET' to train entities, but no entities are present in the training data. Skipping training of entities.
2025-03-16 18:56:49,581 [DEBUG]  Following metrics will be logged during training: 
2025-03-16 18:56:49,582 [DEBUG]    t_loss (total loss)
2025-03-16 18:56:49,582 [DEBUG]    i_acc (intent acc)
2025-03-16 18:56:49,583 [DEBUG]    i_loss (intent loss)
2025-03-16 18:57:06,774 [DEBUG]  Finished loading the model.
2025-03-16 18:57:06,780 [DEBUG]  Node 'run_EntitySynonymMapper6' loading 'EntitySynonymMapper.load' and kwargs: '{}'.
2025-03-16 18:57:06,781 [DEBUG]  Resource 'train_EntitySynonymMapper6' was requested for reading.
2025-03-16 18:57:06,782 [DEBUG]  Failed to load ABCMeta from model storage. Resource 'train_EntitySynonymMapper6' doesn't exist.
2025-03-16 18:57:06,783 [DEBUG]  Node 'run_ResponseSelector7' loading 'ResponseSelector.load' and kwargs: '{}'.
2025-03-16 18:57:06,783 [DEBUG]  Resource 'train_ResponseSelector7' was requested for reading.
2025-03-16 18:57:06,784 [DEBUG]  Failed to load ABCMeta from model storage. Resource 'train_ResponseSelector7' doesn't exist.
2025-03-16 18:57:06,785 [DEBUG]  Resource 'train_ResponseSelector7' was requested for reading.
2025-03-16 18:57:06,786 [DEBUG]  Failed to load ResponseSelector from model storage. Resource 'train_ResponseSelector7' doesn't exist.
2025-03-16 18:57:06,787 [DEBUG]  Node 'run_RegexMessageHandler' loading 'RegexMessageHandler.load' and kwargs: '{}'.
2025-03-16 18:57:06,788 [DEBUG]  Node 'domain_provider' loading 'DomainProvider.load' and kwargs: '{}'.
2025-03-16 18:57:06,788 [DEBUG]  Resource 'domain_provider' was requested for reading.
2025-03-16 18:57:06,843 [DEBUG]  Node 'run_MemoizationPolicy0' loading 'MemoizationPolicy.load' and kwargs: '{}'.
2025-03-16 18:57:06,844 [DEBUG]  Resource 'train_MemoizationPolicy0' was requested for reading.
2025-03-16 18:57:06,849 [DEBUG]  Node 'run_RulePolicy1' loading 'RulePolicy.load' and kwargs: '{}'.
2025-03-16 18:57:06,850 [DEBUG]  Resource 'train_RulePolicy1' was requested for reading.
2025-03-16 18:57:06,856 [DEBUG]  Node 'run_TEDPolicy2' loading 'TEDPolicy.load' and kwargs: '{}'.
2025-03-16 18:57:06,857 [DEBUG]  Resource 'train_TEDPolicy2' was requested for reading.
2025-03-16 18:57:06,893 [DEBUG]  Loading the model from C:\Users\beuli\AppData\Local\Temp\tmpkn8776as\train_TEDPolicy2\ted_policy.tf_model with finetune_mode=False...
2025-03-16 18:57:30,712 [DEBUG]  Finished loading the model.
2025-03-16 18:57:30,713 [DEBUG]  Node 'rule_only_data_provider' loading 'RuleOnlyDataProvider.load' and kwargs: '{}'.
2025-03-16 18:57:30,714 [DEBUG]  Resource 'train_RulePolicy1' was requested for reading.
2025-03-16 18:57:30,720 [DEBUG]  Node 'select_prediction' loading 'DefaultPolicyPredictionEnsemble.load' and kwargs: '{}'.
2025-03-16 18:57:30,746 [INFO ]  Rasa server is up and running.
2025-03-16 18:57:30,751 [ERROR]  Unable to start server
Traceback (most recent call last):
  File "c:\Git\architecture-sprint-5\.venv\lib\site-packages\sanic\server\runners.py", line 133, in serve
    http_server = loop.run_until_complete(server_coroutine)
  File "C:\Program Files\WindowsApps\PythonSoftwareFoundation.Python.3.10_3.10.3056.0_x64__qbz5n2kfra8p0\lib\asyncio\base_events.py", line 649, in run_until_complete
    return future.result()
  File "C:\Program Files\WindowsApps\PythonSoftwareFoundation.Python.3.10_3.10.3056.0_x64__qbz5n2kfra8p0\lib\asyncio\base_events.py", line 1519, in create_server
    raise OSError(err.errno, 'error while attempting '
OSError: [Errno 10048] error while attempting to bind on address ('0.0.0.0', 5005): only one usage of each socket address (protocol/network address/port) is normally permitted
2025-03-16 19:01:18,901 [DEBUG]  Available web server routes: 
/conversations/<conversation_id:path>/messages     POST                           add_message
/conversations/<conversation_id:path>/tracker/events POST                           append_events
/webhooks/rasa                                     GET                            custom_webhook_RasaChatInput.health
/webhooks/rasa/webhook                             POST                           custom_webhook_RasaChatInput.receive
/webhooks/rest                                     GET                            custom_webhook_RestInput.health
/webhooks/rest/webhook                             POST                           custom_webhook_RestInput.receive
/model/test/intents                                POST                           evaluate_intents
/model/test/stories                                POST                           evaluate_stories
/conversations/<conversation_id:path>/execute      POST                           execute_action
/domain                                            GET                            get_domain
/                                                  GET                            hello
/model                                             PUT                            load_model
/model/parse                                       POST                           parse
/conversations/<conversation_id:path>/predict      POST                           predict
/conversations/<conversation_id:path>/tracker/events PUT                            replace_events
/conversations/<conversation_id:path>/story        GET                            retrieve_story
/conversations/<conversation_id:path>/tracker      GET                            retrieve_tracker
/status                                            GET                            status
/model/predict                                     POST                           tracker_predict
/model/train                                       POST                           train
/conversations/<conversation_id:path>/trigger_intent POST                           trigger_intent
/model                                             DELETE                         unload_model
/version                                           GET                            version
2025-03-16 19:01:18,907 [INFO ]  Starting Rasa server on http://0.0.0.0:5005
2025-03-16 19:01:18,908 [DEBUG]  Using the default number of Sanic workers (1).
2025-03-16 19:01:19,328 [DEBUG]  Skipping telemetry reporting: no license hash found.
2025-03-16 19:01:19,407 [DEBUG]  Connected to InMemoryTrackerStore.
2025-03-16 19:01:19,408 [DEBUG]  Connected to lock store 'InMemoryLockStore'.
2025-03-16 19:01:19,409 [DEBUG]  Instantiated NLG to 'TemplatedNaturalLanguageGenerator'.
2025-03-16 19:01:19,410 [INFO ]  Loading model models\20250316-185309-angry-merlot.tar.gz...
2025-03-16 19:01:19,606 [DEBUG]  Extracted model to 'C:\Users\beuli\AppData\Local\Temp\tmphb6bnfqb'.
2025-03-16 19:01:19,658 [DEBUG]  Node 'nlu_message_converter' loading 'NLUMessageConverter.load' and kwargs: '{}'.
2025-03-16 19:01:19,659 [DEBUG]  Node 'run_WhitespaceTokenizer0' loading 'WhitespaceTokenizer.load' and kwargs: '{}'.
2025-03-16 19:01:19,666 [DEBUG]  Node 'run_RegexFeaturizer1' loading 'RegexFeaturizer.load' and kwargs: '{}'.
2025-03-16 19:01:19,666 [DEBUG]  Resource 'train_RegexFeaturizer1' was requested for reading.
2025-03-16 19:01:19,667 [DEBUG]  Node 'run_LexicalSyntacticFeaturizer2' loading 'LexicalSyntacticFeaturizer.load' and kwargs: '{}'.
2025-03-16 19:01:19,668 [DEBUG]  Resource 'train_LexicalSyntacticFeaturizer2' was requested for reading.
2025-03-16 19:01:19,671 [DEBUG]  Node 'run_CountVectorsFeaturizer3' loading 'CountVectorsFeaturizer.load' and kwargs: '{}'.
2025-03-16 19:01:19,672 [DEBUG]  Resource 'train_CountVectorsFeaturizer3' was requested for reading.
2025-03-16 19:01:19,675 [DEBUG]  Node 'run_LanguageModelFeaturizer4' loading 'LanguageModelFeaturizer.load' and kwargs: '{}'.
2025-03-16 19:01:22,215 [DEBUG]  Loading Tokenizer and Model for bert
2025-03-16 19:01:22,220 [DEBUG]  Starting new HTTPS connection (1): huggingface.co:443
2025-03-16 19:01:22,400 [DEBUG]  https://huggingface.co:443 "HEAD /bert-base-cased/resolve/main/tokenizer_config.json HTTP/1.1" 200 0
2025-03-16 19:01:22,578 [DEBUG]  https://huggingface.co:443 "HEAD /bert-base-cased/resolve/main/config.json HTTP/1.1" 200 0
2025-03-16 19:01:27,150 [DEBUG]  Node 'run_DIETClassifier5' loading 'DIETClassifier.load' and kwargs: '{}'.
2025-03-16 19:01:27,151 [DEBUG]  Resource 'train_DIETClassifier5' was requested for reading.
2025-03-16 19:01:27,180 [DEBUG]  Loading the model from C:\Users\beuli\AppData\Local\Temp\tmpqfh7w_ab\train_DIETClassifier5\DIETClassifier.tf_model with finetune_mode=False...
2025-03-16 19:01:27,231 [DEBUG]  You specified 'DIET' to train entities, but no entities are present in the training data. Skipping training of entities.
2025-03-16 19:01:27,290 [DEBUG]  Following metrics will be logged during training: 
2025-03-16 19:01:27,290 [DEBUG]    t_loss (total loss)
2025-03-16 19:01:27,290 [DEBUG]    i_acc (intent acc)
2025-03-16 19:01:27,291 [DEBUG]    i_loss (intent loss)
2025-03-16 19:01:43,729 [DEBUG]  Finished loading the model.
2025-03-16 19:01:43,734 [DEBUG]  Node 'run_EntitySynonymMapper6' loading 'EntitySynonymMapper.load' and kwargs: '{}'.
2025-03-16 19:01:43,735 [DEBUG]  Resource 'train_EntitySynonymMapper6' was requested for reading.
2025-03-16 19:01:43,736 [DEBUG]  Failed to load ABCMeta from model storage. Resource 'train_EntitySynonymMapper6' doesn't exist.
2025-03-16 19:01:43,737 [DEBUG]  Node 'run_ResponseSelector7' loading 'ResponseSelector.load' and kwargs: '{}'.
2025-03-16 19:01:43,738 [DEBUG]  Resource 'train_ResponseSelector7' was requested for reading.
2025-03-16 19:01:43,738 [DEBUG]  Failed to load ABCMeta from model storage. Resource 'train_ResponseSelector7' doesn't exist.
2025-03-16 19:01:43,739 [DEBUG]  Resource 'train_ResponseSelector7' was requested for reading.
2025-03-16 19:01:43,740 [DEBUG]  Failed to load ResponseSelector from model storage. Resource 'train_ResponseSelector7' doesn't exist.
2025-03-16 19:01:43,741 [DEBUG]  Node 'run_RegexMessageHandler' loading 'RegexMessageHandler.load' and kwargs: '{}'.
2025-03-16 19:01:43,742 [DEBUG]  Node 'domain_provider' loading 'DomainProvider.load' and kwargs: '{}'.
2025-03-16 19:01:43,743 [DEBUG]  Resource 'domain_provider' was requested for reading.
2025-03-16 19:01:43,796 [DEBUG]  Node 'run_MemoizationPolicy0' loading 'MemoizationPolicy.load' and kwargs: '{}'.
2025-03-16 19:01:43,796 [DEBUG]  Resource 'train_MemoizationPolicy0' was requested for reading.
2025-03-16 19:01:43,802 [DEBUG]  Node 'run_RulePolicy1' loading 'RulePolicy.load' and kwargs: '{}'.
2025-03-16 19:01:43,803 [DEBUG]  Resource 'train_RulePolicy1' was requested for reading.
2025-03-16 19:01:43,809 [DEBUG]  Node 'run_TEDPolicy2' loading 'TEDPolicy.load' and kwargs: '{}'.
2025-03-16 19:01:43,809 [DEBUG]  Resource 'train_TEDPolicy2' was requested for reading.
2025-03-16 19:01:43,858 [DEBUG]  Loading the model from C:\Users\beuli\AppData\Local\Temp\tmpqfh7w_ab\train_TEDPolicy2\ted_policy.tf_model with finetune_mode=False...
2025-03-16 19:02:06,948 [DEBUG]  Finished loading the model.
2025-03-16 19:02:06,949 [DEBUG]  Node 'rule_only_data_provider' loading 'RuleOnlyDataProvider.load' and kwargs: '{}'.
2025-03-16 19:02:06,950 [DEBUG]  Resource 'train_RulePolicy1' was requested for reading.
2025-03-16 19:02:06,953 [DEBUG]  Node 'select_prediction' loading 'DefaultPolicyPredictionEnsemble.load' and kwargs: '{}'.
2025-03-16 19:02:06,972 [INFO ]  Rasa server is up and running.
2025-03-16 19:02:06,981 [INFO ]  Enabling coroutine debugging. Loop id 1659677784864.
2025-03-16 19:03:08,320 [DEBUG]  Issuing ticket for conversation 'PractikumStudent'.
2025-03-16 19:03:08,321 [DEBUG]  Acquiring lock for conversation 'PractikumStudent'.
2025-03-16 19:03:08,322 [DEBUG]  Acquired lock for conversation 'PractikumStudent'.
2025-03-16 19:03:08,323 [DEBUG]  Could not find tracker for conversation ID 'PractikumStudent'.
2025-03-16 19:03:08,323 [DEBUG]  No event broker configured. Skipping streaming events.
2025-03-16 19:03:08,324 [DEBUG]  Starting a new session for conversation ID 'PractikumStudent'.
2025-03-16 19:03:08,356 [DEBUG]  [[32m[1mdebug    [0m] [1mprocessor.actions.policy_prediction[0m [36mprediction_events[0m=[35m[][0m
2025-03-16 19:03:08,357 [DEBUG]  [[32m[1mdebug    [0m] [1mprocessor.actions.log         [0m [36maction_name[0m=[35maction_session_start[0m [36mrasa_events[0m=[35m[<rasa.shared.core.events.SessionStarted object at 0x0000018215D57DF0>, ActionExecuted(action: action_listen, policy: None, confidence: None)][0m
2025-03-16 19:03:08,358 [DEBUG]  [[32m[1mdebug    [0m] [1mprocessor.slots.log           [0m [36mslot_values[0m=[35m	topic: None
	session_started_metadata: None[0m
2025-03-16 19:03:08,364 [DEBUG]  Running graph with inputs: {'__message__': [<rasa.core.channels.channel.UserMessage object at 0x0000018215D55510>], '__tracker__': <rasa.shared.core.trackers.DialogueStateTracker object at 0x0000018215D57280>}, targets: ['run_RegexMessageHandler'] and ExecutionContext(model_id='d1db3d04f01c4ec3a9986afa2e259d30', should_add_diagnostic_data=False, is_finetuning=False, node_name=None).
2025-03-16 19:03:08,367 [DEBUG]  Node 'nlu_message_converter' running 'NLUMessageConverter.convert_user_message'.
2025-03-16 19:03:08,368 [DEBUG]  Node 'run_WhitespaceTokenizer0' running 'WhitespaceTokenizer.process'.
2025-03-16 19:03:08,375 [DEBUG]  Node 'run_RegexFeaturizer1' running 'RegexFeaturizer.process'.
2025-03-16 19:03:08,377 [DEBUG]  Node 'run_LexicalSyntacticFeaturizer2' running 'LexicalSyntacticFeaturizer.process'.
2025-03-16 19:03:08,378 [DEBUG]  Node 'run_CountVectorsFeaturizer3' running 'CountVectorsFeaturizer.process'.
2025-03-16 19:03:08,386 [DEBUG]  Node 'run_LanguageModelFeaturizer4' running 'LanguageModelFeaturizer.process'.
2025-03-16 19:03:08,857 [DEBUG]  Node 'run_DIETClassifier5' running 'DIETClassifier.process'.
2025-03-16 19:03:09,208 [DEBUG]  Node 'run_EntitySynonymMapper6' running 'EntitySynonymMapper.process'.
2025-03-16 19:03:09,209 [DEBUG]  Node 'run_ResponseSelector7' running 'ResponseSelector.process'.
2025-03-16 19:03:09,210 [DEBUG]  There is no trained model for 'ResponseSelector': The component is either not trained or didn't receive enough training data.
2025-03-16 19:03:09,211 [DEBUG]  Adding following selector key to message property: default
2025-03-16 19:03:09,212 [DEBUG]  Node 'domain_provider' running 'DomainProvider.provide_inference'.
2025-03-16 19:03:09,212 [DEBUG]  Node 'run_RegexMessageHandler' running 'RegexMessageHandler.process'.
2025-03-16 19:03:09,213 [DEBUG]  [[32m[1mdebug    [0m] [1mprocessor.message.parse       [0m [36mparse_data_entities[0m=[35m[][0m [36mparse_data_intent[0m=[35m{'name': 'greet', 'confidence': 0.3709259331226349}[0m [36mparse_data_text[0m=[35mпривет[0m
2025-03-16 19:03:09,215 [DEBUG]  Logged UserUtterance - tracker now has 4 events.
2025-03-16 19:03:09,231 [DEBUG]  Validating extracted slots: topic
2025-03-16 19:03:09,232 [DEBUG]  [[32m[1mdebug    [0m] [1mprocessor.extract.slots       [0m [36maction_extract_slot[0m=[35maction_extract_slots[0m [36mlen_extraction_events[0m=[35m1[0m [36mrasa_events[0m=[35m[SlotSet(key: topic, value: привет)][0m
2025-03-16 19:03:09,233 [DEBUG]  Running graph with inputs: {'__tracker__': <rasa.shared.core.trackers.DialogueStateTracker object at 0x0000018215D57280>}, targets: ['select_prediction'] and ExecutionContext(model_id='d1db3d04f01c4ec3a9986afa2e259d30', should_add_diagnostic_data=False, is_finetuning=False, node_name=None).
2025-03-16 19:03:09,235 [DEBUG]  Node 'rule_only_data_provider' running 'RuleOnlyDataProvider.provide'.
2025-03-16 19:03:09,236 [DEBUG]  Node 'domain_provider' running 'DomainProvider.provide_inference'.
2025-03-16 19:03:09,237 [DEBUG]  Node 'run_MemoizationPolicy0' running 'MemoizationPolicy.predict_action_probabilities'.
2025-03-16 19:03:09,238 [DEBUG]  [[32m[1mdebug    [0m] [1mmemoization.predict.actions   [0m [36mtracker_states[0m=[35m[{}, {'user': {'intent': 'greet'}, 'prev_action': {'action_name': 'action_listen'}}][0m
2025-03-16 19:03:09,240 [DEBUG]  There is a memorised next action 'utter_greet'
2025-03-16 19:03:09,241 [DEBUG]  Node 'run_RulePolicy1' running 'RulePolicy.predict_action_probabilities'.
2025-03-16 19:03:09,243 [DEBUG]  [[32m[1mdebug    [0m] [1mrule_policy.actions.find      [0m [36mcurrent_states[0m=[35m
[state 1] user text: привет | previous action name: action_listen[0m
2025-03-16 19:03:09,244 [DEBUG]  There is no applicable rule.
2025-03-16 19:03:09,245 [DEBUG]  [[32m[1mdebug    [0m] [1mrule_policy.actions.find      [0m [36mcurrent_states[0m=[35m
[state 1] user intent: greet | previous action name: action_listen[0m
2025-03-16 19:03:09,246 [DEBUG]  There is a rule for the next action 'utter_greet'.
2025-03-16 19:03:09,248 [DEBUG]  Node 'run_TEDPolicy2' running 'TEDPolicy.predict_action_probabilities'.
2025-03-16 19:03:09,263 [DEBUG]  TED predicted 'utter_greet' based on user intent.
2025-03-16 19:03:09,265 [DEBUG]  Node 'select_prediction' running 'DefaultPolicyPredictionEnsemble.combine_predictions_from_kwargs'.
2025-03-16 19:03:09,265 [DEBUG]  Made prediction using user intent.
2025-03-16 19:03:09,266 [DEBUG]  Added `DefinePrevUserUtteredFeaturization(False)` event.
2025-03-16 19:03:09,267 [DEBUG]  Predicted next action using RulePolicy.
2025-03-16 19:03:09,269 [DEBUG]  Predicted next action 'utter_greet' with confidence 1.00.
2025-03-16 19:03:09,274 [DEBUG]  [[32m[1mdebug    [0m] [1mprocessor.actions.policy_prediction[0m [36mprediction_events[0m=[35m[<rasa.shared.core.events.DefinePrevUserUtteredFeaturization object at 0x0000018215D54670>][0m
2025-03-16 19:03:09,275 [DEBUG]  [[32m[1mdebug    [0m] [1mprocessor.actions.log         [0m [36maction_name[0m=[35mutter_greet[0m [36mrasa_events[0m=[35m[BotUttered('Привет! Чем могу помочь в области архитектуры программного обеспечения?', {"elements": null, "quick_replies": null, "buttons": null, "attachment": null, "image": null, "custom": null}, {"utter_action": "utter_greet"}, 1742173389.274816)][0m
2025-03-16 19:03:09,278 [DEBUG]  Running graph with inputs: {'__tracker__': <rasa.shared.core.trackers.DialogueStateTracker object at 0x0000018215D57280>}, targets: ['select_prediction'] and ExecutionContext(model_id='d1db3d04f01c4ec3a9986afa2e259d30', should_add_diagnostic_data=False, is_finetuning=False, node_name=None).
2025-03-16 19:03:09,280 [DEBUG]  Node 'rule_only_data_provider' running 'RuleOnlyDataProvider.provide'.
2025-03-16 19:03:09,281 [DEBUG]  Node 'domain_provider' running 'DomainProvider.provide_inference'.
2025-03-16 19:03:09,282 [DEBUG]  Node 'run_MemoizationPolicy0' running 'MemoizationPolicy.predict_action_probabilities'.
2025-03-16 19:03:09,283 [DEBUG]  [[32m[1mdebug    [0m] [1mmemoization.predict.actions   [0m [36mtracker_states[0m=[35m[{'user': {'intent': 'greet'}, 'prev_action': {'action_name': 'action_listen'}}, {'user': {'intent': 'greet'}, 'prev_action': {'action_name': 'utter_greet'}}][0m
2025-03-16 19:03:09,284 [DEBUG]  There is a memorised next action 'action_listen'
2025-03-16 19:03:09,284 [DEBUG]  Node 'run_RulePolicy1' running 'RulePolicy.predict_action_probabilities'.
2025-03-16 19:03:09,286 [DEBUG]  [[32m[1mdebug    [0m] [1mrule_policy.actions.find      [0m [36mcurrent_states[0m=[35m
[state 1] user intent: greet | previous action name: action_listen
[state 2] user intent: greet | previous action name: utter_greet[0m
2025-03-16 19:03:09,287 [DEBUG]  There is a rule for the next action 'action_listen'.
2025-03-16 19:03:09,288 [DEBUG]  Node 'run_TEDPolicy2' running 'TEDPolicy.predict_action_probabilities'.
2025-03-16 19:03:09,303 [DEBUG]  TED predicted 'action_listen' based on user intent.
2025-03-16 19:03:09,304 [DEBUG]  Node 'select_prediction' running 'DefaultPolicyPredictionEnsemble.combine_predictions_from_kwargs'.
2025-03-16 19:03:09,305 [DEBUG]  Predicted next action using RulePolicy.
2025-03-16 19:03:09,305 [DEBUG]  Predicted next action 'action_listen' with confidence 1.00.
2025-03-16 19:03:09,306 [DEBUG]  [[32m[1mdebug    [0m] [1mprocessor.actions.policy_prediction[0m [36mprediction_events[0m=[35m[][0m
2025-03-16 19:03:09,308 [DEBUG]  [[32m[1mdebug    [0m] [1mprocessor.actions.log         [0m [36maction_name[0m=[35maction_listen[0m [36mrasa_events[0m=[35m[][0m
2025-03-16 19:03:09,309 [DEBUG]  No event broker configured. Skipping streaming events.
2025-03-16 19:03:09,311 [DEBUG]  Deleted lock for conversation 'PractikumStudent'.
2025-03-16 19:03:21,282 [DEBUG]  Issuing ticket for conversation 'PractikumStudent'.
2025-03-16 19:03:21,283 [DEBUG]  Acquiring lock for conversation 'PractikumStudent'.
2025-03-16 19:03:21,283 [DEBUG]  Acquired lock for conversation 'PractikumStudent'.
2025-03-16 19:03:21,284 [DEBUG]  Recreating tracker for id 'PractikumStudent'
2025-03-16 19:03:21,286 [DEBUG]  Running graph with inputs: {'__message__': [<rasa.core.channels.channel.UserMessage object at 0x0000018215D55F00>], '__tracker__': <rasa.shared.core.trackers.DialogueStateTracker object at 0x0000018215D56920>}, targets: ['run_RegexMessageHandler'] and ExecutionContext(model_id='d1db3d04f01c4ec3a9986afa2e259d30', should_add_diagnostic_data=False, is_finetuning=False, node_name=None).
2025-03-16 19:03:21,288 [DEBUG]  Node 'nlu_message_converter' running 'NLUMessageConverter.convert_user_message'.
2025-03-16 19:03:21,289 [DEBUG]  Node 'run_WhitespaceTokenizer0' running 'WhitespaceTokenizer.process'.
2025-03-16 19:03:21,291 [DEBUG]  Node 'run_RegexFeaturizer1' running 'RegexFeaturizer.process'.
2025-03-16 19:03:21,292 [DEBUG]  Node 'run_LexicalSyntacticFeaturizer2' running 'LexicalSyntacticFeaturizer.process'.
2025-03-16 19:03:21,293 [DEBUG]  Node 'run_CountVectorsFeaturizer3' running 'CountVectorsFeaturizer.process'.
2025-03-16 19:03:21,295 [DEBUG]  Node 'run_LanguageModelFeaturizer4' running 'LanguageModelFeaturizer.process'.
2025-03-16 19:03:21,695 [DEBUG]  Node 'run_DIETClassifier5' running 'DIETClassifier.process'.
2025-03-16 19:03:21,702 [DEBUG]  Node 'run_EntitySynonymMapper6' running 'EntitySynonymMapper.process'.
2025-03-16 19:03:21,703 [DEBUG]  Node 'run_ResponseSelector7' running 'ResponseSelector.process'.
2025-03-16 19:03:21,704 [DEBUG]  There is no trained model for 'ResponseSelector': The component is either not trained or didn't receive enough training data.
2025-03-16 19:03:21,705 [DEBUG]  Adding following selector key to message property: default
2025-03-16 19:03:21,706 [DEBUG]  Node 'domain_provider' running 'DomainProvider.provide_inference'.
2025-03-16 19:03:21,706 [DEBUG]  Node 'run_RegexMessageHandler' running 'RegexMessageHandler.process'.
2025-03-16 19:03:21,707 [DEBUG]  [[32m[1mdebug    [0m] [1mprocessor.message.parse       [0m [36mparse_data_entities[0m=[35m[][0m [36mparse_data_intent[0m=[35m{'name': 'request_info', 'confidence': 0.22016236186027527}[0m [36mparse_data_text[0m=[35mчто это?[0m
2025-03-16 19:03:21,709 [DEBUG]  Logged UserUtterance - tracker now has 10 events.
2025-03-16 19:03:21,710 [DEBUG]  Validating extracted slots: topic
2025-03-16 19:03:21,712 [DEBUG]  [[32m[1mdebug    [0m] [1mprocessor.extract.slots       [0m [36maction_extract_slot[0m=[35maction_extract_slots[0m [36mlen_extraction_events[0m=[35m1[0m [36mrasa_events[0m=[35m[SlotSet(key: topic, value: что это?)][0m
2025-03-16 19:03:21,713 [DEBUG]  Running graph with inputs: {'__tracker__': <rasa.shared.core.trackers.DialogueStateTracker object at 0x0000018215D56920>}, targets: ['select_prediction'] and ExecutionContext(model_id='d1db3d04f01c4ec3a9986afa2e259d30', should_add_diagnostic_data=False, is_finetuning=False, node_name=None).
2025-03-16 19:03:21,715 [DEBUG]  Node 'rule_only_data_provider' running 'RuleOnlyDataProvider.provide'.
2025-03-16 19:03:21,715 [DEBUG]  Node 'domain_provider' running 'DomainProvider.provide_inference'.
2025-03-16 19:03:21,716 [DEBUG]  Node 'run_MemoizationPolicy0' running 'MemoizationPolicy.predict_action_probabilities'.
2025-03-16 19:03:21,718 [DEBUG]  [[32m[1mdebug    [0m] [1mmemoization.predict.actions   [0m [36mtracker_states[0m=[35m[{'user': {'intent': 'greet'}, 'prev_action': {'action_name': 'utter_greet'}}, {'user': {'intent': 'request_info'}, 'prev_action': {'action_name': 'action_listen'}}][0m
2025-03-16 19:03:21,719 [DEBUG]  There is no memorised next action
2025-03-16 19:03:21,719 [DEBUG]  Node 'run_RulePolicy1' running 'RulePolicy.predict_action_probabilities'.
2025-03-16 19:03:21,721 [DEBUG]  [[32m[1mdebug    [0m] [1mrule_policy.actions.find      [0m [36mcurrent_states[0m=[35m
[state 1] user intent: greet | previous action name: action_listen
[state 2] user intent: greet | previous action name: utter_greet
[state 3] user text: что это? | previous action name: action_listen[0m
2025-03-16 19:03:21,723 [DEBUG]  There is no applicable rule.
2025-03-16 19:03:21,724 [DEBUG]  [[32m[1mdebug    [0m] [1mrule_policy.actions.find      [0m [36mcurrent_states[0m=[35m
[state 1] user intent: greet | previous action name: action_listen
[state 2] user intent: greet | previous action name: utter_greet
[state 3] user intent: request_info | previous action name: action_listen[0m
2025-03-16 19:03:21,726 [DEBUG]  There is a rule for the next action 'utter_ask_more'.
2025-03-16 19:03:21,727 [DEBUG]  Node 'run_TEDPolicy2' running 'TEDPolicy.predict_action_probabilities'.
2025-03-16 19:03:21,736 [DEBUG]  TED predicted 'utter_ask_more' based on user intent.
2025-03-16 19:03:21,737 [DEBUG]  Node 'select_prediction' running 'DefaultPolicyPredictionEnsemble.combine_predictions_from_kwargs'.
2025-03-16 19:03:21,737 [DEBUG]  Made prediction using user intent.
2025-03-16 19:03:21,738 [DEBUG]  Added `DefinePrevUserUtteredFeaturization(False)` event.
2025-03-16 19:03:21,739 [DEBUG]  Predicted next action using RulePolicy.
2025-03-16 19:03:21,740 [DEBUG]  Predicted next action 'utter_ask_more' with confidence 1.00.
2025-03-16 19:03:21,741 [DEBUG]  [[32m[1mdebug    [0m] [1mprocessor.actions.policy_prediction[0m [36mprediction_events[0m=[35m[<rasa.shared.core.events.DefinePrevUserUtteredFeaturization object at 0x000001821CE4B7C0>][0m
2025-03-16 19:03:21,743 [DEBUG]  [[32m[1mdebug    [0m] [1mprocessor.actions.log         [0m [36maction_name[0m=[35mutter_ask_more[0m [36mrasa_events[0m=[35m[BotUttered('Что именно вас интересует в архитектуре программного обеспечения?', {"elements": null, "quick_replies": null, "buttons": null, "attachment": null, "image": null, "custom": null}, {"utter_action": "utter_ask_more"}, 1742173401.7415974)][0m
2025-03-16 19:03:21,745 [DEBUG]  Running graph with inputs: {'__tracker__': <rasa.shared.core.trackers.DialogueStateTracker object at 0x0000018215D56920>}, targets: ['select_prediction'] and ExecutionContext(model_id='d1db3d04f01c4ec3a9986afa2e259d30', should_add_diagnostic_data=False, is_finetuning=False, node_name=None).
2025-03-16 19:03:21,747 [DEBUG]  Node 'rule_only_data_provider' running 'RuleOnlyDataProvider.provide'.
2025-03-16 19:03:21,748 [DEBUG]  Node 'domain_provider' running 'DomainProvider.provide_inference'.
2025-03-16 19:03:21,748 [DEBUG]  Node 'run_MemoizationPolicy0' running 'MemoizationPolicy.predict_action_probabilities'.
2025-03-16 19:03:21,750 [DEBUG]  [[32m[1mdebug    [0m] [1mmemoization.predict.actions   [0m [36mtracker_states[0m=[35m[{'user': {'intent': 'request_info'}, 'prev_action': {'action_name': 'action_listen'}}, {'user': {'intent': 'request_info'}, 'prev_action': {'action_name': 'utter_ask_more'}}][0m
2025-03-16 19:03:21,751 [DEBUG]  There is a memorised next action 'action_listen'
2025-03-16 19:03:21,752 [DEBUG]  Node 'run_RulePolicy1' running 'RulePolicy.predict_action_probabilities'.
2025-03-16 19:03:21,754 [DEBUG]  [[32m[1mdebug    [0m] [1mrule_policy.actions.find      [0m [36mcurrent_states[0m=[35m
[state 1] user intent: greet | previous action name: action_listen
[state 2] user intent: greet | previous action name: utter_greet
[state 3] user intent: request_info | previous action name: action_listen
[state 4] user intent: request_info | previous action name: utter_ask_more[0m
2025-03-16 19:03:21,755 [DEBUG]  There is a rule for the next action 'action_listen'.
2025-03-16 19:03:21,756 [DEBUG]  Node 'run_TEDPolicy2' running 'TEDPolicy.predict_action_probabilities'.
2025-03-16 19:03:21,765 [DEBUG]  TED predicted 'action_listen' based on user intent.
2025-03-16 19:03:21,766 [DEBUG]  Node 'select_prediction' running 'DefaultPolicyPredictionEnsemble.combine_predictions_from_kwargs'.
2025-03-16 19:03:21,766 [DEBUG]  Predicted next action using RulePolicy.
2025-03-16 19:03:21,767 [DEBUG]  Predicted next action 'action_listen' with confidence 1.00.
2025-03-16 19:03:21,768 [DEBUG]  [[32m[1mdebug    [0m] [1mprocessor.actions.policy_prediction[0m [36mprediction_events[0m=[35m[][0m
2025-03-16 19:03:21,769 [DEBUG]  [[32m[1mdebug    [0m] [1mprocessor.actions.log         [0m [36maction_name[0m=[35maction_listen[0m [36mrasa_events[0m=[35m[][0m
2025-03-16 19:03:21,770 [DEBUG]  No event broker configured. Skipping streaming events.
2025-03-16 19:03:21,771 [DEBUG]  Deleted lock for conversation 'PractikumStudent'.
2025-03-16 19:03:31,249 [DEBUG]  Issuing ticket for conversation 'PractikumStudent'.
2025-03-16 19:03:31,250 [DEBUG]  Acquiring lock for conversation 'PractikumStudent'.
2025-03-16 19:03:31,251 [DEBUG]  Acquired lock for conversation 'PractikumStudent'.
2025-03-16 19:03:31,252 [DEBUG]  Recreating tracker for id 'PractikumStudent'
2025-03-16 19:03:31,254 [DEBUG]  Running graph with inputs: {'__message__': [<rasa.core.channels.channel.UserMessage object at 0x000001821CE48130>], '__tracker__': <rasa.shared.core.trackers.DialogueStateTracker object at 0x000001821CE4A200>}, targets: ['run_RegexMessageHandler'] and ExecutionContext(model_id='d1db3d04f01c4ec3a9986afa2e259d30', should_add_diagnostic_data=False, is_finetuning=False, node_name=None).
2025-03-16 19:03:31,256 [DEBUG]  Node 'nlu_message_converter' running 'NLUMessageConverter.convert_user_message'.
2025-03-16 19:03:31,257 [DEBUG]  Node 'run_WhitespaceTokenizer0' running 'WhitespaceTokenizer.process'.
2025-03-16 19:03:31,258 [DEBUG]  Node 'run_RegexFeaturizer1' running 'RegexFeaturizer.process'.
2025-03-16 19:03:31,259 [DEBUG]  Node 'run_LexicalSyntacticFeaturizer2' running 'LexicalSyntacticFeaturizer.process'.
2025-03-16 19:03:31,261 [DEBUG]  Node 'run_CountVectorsFeaturizer3' running 'CountVectorsFeaturizer.process'.
2025-03-16 19:03:31,262 [DEBUG]  Node 'run_LanguageModelFeaturizer4' running 'LanguageModelFeaturizer.process'.
2025-03-16 19:03:31,716 [DEBUG]  Node 'run_DIETClassifier5' running 'DIETClassifier.process'.
2025-03-16 19:03:31,726 [DEBUG]  Node 'run_EntitySynonymMapper6' running 'EntitySynonymMapper.process'.
2025-03-16 19:03:31,726 [DEBUG]  Node 'run_ResponseSelector7' running 'ResponseSelector.process'.
2025-03-16 19:03:31,727 [DEBUG]  There is no trained model for 'ResponseSelector': The component is either not trained or didn't receive enough training data.
2025-03-16 19:03:31,728 [DEBUG]  Adding following selector key to message property: default
2025-03-16 19:03:31,729 [DEBUG]  Node 'domain_provider' running 'DomainProvider.provide_inference'.
2025-03-16 19:03:31,730 [DEBUG]  Node 'run_RegexMessageHandler' running 'RegexMessageHandler.process'.
2025-03-16 19:03:31,731 [DEBUG]  [[32m[1mdebug    [0m] [1mprocessor.message.parse       [0m [36mparse_data_entities[0m=[35m[][0m [36mparse_data_intent[0m=[35m{'name': 'ask_architecture', 'confidence': 0.36676347255706787}[0m [36mparse_data_text[0m=[35mмикросервисы[0m
2025-03-16 19:03:31,733 [DEBUG]  Logged UserUtterance - tracker now has 16 events.
2025-03-16 19:03:31,734 [DEBUG]  Validating extracted slots: topic
2025-03-16 19:03:31,736 [DEBUG]  [[32m[1mdebug    [0m] [1mprocessor.extract.slots       [0m [36maction_extract_slot[0m=[35maction_extract_slots[0m [36mlen_extraction_events[0m=[35m1[0m [36mrasa_events[0m=[35m[SlotSet(key: topic, value: микросервисы)][0m
2025-03-16 19:03:31,737 [DEBUG]  Running graph with inputs: {'__tracker__': <rasa.shared.core.trackers.DialogueStateTracker object at 0x000001821CE4A200>}, targets: ['select_prediction'] and ExecutionContext(model_id='d1db3d04f01c4ec3a9986afa2e259d30', should_add_diagnostic_data=False, is_finetuning=False, node_name=None).
2025-03-16 19:03:31,739 [DEBUG]  Node 'rule_only_data_provider' running 'RuleOnlyDataProvider.provide'.
2025-03-16 19:03:31,739 [DEBUG]  Node 'domain_provider' running 'DomainProvider.provide_inference'.
2025-03-16 19:03:31,740 [DEBUG]  Node 'run_MemoizationPolicy0' running 'MemoizationPolicy.predict_action_probabilities'.
2025-03-16 19:03:31,741 [DEBUG]  [[32m[1mdebug    [0m] [1mmemoization.predict.actions   [0m [36mtracker_states[0m=[35m[{'user': {'intent': 'request_info'}, 'prev_action': {'action_name': 'utter_ask_more'}}, {'user': {'intent': 'ask_architecture'}, 'prev_action': {'action_name': 'action_listen'}}][0m
2025-03-16 19:03:31,743 [DEBUG]  There is no memorised next action
2025-03-16 19:03:31,744 [DEBUG]  Node 'run_RulePolicy1' running 'RulePolicy.predict_action_probabilities'.
2025-03-16 19:03:31,745 [DEBUG]  [[32m[1mdebug    [0m] [1mrule_policy.actions.find      [0m [36mcurrent_states[0m=[35m
[state 1] user intent: greet | previous action name: action_listen
[state 2] user intent: greet | previous action name: utter_greet
[state 3] user intent: request_info | previous action name: action_listen
[state 4] user intent: request_info | previous action name: utter_ask_more
[state 5] user text: микросервисы | previous action name: action_listen[0m
2025-03-16 19:03:31,747 [DEBUG]  There is no applicable rule.
2025-03-16 19:03:31,749 [DEBUG]  [[32m[1mdebug    [0m] [1mrule_policy.actions.find      [0m [36mcurrent_states[0m=[35m
[state 1] user intent: greet | previous action name: action_listen
[state 2] user intent: greet | previous action name: utter_greet
[state 3] user intent: request_info | previous action name: action_listen
[state 4] user intent: request_info | previous action name: utter_ask_more
[state 5] user intent: ask_architecture | previous action name: action_listen[0m
2025-03-16 19:03:31,751 [DEBUG]  There is a rule for the next action 'utter_architecture_response'.
2025-03-16 19:03:31,751 [DEBUG]  Node 'run_TEDPolicy2' running 'TEDPolicy.predict_action_probabilities'.
2025-03-16 19:03:31,760 [DEBUG]  TED predicted 'utter_architecture_response' based on user intent.
2025-03-16 19:03:31,761 [DEBUG]  Node 'select_prediction' running 'DefaultPolicyPredictionEnsemble.combine_predictions_from_kwargs'.
2025-03-16 19:03:31,762 [DEBUG]  Made prediction using user intent.
2025-03-16 19:03:31,762 [DEBUG]  Added `DefinePrevUserUtteredFeaturization(False)` event.
2025-03-16 19:03:31,763 [DEBUG]  Predicted next action using RulePolicy.
2025-03-16 19:03:31,764 [DEBUG]  Predicted next action 'utter_architecture_response' with confidence 1.00.
2025-03-16 19:03:31,765 [DEBUG]  [[32m[1mdebug    [0m] [1mprocessor.actions.policy_prediction[0m [36mprediction_events[0m=[35m[<rasa.shared.core.events.DefinePrevUserUtteredFeaturization object at 0x000001821897A8F0>][0m
2025-03-16 19:03:31,767 [DEBUG]  [[32m[1mdebug    [0m] [1mprocessor.actions.log         [0m [36maction_name[0m=[35mutter_architecture_response[0m [36mrasa_events[0m=[35m[BotUttered('Архитектура ПО включает выбор структур, которые обеспечивают масштабируемость, гибкость и поддерживаемость приложения. Задайте конкретный вопрос по этой теме, и я помогу вам с информацией.', {"elements": null, "quick_replies": null, "buttons": null, "attachment": null, "image": null, "custom": null}, {"utter_action": "utter_architecture_response"}, 1742173411.7650084)][0m
2025-03-16 19:03:31,768 [DEBUG]  Running graph with inputs: {'__tracker__': <rasa.shared.core.trackers.DialogueStateTracker object at 0x000001821CE4A200>}, targets: ['select_prediction'] and ExecutionContext(model_id='d1db3d04f01c4ec3a9986afa2e259d30', should_add_diagnostic_data=False, is_finetuning=False, node_name=None).
2025-03-16 19:03:31,769 [DEBUG]  Node 'rule_only_data_provider' running 'RuleOnlyDataProvider.provide'.
2025-03-16 19:03:31,770 [DEBUG]  Node 'domain_provider' running 'DomainProvider.provide_inference'.
2025-03-16 19:03:31,771 [DEBUG]  Node 'run_MemoizationPolicy0' running 'MemoizationPolicy.predict_action_probabilities'.
2025-03-16 19:03:31,774 [DEBUG]  [[32m[1mdebug    [0m] [1mmemoization.predict.actions   [0m [36mtracker_states[0m=[35m[{'user': {'intent': 'ask_architecture'}, 'prev_action': {'action_name': 'action_listen'}}, {'user': {'intent': 'ask_architecture'}, 'prev_action': {'action_name': 'utter_architecture_response'}}][0m
2025-03-16 19:03:31,775 [DEBUG]  There is a memorised next action 'action_listen'
2025-03-16 19:03:31,777 [DEBUG]  Node 'run_RulePolicy1' running 'RulePolicy.predict_action_probabilities'.
2025-03-16 19:03:31,778 [DEBUG]  [[32m[1mdebug    [0m] [1mrule_policy.actions.find      [0m [36mcurrent_states[0m=[35m
[state 1] user intent: greet | previous action name: action_listen
[state 2] user intent: greet | previous action name: utter_greet
[state 3] user intent: request_info | previous action name: action_listen
[state 4] user intent: request_info | previous action name: utter_ask_more
[state 5] user intent: ask_architecture | previous action name: action_listen
[state 6] user intent: ask_architecture | previous action name: utter_architecture_response[0m
2025-03-16 19:03:31,780 [DEBUG]  There is a rule for the next action 'action_listen'.
2025-03-16 19:03:31,781 [DEBUG]  Node 'run_TEDPolicy2' running 'TEDPolicy.predict_action_probabilities'.
2025-03-16 19:03:31,789 [DEBUG]  TED predicted 'action_listen' based on user intent.
2025-03-16 19:03:31,790 [DEBUG]  Node 'select_prediction' running 'DefaultPolicyPredictionEnsemble.combine_predictions_from_kwargs'.
2025-03-16 19:03:31,790 [DEBUG]  Predicted next action using RulePolicy.
2025-03-16 19:03:31,791 [DEBUG]  Predicted next action 'action_listen' with confidence 1.00.
2025-03-16 19:03:31,792 [DEBUG]  [[32m[1mdebug    [0m] [1mprocessor.actions.policy_prediction[0m [36mprediction_events[0m=[35m[][0m
2025-03-16 19:03:31,793 [DEBUG]  [[32m[1mdebug    [0m] [1mprocessor.actions.log         [0m [36maction_name[0m=[35maction_listen[0m [36mrasa_events[0m=[35m[][0m
2025-03-16 19:03:31,794 [DEBUG]  No event broker configured. Skipping streaming events.
2025-03-16 19:03:31,795 [DEBUG]  Deleted lock for conversation 'PractikumStudent'.
2025-03-16 19:03:41,579 [DEBUG]  Issuing ticket for conversation 'PractikumStudent'.
2025-03-16 19:03:41,580 [DEBUG]  Acquiring lock for conversation 'PractikumStudent'.
2025-03-16 19:03:41,580 [DEBUG]  Acquired lock for conversation 'PractikumStudent'.
2025-03-16 19:03:41,581 [DEBUG]  Recreating tracker for id 'PractikumStudent'
2025-03-16 19:03:41,586 [DEBUG]  Running graph with inputs: {'__message__': [<rasa.core.channels.channel.UserMessage object at 0x0000018210F9BC70>], '__tracker__': <rasa.shared.core.trackers.DialogueStateTracker object at 0x000001821CE4AF50>}, targets: ['run_RegexMessageHandler'] and ExecutionContext(model_id='d1db3d04f01c4ec3a9986afa2e259d30', should_add_diagnostic_data=False, is_finetuning=False, node_name=None).
2025-03-16 19:03:41,588 [DEBUG]  Node 'nlu_message_converter' running 'NLUMessageConverter.convert_user_message'.
2025-03-16 19:03:41,590 [DEBUG]  Node 'run_WhitespaceTokenizer0' running 'WhitespaceTokenizer.process'.
2025-03-16 19:03:41,591 [DEBUG]  Node 'run_RegexFeaturizer1' running 'RegexFeaturizer.process'.
2025-03-16 19:03:41,591 [DEBUG]  Node 'run_LexicalSyntacticFeaturizer2' running 'LexicalSyntacticFeaturizer.process'.
2025-03-16 19:03:41,593 [DEBUG]  Node 'run_CountVectorsFeaturizer3' running 'CountVectorsFeaturizer.process'.
2025-03-16 19:03:41,595 [DEBUG]  Node 'run_LanguageModelFeaturizer4' running 'LanguageModelFeaturizer.process'.
2025-03-16 19:03:41,971 [DEBUG]  Node 'run_DIETClassifier5' running 'DIETClassifier.process'.
2025-03-16 19:03:41,982 [DEBUG]  Node 'run_EntitySynonymMapper6' running 'EntitySynonymMapper.process'.
2025-03-16 19:03:41,983 [DEBUG]  Node 'run_ResponseSelector7' running 'ResponseSelector.process'.
2025-03-16 19:03:41,984 [DEBUG]  There is no trained model for 'ResponseSelector': The component is either not trained or didn't receive enough training data.
2025-03-16 19:03:41,985 [DEBUG]  Adding following selector key to message property: default
2025-03-16 19:03:41,985 [DEBUG]  Node 'domain_provider' running 'DomainProvider.provide_inference'.
2025-03-16 19:03:41,986 [DEBUG]  Node 'run_RegexMessageHandler' running 'RegexMessageHandler.process'.
2025-03-16 19:03:41,987 [DEBUG]  [[32m[1mdebug    [0m] [1mprocessor.message.parse       [0m [36mparse_data_entities[0m=[35m[][0m [36mparse_data_intent[0m=[35m{'name': 'deny', 'confidence': 0.27335643768310547}[0m [36mparse_data_text[0m=[35mинтересно[0m
2025-03-16 19:03:41,988 [DEBUG]  Logged UserUtterance - tracker now has 22 events.
2025-03-16 19:03:41,990 [DEBUG]  Validating extracted slots: topic
2025-03-16 19:03:41,991 [DEBUG]  [[32m[1mdebug    [0m] [1mprocessor.extract.slots       [0m [36maction_extract_slot[0m=[35maction_extract_slots[0m [36mlen_extraction_events[0m=[35m1[0m [36mrasa_events[0m=[35m[SlotSet(key: topic, value: интересно)][0m
2025-03-16 19:03:41,993 [DEBUG]  Running graph with inputs: {'__tracker__': <rasa.shared.core.trackers.DialogueStateTracker object at 0x000001821CE4AF50>}, targets: ['select_prediction'] and ExecutionContext(model_id='d1db3d04f01c4ec3a9986afa2e259d30', should_add_diagnostic_data=False, is_finetuning=False, node_name=None).
2025-03-16 19:03:41,995 [DEBUG]  Node 'rule_only_data_provider' running 'RuleOnlyDataProvider.provide'.
2025-03-16 19:03:41,996 [DEBUG]  Node 'domain_provider' running 'DomainProvider.provide_inference'.
2025-03-16 19:03:41,997 [DEBUG]  Node 'run_MemoizationPolicy0' running 'MemoizationPolicy.predict_action_probabilities'.
2025-03-16 19:03:41,998 [DEBUG]  [[32m[1mdebug    [0m] [1mmemoization.predict.actions   [0m [36mtracker_states[0m=[35m[{'user': {'intent': 'ask_architecture'}, 'prev_action': {'action_name': 'utter_architecture_response'}}, {'user': {'intent': 'deny'}, 'prev_action': {'action_name': 'action_listen'}}][0m
2025-03-16 19:03:42,000 [DEBUG]  There is no memorised next action
2025-03-16 19:03:42,001 [DEBUG]  Node 'run_RulePolicy1' running 'RulePolicy.predict_action_probabilities'.
2025-03-16 19:03:42,003 [DEBUG]  [[32m[1mdebug    [0m] [1mrule_policy.actions.find      [0m [36mcurrent_states[0m=[35m
[state 1] user intent: greet | previous action name: action_listen
[state 2] user intent: greet | previous action name: utter_greet
[state 3] user intent: request_info | previous action name: action_listen
[state 4] user intent: request_info | previous action name: utter_ask_more
[state 5] user intent: ask_architecture | previous action name: action_listen
[state 6] user intent: ask_architecture | previous action name: utter_architecture_response
[state 7] user text: интересно | previous action name: action_listen[0m
2025-03-16 19:03:42,005 [DEBUG]  There is no applicable rule.
2025-03-16 19:03:42,007 [DEBUG]  [[32m[1mdebug    [0m] [1mrule_policy.actions.find      [0m [36mcurrent_states[0m=[35m
[state 1] user intent: greet | previous action name: action_listen
[state 2] user intent: greet | previous action name: utter_greet
[state 3] user intent: request_info | previous action name: action_listen
[state 4] user intent: request_info | previous action name: utter_ask_more
[state 5] user intent: ask_architecture | previous action name: action_listen
[state 6] user intent: ask_architecture | previous action name: utter_architecture_response
[state 7] user intent: deny | previous action name: action_listen[0m
2025-03-16 19:03:42,009 [DEBUG]  There is no applicable rule.
2025-03-16 19:03:42,010 [DEBUG]  Node 'run_TEDPolicy2' running 'TEDPolicy.predict_action_probabilities'.
2025-03-16 19:03:42,018 [DEBUG]  TED predicted 'utter_goodbye' based on user intent.
2025-03-16 19:03:42,019 [DEBUG]  Node 'select_prediction' running 'DefaultPolicyPredictionEnsemble.combine_predictions_from_kwargs'.
2025-03-16 19:03:42,021 [DEBUG]  Made prediction using user intent.
2025-03-16 19:03:42,022 [DEBUG]  Added `DefinePrevUserUtteredFeaturization(False)` event.
2025-03-16 19:03:42,023 [DEBUG]  Predicted next action using RulePolicy.
2025-03-16 19:03:42,024 [DEBUG]  Predicted next action 'action_default_fallback' with confidence 0.30.
2025-03-16 19:03:42,027 [DEBUG]  [[32m[1mdebug    [0m] [1mprocessor.actions.policy_prediction[0m [36mprediction_events[0m=[35m[<rasa.shared.core.events.DefinePrevUserUtteredFeaturization object at 0x000001821897A710>][0m
2025-03-16 19:03:42,028 [DEBUG]  [[32m[1mdebug    [0m] [1mprocessor.actions.log         [0m [36maction_name[0m=[35maction_default_fallback[0m [36mrasa_events[0m=[35m[<rasa.shared.core.events.UserUtteranceReverted object at 0x000001821897BC10>][0m
2025-03-16 19:03:42,030 [DEBUG]  [[32m[1mdebug    [0m] [1mprocessor.slots.log           [0m [36mslot_values[0m=[35m	topic: микросервисы
	session_started_metadata: None[0m
2025-03-16 19:03:42,031 [DEBUG]  Running graph with inputs: {'__tracker__': <rasa.shared.core.trackers.DialogueStateTracker object at 0x000001821CE4AF50>}, targets: ['select_prediction'] and ExecutionContext(model_id='d1db3d04f01c4ec3a9986afa2e259d30', should_add_diagnostic_data=False, is_finetuning=False, node_name=None).
2025-03-16 19:03:42,032 [DEBUG]  Node 'rule_only_data_provider' running 'RuleOnlyDataProvider.provide'.
2025-03-16 19:03:42,033 [DEBUG]  Node 'domain_provider' running 'DomainProvider.provide_inference'.
2025-03-16 19:03:42,033 [DEBUG]  Node 'run_MemoizationPolicy0' running 'MemoizationPolicy.predict_action_probabilities'.
2025-03-16 19:03:42,035 [DEBUG]  [[32m[1mdebug    [0m] [1mmemoization.predict.actions   [0m [36mtracker_states[0m=[35m[{'user': {'intent': 'ask_architecture'}, 'prev_action': {'action_name': 'action_listen'}}, {'user': {'intent': 'ask_architecture'}, 'prev_action': {'action_name': 'utter_architecture_response'}}][0m
2025-03-16 19:03:42,036 [DEBUG]  There is a memorised next action 'action_listen'
2025-03-16 19:03:42,037 [DEBUG]  Node 'run_RulePolicy1' running 'RulePolicy.predict_action_probabilities'.
2025-03-16 19:03:42,039 [DEBUG]  [[32m[1mdebug    [0m] [1mrule_policy.actions.find      [0m [36mcurrent_states[0m=[35m
[state 1] user intent: greet | previous action name: action_listen
[state 2] user intent: greet | previous action name: utter_greet
[state 3] user intent: request_info | previous action name: action_listen
[state 4] user intent: request_info | previous action name: utter_ask_more
[state 5] user intent: ask_architecture | previous action name: action_listen
[state 6] user intent: ask_architecture | previous action name: utter_architecture_response[0m
2025-03-16 19:03:42,041 [DEBUG]  There is a rule for the next action 'action_listen'.
2025-03-16 19:03:42,042 [DEBUG]  Node 'run_TEDPolicy2' running 'TEDPolicy.predict_action_probabilities'.
2025-03-16 19:03:42,051 [DEBUG]  TED predicted 'action_listen' based on user intent.
2025-03-16 19:03:42,052 [DEBUG]  Node 'select_prediction' running 'DefaultPolicyPredictionEnsemble.combine_predictions_from_kwargs'.
2025-03-16 19:03:42,053 [DEBUG]  Predicted next action using RulePolicy.
2025-03-16 19:03:42,054 [DEBUG]  Predicted next action 'action_listen' with confidence 1.00.
2025-03-16 19:03:42,055 [DEBUG]  [[32m[1mdebug    [0m] [1mprocessor.actions.policy_prediction[0m [36mprediction_events[0m=[35m[][0m
2025-03-16 19:03:42,056 [DEBUG]  [[32m[1mdebug    [0m] [1mprocessor.actions.log         [0m [36maction_name[0m=[35maction_listen[0m [36mrasa_events[0m=[35m[][0m
2025-03-16 19:03:42,056 [DEBUG]  No event broker configured. Skipping streaming events.
2025-03-16 19:03:42,058 [DEBUG]  Deleted lock for conversation 'PractikumStudent'.
2025-03-16 19:04:05,969 [DEBUG]  Issuing ticket for conversation 'PractikumStudent'.
2025-03-16 19:04:05,970 [DEBUG]  Acquiring lock for conversation 'PractikumStudent'.
2025-03-16 19:04:05,971 [DEBUG]  Acquired lock for conversation 'PractikumStudent'.
2025-03-16 19:04:05,972 [DEBUG]  Recreating tracker for id 'PractikumStudent'
2025-03-16 19:04:05,980 [DEBUG]  Running graph with inputs: {'__message__': [<rasa.core.channels.channel.UserMessage object at 0x0000018210F9BC70>], '__tracker__': <rasa.shared.core.trackers.DialogueStateTracker object at 0x000001821CE48130>}, targets: ['run_RegexMessageHandler'] and ExecutionContext(model_id='d1db3d04f01c4ec3a9986afa2e259d30', should_add_diagnostic_data=False, is_finetuning=False, node_name=None).
2025-03-16 19:04:05,982 [DEBUG]  Node 'nlu_message_converter' running 'NLUMessageConverter.convert_user_message'.
2025-03-16 19:04:05,983 [DEBUG]  Node 'run_WhitespaceTokenizer0' running 'WhitespaceTokenizer.process'.
2025-03-16 19:04:05,984 [DEBUG]  Node 'run_RegexFeaturizer1' running 'RegexFeaturizer.process'.
2025-03-16 19:04:05,985 [DEBUG]  Node 'run_LexicalSyntacticFeaturizer2' running 'LexicalSyntacticFeaturizer.process'.
2025-03-16 19:04:05,986 [DEBUG]  Node 'run_CountVectorsFeaturizer3' running 'CountVectorsFeaturizer.process'.
2025-03-16 19:04:05,988 [DEBUG]  Node 'run_LanguageModelFeaturizer4' running 'LanguageModelFeaturizer.process'.
2025-03-16 19:04:06,376 [DEBUG]  Node 'run_DIETClassifier5' running 'DIETClassifier.process'.
2025-03-16 19:04:06,384 [DEBUG]  Node 'run_EntitySynonymMapper6' running 'EntitySynonymMapper.process'.
2025-03-16 19:04:06,385 [DEBUG]  Node 'run_ResponseSelector7' running 'ResponseSelector.process'.
2025-03-16 19:04:06,385 [DEBUG]  There is no trained model for 'ResponseSelector': The component is either not trained or didn't receive enough training data.
2025-03-16 19:04:06,386 [DEBUG]  Adding following selector key to message property: default
2025-03-16 19:04:06,387 [DEBUG]  Node 'domain_provider' running 'DomainProvider.provide_inference'.
2025-03-16 19:04:06,388 [DEBUG]  Node 'run_RegexMessageHandler' running 'RegexMessageHandler.process'.
2025-03-16 19:04:06,389 [DEBUG]  [[32m[1mdebug    [0m] [1mprocessor.message.parse       [0m [36mparse_data_entities[0m=[35m[][0m [36mparse_data_intent[0m=[35m{'name': 'greet', 'confidence': 0.3709259331226349}[0m [36mparse_data_text[0m=[35mпривет[0m
2025-03-16 19:04:06,390 [DEBUG]  Logged UserUtterance - tracker now has 28 events.
2025-03-16 19:04:06,391 [DEBUG]  Validating extracted slots: topic
2025-03-16 19:04:06,392 [DEBUG]  [[32m[1mdebug    [0m] [1mprocessor.extract.slots       [0m [36maction_extract_slot[0m=[35maction_extract_slots[0m [36mlen_extraction_events[0m=[35m1[0m [36mrasa_events[0m=[35m[SlotSet(key: topic, value: привет)][0m
2025-03-16 19:04:06,394 [DEBUG]  Running graph with inputs: {'__tracker__': <rasa.shared.core.trackers.DialogueStateTracker object at 0x000001821CE48130>}, targets: ['select_prediction'] and ExecutionContext(model_id='d1db3d04f01c4ec3a9986afa2e259d30', should_add_diagnostic_data=False, is_finetuning=False, node_name=None).
2025-03-16 19:04:06,396 [DEBUG]  Node 'rule_only_data_provider' running 'RuleOnlyDataProvider.provide'.
2025-03-16 19:04:06,397 [DEBUG]  Node 'domain_provider' running 'DomainProvider.provide_inference'.
2025-03-16 19:04:06,398 [DEBUG]  Node 'run_MemoizationPolicy0' running 'MemoizationPolicy.predict_action_probabilities'.
2025-03-16 19:04:06,399 [DEBUG]  [[32m[1mdebug    [0m] [1mmemoization.predict.actions   [0m [36mtracker_states[0m=[35m[{'user': {'intent': 'ask_architecture'}, 'prev_action': {'action_name': 'utter_architecture_response'}}, {'user': {'intent': 'greet'}, 'prev_action': {'action_name': 'action_listen'}}][0m
2025-03-16 19:04:06,400 [DEBUG]  There is no memorised next action
2025-03-16 19:04:06,401 [DEBUG]  Node 'run_RulePolicy1' running 'RulePolicy.predict_action_probabilities'.
2025-03-16 19:04:06,402 [DEBUG]  [[32m[1mdebug    [0m] [1mrule_policy.actions.find      [0m [36mcurrent_states[0m=[35m
[state 1] user intent: greet | previous action name: action_listen
[state 2] user intent: greet | previous action name: utter_greet
[state 3] user intent: request_info | previous action name: action_listen
[state 4] user intent: request_info | previous action name: utter_ask_more
[state 5] user intent: ask_architecture | previous action name: action_listen
[state 6] user intent: ask_architecture | previous action name: utter_architecture_response
[state 7] user text: привет | previous action name: action_listen[0m
2025-03-16 19:04:06,404 [DEBUG]  There is no applicable rule.
2025-03-16 19:04:06,405 [DEBUG]  [[32m[1mdebug    [0m] [1mrule_policy.actions.find      [0m [36mcurrent_states[0m=[35m
[state 1] user intent: greet | previous action name: action_listen
[state 2] user intent: greet | previous action name: utter_greet
[state 3] user intent: request_info | previous action name: action_listen
[state 4] user intent: request_info | previous action name: utter_ask_more
[state 5] user intent: ask_architecture | previous action name: action_listen
[state 6] user intent: ask_architecture | previous action name: utter_architecture_response
[state 7] user intent: greet | previous action name: action_listen[0m
2025-03-16 19:04:06,408 [DEBUG]  There is a rule for the next action 'utter_greet'.
2025-03-16 19:04:06,408 [DEBUG]  Node 'run_TEDPolicy2' running 'TEDPolicy.predict_action_probabilities'.
2025-03-16 19:04:06,419 [DEBUG]  TED predicted 'utter_greet' based on user intent.
2025-03-16 19:04:06,420 [DEBUG]  Node 'select_prediction' running 'DefaultPolicyPredictionEnsemble.combine_predictions_from_kwargs'.
2025-03-16 19:04:06,421 [DEBUG]  Made prediction using user intent.
2025-03-16 19:04:06,421 [DEBUG]  Added `DefinePrevUserUtteredFeaturization(False)` event.
2025-03-16 19:04:06,422 [DEBUG]  Predicted next action using RulePolicy.
2025-03-16 19:04:06,423 [DEBUG]  Predicted next action 'utter_greet' with confidence 1.00.
2025-03-16 19:04:06,424 [DEBUG]  [[32m[1mdebug    [0m] [1mprocessor.actions.policy_prediction[0m [36mprediction_events[0m=[35m[<rasa.shared.core.events.DefinePrevUserUtteredFeaturization object at 0x000001821897B940>][0m
2025-03-16 19:04:06,426 [DEBUG]  [[32m[1mdebug    [0m] [1mprocessor.actions.log         [0m [36maction_name[0m=[35mutter_greet[0m [36mrasa_events[0m=[35m[BotUttered('Привет! Чем могу помочь в области архитектуры программного обеспечения?', {"elements": null, "quick_replies": null, "buttons": null, "attachment": null, "image": null, "custom": null}, {"utter_action": "utter_greet"}, 1742173446.4244905)][0m
2025-03-16 19:04:06,428 [DEBUG]  Running graph with inputs: {'__tracker__': <rasa.shared.core.trackers.DialogueStateTracker object at 0x000001821CE48130>}, targets: ['select_prediction'] and ExecutionContext(model_id='d1db3d04f01c4ec3a9986afa2e259d30', should_add_diagnostic_data=False, is_finetuning=False, node_name=None).
2025-03-16 19:04:06,429 [DEBUG]  Node 'rule_only_data_provider' running 'RuleOnlyDataProvider.provide'.
2025-03-16 19:04:06,430 [DEBUG]  Node 'domain_provider' running 'DomainProvider.provide_inference'.
2025-03-16 19:04:06,431 [DEBUG]  Node 'run_MemoizationPolicy0' running 'MemoizationPolicy.predict_action_probabilities'.
2025-03-16 19:04:06,432 [DEBUG]  [[32m[1mdebug    [0m] [1mmemoization.predict.actions   [0m [36mtracker_states[0m=[35m[{'user': {'intent': 'greet'}, 'prev_action': {'action_name': 'action_listen'}}, {'user': {'intent': 'greet'}, 'prev_action': {'action_name': 'utter_greet'}}][0m
2025-03-16 19:04:06,434 [DEBUG]  There is a memorised next action 'action_listen'
2025-03-16 19:04:06,434 [DEBUG]  Node 'run_RulePolicy1' running 'RulePolicy.predict_action_probabilities'.
2025-03-16 19:04:06,435 [DEBUG]  [[32m[1mdebug    [0m] [1mrule_policy.actions.find      [0m [36mcurrent_states[0m=[35m
[state 1] user intent: greet | previous action name: action_listen
[state 2] user intent: greet | previous action name: utter_greet
[state 3] user intent: request_info | previous action name: action_listen
[state 4] user intent: request_info | previous action name: utter_ask_more
[state 5] user intent: ask_architecture | previous action name: action_listen
[state 6] user intent: ask_architecture | previous action name: utter_architecture_response
[state 7] user intent: greet | previous action name: action_listen
[state 8] user intent: greet | previous action name: utter_greet[0m
2025-03-16 19:04:06,438 [DEBUG]  There is a rule for the next action 'action_listen'.
2025-03-16 19:04:06,439 [DEBUG]  Node 'run_TEDPolicy2' running 'TEDPolicy.predict_action_probabilities'.
2025-03-16 19:04:06,447 [DEBUG]  TED predicted 'action_listen' based on user intent.
2025-03-16 19:04:06,448 [DEBUG]  Node 'select_prediction' running 'DefaultPolicyPredictionEnsemble.combine_predictions_from_kwargs'.
2025-03-16 19:04:06,449 [DEBUG]  Predicted next action using RulePolicy.
2025-03-16 19:04:06,449 [DEBUG]  Predicted next action 'action_listen' with confidence 1.00.
2025-03-16 19:04:06,451 [DEBUG]  [[32m[1mdebug    [0m] [1mprocessor.actions.policy_prediction[0m [36mprediction_events[0m=[35m[][0m
2025-03-16 19:04:06,452 [DEBUG]  [[32m[1mdebug    [0m] [1mprocessor.actions.log         [0m [36maction_name[0m=[35maction_listen[0m [36mrasa_events[0m=[35m[][0m
2025-03-16 19:04:06,453 [DEBUG]  No event broker configured. Skipping streaming events.
2025-03-16 19:04:06,454 [DEBUG]  Deleted lock for conversation 'PractikumStudent'.
2025-03-16 19:04:21,218 [DEBUG]  Issuing ticket for conversation 'PractikumStudent'.
2025-03-16 19:04:21,219 [DEBUG]  Acquiring lock for conversation 'PractikumStudent'.
2025-03-16 19:04:21,220 [DEBUG]  Acquired lock for conversation 'PractikumStudent'.
2025-03-16 19:04:21,221 [DEBUG]  Recreating tracker for id 'PractikumStudent'
2025-03-16 19:04:21,225 [DEBUG]  Running graph with inputs: {'__message__': [<rasa.core.channels.channel.UserMessage object at 0x0000018210F9BC70>], '__tracker__': <rasa.shared.core.trackers.DialogueStateTracker object at 0x000001821CE48E20>}, targets: ['run_RegexMessageHandler'] and ExecutionContext(model_id='d1db3d04f01c4ec3a9986afa2e259d30', should_add_diagnostic_data=False, is_finetuning=False, node_name=None).
2025-03-16 19:04:21,227 [DEBUG]  Node 'nlu_message_converter' running 'NLUMessageConverter.convert_user_message'.
2025-03-16 19:04:21,228 [DEBUG]  Node 'run_WhitespaceTokenizer0' running 'WhitespaceTokenizer.process'.
2025-03-16 19:04:21,228 [DEBUG]  Node 'run_RegexFeaturizer1' running 'RegexFeaturizer.process'.
2025-03-16 19:04:21,229 [DEBUG]  Node 'run_LexicalSyntacticFeaturizer2' running 'LexicalSyntacticFeaturizer.process'.
2025-03-16 19:04:21,230 [DEBUG]  Node 'run_CountVectorsFeaturizer3' running 'CountVectorsFeaturizer.process'.
2025-03-16 19:04:21,231 [DEBUG]  Node 'run_LanguageModelFeaturizer4' running 'LanguageModelFeaturizer.process'.
2025-03-16 19:04:21,595 [DEBUG]  Node 'run_DIETClassifier5' running 'DIETClassifier.process'.
2025-03-16 19:04:21,603 [DEBUG]  Node 'run_EntitySynonymMapper6' running 'EntitySynonymMapper.process'.
2025-03-16 19:04:21,603 [DEBUG]  Node 'run_ResponseSelector7' running 'ResponseSelector.process'.
2025-03-16 19:04:21,604 [DEBUG]  There is no trained model for 'ResponseSelector': The component is either not trained or didn't receive enough training data.
2025-03-16 19:04:21,605 [DEBUG]  Adding following selector key to message property: default
2025-03-16 19:04:21,606 [DEBUG]  Node 'domain_provider' running 'DomainProvider.provide_inference'.
2025-03-16 19:04:21,606 [DEBUG]  Node 'run_RegexMessageHandler' running 'RegexMessageHandler.process'.
2025-03-16 19:04:21,607 [DEBUG]  [[32m[1mdebug    [0m] [1mprocessor.message.parse       [0m [36mparse_data_entities[0m=[35m[][0m [36mparse_data_intent[0m=[35m{'name': 'ask_architecture', 'confidence': 0.2957020401954651}[0m [36mparse_data_text[0m=[35mа что это?[0m
2025-03-16 19:04:21,609 [DEBUG]  Logged UserUtterance - tracker now has 34 events.
2025-03-16 19:04:21,609 [DEBUG]  Validating extracted slots: topic
2025-03-16 19:04:21,610 [DEBUG]  [[32m[1mdebug    [0m] [1mprocessor.extract.slots       [0m [36maction_extract_slot[0m=[35maction_extract_slots[0m [36mlen_extraction_events[0m=[35m1[0m [36mrasa_events[0m=[35m[SlotSet(key: topic, value: а что это?)][0m
2025-03-16 19:04:21,612 [DEBUG]  Running graph with inputs: {'__tracker__': <rasa.shared.core.trackers.DialogueStateTracker object at 0x000001821CE48E20>}, targets: ['select_prediction'] and ExecutionContext(model_id='d1db3d04f01c4ec3a9986afa2e259d30', should_add_diagnostic_data=False, is_finetuning=False, node_name=None).
2025-03-16 19:04:21,613 [DEBUG]  Node 'rule_only_data_provider' running 'RuleOnlyDataProvider.provide'.
2025-03-16 19:04:21,614 [DEBUG]  Node 'domain_provider' running 'DomainProvider.provide_inference'.
2025-03-16 19:04:21,614 [DEBUG]  Node 'run_MemoizationPolicy0' running 'MemoizationPolicy.predict_action_probabilities'.
2025-03-16 19:04:21,616 [DEBUG]  [[32m[1mdebug    [0m] [1mmemoization.predict.actions   [0m [36mtracker_states[0m=[35m[{'user': {'intent': 'greet'}, 'prev_action': {'action_name': 'utter_greet'}}, {'user': {'intent': 'ask_architecture'}, 'prev_action': {'action_name': 'action_listen'}}][0m
2025-03-16 19:04:21,617 [DEBUG]  There is a memorised next action 'utter_architecture_response'
2025-03-16 19:04:21,618 [DEBUG]  Node 'run_RulePolicy1' running 'RulePolicy.predict_action_probabilities'.
2025-03-16 19:04:21,619 [DEBUG]  [[32m[1mdebug    [0m] [1mrule_policy.actions.find      [0m [36mcurrent_states[0m=[35m
[state 1] user intent: greet | previous action name: action_listen
[state 2] user intent: greet | previous action name: utter_greet
[state 3] user intent: request_info | previous action name: action_listen
[state 4] user intent: request_info | previous action name: utter_ask_more
[state 5] user intent: ask_architecture | previous action name: action_listen
[state 6] user intent: ask_architecture | previous action name: utter_architecture_response
[state 7] user intent: greet | previous action name: action_listen
[state 8] user intent: greet | previous action name: utter_greet
[state 9] user text: а что это? | previous action name: action_listen[0m
2025-03-16 19:04:21,622 [DEBUG]  There is no applicable rule.
2025-03-16 19:04:21,623 [DEBUG]  [[32m[1mdebug    [0m] [1mrule_policy.actions.find      [0m [36mcurrent_states[0m=[35m
[state 1] user intent: greet | previous action name: action_listen
[state 2] user intent: greet | previous action name: utter_greet
[state 3] user intent: request_info | previous action name: action_listen
[state 4] user intent: request_info | previous action name: utter_ask_more
[state 5] user intent: ask_architecture | previous action name: action_listen
[state 6] user intent: ask_architecture | previous action name: utter_architecture_response
[state 7] user intent: greet | previous action name: action_listen
[state 8] user intent: greet | previous action name: utter_greet
[state 9] user intent: ask_architecture | previous action name: action_listen[0m
2025-03-16 19:04:21,626 [DEBUG]  There is a rule for the next action 'utter_architecture_response'.
2025-03-16 19:04:21,627 [DEBUG]  Node 'run_TEDPolicy2' running 'TEDPolicy.predict_action_probabilities'.
2025-03-16 19:04:21,635 [DEBUG]  TED predicted 'utter_architecture_response' based on user intent.
2025-03-16 19:04:21,636 [DEBUG]  Node 'select_prediction' running 'DefaultPolicyPredictionEnsemble.combine_predictions_from_kwargs'.
2025-03-16 19:04:21,637 [DEBUG]  Made prediction using user intent.
2025-03-16 19:04:21,637 [DEBUG]  Added `DefinePrevUserUtteredFeaturization(False)` event.
2025-03-16 19:04:21,638 [DEBUG]  Predicted next action using RulePolicy.
2025-03-16 19:04:21,639 [DEBUG]  Predicted next action 'utter_architecture_response' with confidence 1.00.
2025-03-16 19:04:21,641 [DEBUG]  [[32m[1mdebug    [0m] [1mprocessor.actions.policy_prediction[0m [36mprediction_events[0m=[35m[<rasa.shared.core.events.DefinePrevUserUtteredFeaturization object at 0x000001821897AC20>][0m
2025-03-16 19:04:21,643 [DEBUG]  [[32m[1mdebug    [0m] [1mprocessor.actions.log         [0m [36maction_name[0m=[35mutter_architecture_response[0m [36mrasa_events[0m=[35m[BotUttered('Архитектура ПО включает выбор структур, которые обеспечивают масштабируемость, гибкость и поддерживаемость приложения. Задайте конкретный вопрос по этой теме, и я помогу вам с информацией.', {"elements": null, "quick_replies": null, "buttons": null, "attachment": null, "image": null, "custom": null}, {"utter_action": "utter_architecture_response"}, 1742173461.6401894)][0m
2025-03-16 19:04:21,645 [DEBUG]  Running graph with inputs: {'__tracker__': <rasa.shared.core.trackers.DialogueStateTracker object at 0x000001821CE48E20>}, targets: ['select_prediction'] and ExecutionContext(model_id='d1db3d04f01c4ec3a9986afa2e259d30', should_add_diagnostic_data=False, is_finetuning=False, node_name=None).
2025-03-16 19:04:21,646 [DEBUG]  Node 'rule_only_data_provider' running 'RuleOnlyDataProvider.provide'.
2025-03-16 19:04:21,647 [DEBUG]  Node 'domain_provider' running 'DomainProvider.provide_inference'.
2025-03-16 19:04:21,648 [DEBUG]  Node 'run_MemoizationPolicy0' running 'MemoizationPolicy.predict_action_probabilities'.
2025-03-16 19:04:21,650 [DEBUG]  [[32m[1mdebug    [0m] [1mmemoization.predict.actions   [0m [36mtracker_states[0m=[35m[{'user': {'intent': 'ask_architecture'}, 'prev_action': {'action_name': 'action_listen'}}, {'user': {'intent': 'ask_architecture'}, 'prev_action': {'action_name': 'utter_architecture_response'}}][0m
2025-03-16 19:04:21,651 [DEBUG]  There is a memorised next action 'action_listen'
2025-03-16 19:04:21,652 [DEBUG]  Node 'run_RulePolicy1' running 'RulePolicy.predict_action_probabilities'.
2025-03-16 19:04:21,653 [DEBUG]  [[32m[1mdebug    [0m] [1mrule_policy.actions.find      [0m [36mcurrent_states[0m=[35m
[state 1] user intent: greet | previous action name: action_listen
[state 2] user intent: greet | previous action name: utter_greet
[state 3] user intent: request_info | previous action name: action_listen
[state 4] user intent: request_info | previous action name: utter_ask_more
[state 5] user intent: ask_architecture | previous action name: action_listen
[state 6] user intent: ask_architecture | previous action name: utter_architecture_response
[state 7] user intent: greet | previous action name: action_listen
[state 8] user intent: greet | previous action name: utter_greet
[state 9] user intent: ask_architecture | previous action name: action_listen
[state 10] user intent: ask_architecture | previous action name: utter_architecture_response[0m
2025-03-16 19:04:21,656 [DEBUG]  There is a rule for the next action 'action_listen'.
2025-03-16 19:04:21,657 [DEBUG]  Node 'run_TEDPolicy2' running 'TEDPolicy.predict_action_probabilities'.
2025-03-16 19:04:21,666 [DEBUG]  TED predicted 'action_listen' based on user intent.
2025-03-16 19:04:21,667 [DEBUG]  Node 'select_prediction' running 'DefaultPolicyPredictionEnsemble.combine_predictions_from_kwargs'.
2025-03-16 19:04:21,668 [DEBUG]  Predicted next action using RulePolicy.
2025-03-16 19:04:21,669 [DEBUG]  Predicted next action 'action_listen' with confidence 1.00.
2025-03-16 19:04:21,670 [DEBUG]  [[32m[1mdebug    [0m] [1mprocessor.actions.policy_prediction[0m [36mprediction_events[0m=[35m[][0m
2025-03-16 19:04:21,671 [DEBUG]  [[32m[1mdebug    [0m] [1mprocessor.actions.log         [0m [36maction_name[0m=[35maction_listen[0m [36mrasa_events[0m=[35m[][0m
2025-03-16 19:04:21,671 [DEBUG]  No event broker configured. Skipping streaming events.
2025-03-16 19:04:21,673 [DEBUG]  Deleted lock for conversation 'PractikumStudent'.
2025-03-16 19:04:40,613 [DEBUG]  Issuing ticket for conversation 'PractikumStudent'.
2025-03-16 19:04:40,614 [DEBUG]  Acquiring lock for conversation 'PractikumStudent'.
2025-03-16 19:04:40,615 [DEBUG]  Acquired lock for conversation 'PractikumStudent'.
2025-03-16 19:04:40,616 [DEBUG]  Recreating tracker for id 'PractikumStudent'
2025-03-16 19:04:40,621 [DEBUG]  Running graph with inputs: {'__message__': [<rasa.core.channels.channel.UserMessage object at 0x00000182188E72E0>], '__tracker__': <rasa.shared.core.trackers.DialogueStateTracker object at 0x0000018210F98D60>}, targets: ['run_RegexMessageHandler'] and ExecutionContext(model_id='d1db3d04f01c4ec3a9986afa2e259d30', should_add_diagnostic_data=False, is_finetuning=False, node_name=None).
2025-03-16 19:04:40,623 [DEBUG]  Node 'nlu_message_converter' running 'NLUMessageConverter.convert_user_message'.
2025-03-16 19:04:40,625 [DEBUG]  Node 'run_WhitespaceTokenizer0' running 'WhitespaceTokenizer.process'.
2025-03-16 19:04:40,626 [DEBUG]  Node 'run_RegexFeaturizer1' running 'RegexFeaturizer.process'.
2025-03-16 19:04:40,627 [DEBUG]  Node 'run_LexicalSyntacticFeaturizer2' running 'LexicalSyntacticFeaturizer.process'.
2025-03-16 19:04:40,629 [DEBUG]  Node 'run_CountVectorsFeaturizer3' running 'CountVectorsFeaturizer.process'.
2025-03-16 19:04:40,632 [DEBUG]  Node 'run_LanguageModelFeaturizer4' running 'LanguageModelFeaturizer.process'.
2025-03-16 19:04:41,055 [DEBUG]  Node 'run_DIETClassifier5' running 'DIETClassifier.process'.
2025-03-16 19:04:41,064 [DEBUG]  Node 'run_EntitySynonymMapper6' running 'EntitySynonymMapper.process'.
2025-03-16 19:04:41,064 [DEBUG]  Node 'run_ResponseSelector7' running 'ResponseSelector.process'.
2025-03-16 19:04:41,065 [DEBUG]  There is no trained model for 'ResponseSelector': The component is either not trained or didn't receive enough training data.
2025-03-16 19:04:41,066 [DEBUG]  Adding following selector key to message property: default
2025-03-16 19:04:41,067 [DEBUG]  Node 'domain_provider' running 'DomainProvider.provide_inference'.
2025-03-16 19:04:41,068 [DEBUG]  Node 'run_RegexMessageHandler' running 'RegexMessageHandler.process'.
2025-03-16 19:04:41,069 [DEBUG]  [[32m[1mdebug    [0m] [1mprocessor.message.parse       [0m [36mparse_data_entities[0m=[35m[][0m [36mparse_data_intent[0m=[35m{'name': 'ask_architecture', 'confidence': 0.8032330274581909}[0m [36mparse_data_text[0m=[35mчто такое микросервис?[0m
2025-03-16 19:04:41,071 [DEBUG]  Logged UserUtterance - tracker now has 40 events.
2025-03-16 19:04:41,073 [DEBUG]  Validating extracted slots: topic
2025-03-16 19:04:41,074 [DEBUG]  [[32m[1mdebug    [0m] [1mprocessor.extract.slots       [0m [36maction_extract_slot[0m=[35maction_extract_slots[0m [36mlen_extraction_events[0m=[35m1[0m [36mrasa_events[0m=[35m[SlotSet(key: topic, value: что такое микросервис?)][0m
2025-03-16 19:04:41,076 [DEBUG]  Running graph with inputs: {'__tracker__': <rasa.shared.core.trackers.DialogueStateTracker object at 0x0000018210F98D60>}, targets: ['select_prediction'] and ExecutionContext(model_id='d1db3d04f01c4ec3a9986afa2e259d30', should_add_diagnostic_data=False, is_finetuning=False, node_name=None).
2025-03-16 19:04:41,077 [DEBUG]  Node 'rule_only_data_provider' running 'RuleOnlyDataProvider.provide'.
2025-03-16 19:04:41,078 [DEBUG]  Node 'domain_provider' running 'DomainProvider.provide_inference'.
2025-03-16 19:04:41,079 [DEBUG]  Node 'run_MemoizationPolicy0' running 'MemoizationPolicy.predict_action_probabilities'.
2025-03-16 19:04:41,081 [DEBUG]  [[32m[1mdebug    [0m] [1mmemoization.predict.actions   [0m [36mtracker_states[0m=[35m[{'user': {'intent': 'ask_architecture'}, 'prev_action': {'action_name': 'utter_architecture_response'}}, {'user': {'intent': 'ask_architecture'}, 'prev_action': {'action_name': 'action_listen'}}][0m
2025-03-16 19:04:41,083 [DEBUG]  There is no memorised next action
2025-03-16 19:04:41,084 [DEBUG]  Node 'run_RulePolicy1' running 'RulePolicy.predict_action_probabilities'.
2025-03-16 19:04:41,087 [DEBUG]  [[32m[1mdebug    [0m] [1mrule_policy.actions.find      [0m [36mcurrent_states[0m=[35m
[state 1] user intent: greet | previous action name: action_listen
[state 2] user intent: greet | previous action name: utter_greet
[state 3] user intent: request_info | previous action name: action_listen
[state 4] user intent: request_info | previous action name: utter_ask_more
[state 5] user intent: ask_architecture | previous action name: action_listen
[state 6] user intent: ask_architecture | previous action name: utter_architecture_response
[state 7] user intent: greet | previous action name: action_listen
[state 8] user intent: greet | previous action name: utter_greet
[state 9] user intent: ask_architecture | previous action name: action_listen
[state 10] user intent: ask_architecture | previous action name: utter_architecture_response
[state 11] user text: что такое микросервис? | previous action name: action_listen[0m
2025-03-16 19:04:41,091 [DEBUG]  There is no applicable rule.
2025-03-16 19:04:41,093 [DEBUG]  [[32m[1mdebug    [0m] [1mrule_policy.actions.find      [0m [36mcurrent_states[0m=[35m
[state 1] user intent: greet | previous action name: action_listen
[state 2] user intent: greet | previous action name: utter_greet
[state 3] user intent: request_info | previous action name: action_listen
[state 4] user intent: request_info | previous action name: utter_ask_more
[state 5] user intent: ask_architecture | previous action name: action_listen
[state 6] user intent: ask_architecture | previous action name: utter_architecture_response
[state 7] user intent: greet | previous action name: action_listen
[state 8] user intent: greet | previous action name: utter_greet
[state 9] user intent: ask_architecture | previous action name: action_listen
[state 10] user intent: ask_architecture | previous action name: utter_architecture_response
[state 11] user intent: ask_architecture | previous action name: action_listen[0m
2025-03-16 19:04:41,095 [DEBUG]  There is a rule for the next action 'utter_architecture_response'.
2025-03-16 19:04:41,097 [DEBUG]  Node 'run_TEDPolicy2' running 'TEDPolicy.predict_action_probabilities'.
2025-03-16 19:04:41,106 [DEBUG]  TED predicted 'utter_architecture_response' based on user intent.
2025-03-16 19:04:41,107 [DEBUG]  Node 'select_prediction' running 'DefaultPolicyPredictionEnsemble.combine_predictions_from_kwargs'.
2025-03-16 19:04:41,108 [DEBUG]  Made prediction using user intent.
2025-03-16 19:04:41,109 [DEBUG]  Added `DefinePrevUserUtteredFeaturization(False)` event.
2025-03-16 19:04:41,109 [DEBUG]  Predicted next action using RulePolicy.
2025-03-16 19:04:41,110 [DEBUG]  Predicted next action 'utter_architecture_response' with confidence 1.00.
2025-03-16 19:04:41,111 [DEBUG]  [[32m[1mdebug    [0m] [1mprocessor.actions.policy_prediction[0m [36mprediction_events[0m=[35m[<rasa.shared.core.events.DefinePrevUserUtteredFeaturization object at 0x0000018218978340>][0m
2025-03-16 19:04:41,113 [DEBUG]  [[32m[1mdebug    [0m] [1mprocessor.actions.log         [0m [36maction_name[0m=[35mutter_architecture_response[0m [36mrasa_events[0m=[35m[BotUttered('Архитектура ПО включает выбор структур, которые обеспечивают масштабируемость, гибкость и поддерживаемость приложения. Задайте конкретный вопрос по этой теме, и я помогу вам с информацией.', {"elements": null, "quick_replies": null, "buttons": null, "attachment": null, "image": null, "custom": null}, {"utter_action": "utter_architecture_response"}, 1742173481.1114893)][0m
2025-03-16 19:04:41,115 [DEBUG]  Running graph with inputs: {'__tracker__': <rasa.shared.core.trackers.DialogueStateTracker object at 0x0000018210F98D60>}, targets: ['select_prediction'] and ExecutionContext(model_id='d1db3d04f01c4ec3a9986afa2e259d30', should_add_diagnostic_data=False, is_finetuning=False, node_name=None).
2025-03-16 19:04:41,116 [DEBUG]  Node 'rule_only_data_provider' running 'RuleOnlyDataProvider.provide'.
2025-03-16 19:04:41,117 [DEBUG]  Node 'domain_provider' running 'DomainProvider.provide_inference'.
2025-03-16 19:04:41,117 [DEBUG]  Node 'run_MemoizationPolicy0' running 'MemoizationPolicy.predict_action_probabilities'.
2025-03-16 19:04:41,119 [DEBUG]  [[32m[1mdebug    [0m] [1mmemoization.predict.actions   [0m [36mtracker_states[0m=[35m[{'user': {'intent': 'ask_architecture'}, 'prev_action': {'action_name': 'action_listen'}}, {'user': {'intent': 'ask_architecture'}, 'prev_action': {'action_name': 'utter_architecture_response'}}][0m
2025-03-16 19:04:41,120 [DEBUG]  There is a memorised next action 'action_listen'
2025-03-16 19:04:41,121 [DEBUG]  Node 'run_RulePolicy1' running 'RulePolicy.predict_action_probabilities'.
2025-03-16 19:04:41,123 [DEBUG]  [[32m[1mdebug    [0m] [1mrule_policy.actions.find      [0m [36mcurrent_states[0m=[35m
[state 1] user intent: greet | previous action name: action_listen
[state 2] user intent: greet | previous action name: utter_greet
[state 3] user intent: request_info | previous action name: action_listen
[state 4] user intent: request_info | previous action name: utter_ask_more
[state 5] user intent: ask_architecture | previous action name: action_listen
[state 6] user intent: ask_architecture | previous action name: utter_architecture_response
[state 7] user intent: greet | previous action name: action_listen
[state 8] user intent: greet | previous action name: utter_greet
[state 9] user intent: ask_architecture | previous action name: action_listen
[state 10] user intent: ask_architecture | previous action name: utter_architecture_response
[state 11] user intent: ask_architecture | previous action name: action_listen
[state 12] user intent: ask_architecture | previous action name: utter_architecture_response[0m
2025-03-16 19:04:41,126 [DEBUG]  There is a rule for the next action 'action_listen'.
2025-03-16 19:04:41,127 [DEBUG]  Node 'run_TEDPolicy2' running 'TEDPolicy.predict_action_probabilities'.
2025-03-16 19:04:41,136 [DEBUG]  TED predicted 'action_listen' based on user intent.
2025-03-16 19:04:41,137 [DEBUG]  Node 'select_prediction' running 'DefaultPolicyPredictionEnsemble.combine_predictions_from_kwargs'.
2025-03-16 19:04:41,138 [DEBUG]  Predicted next action using RulePolicy.
2025-03-16 19:04:41,140 [DEBUG]  Predicted next action 'action_listen' with confidence 1.00.
2025-03-16 19:04:41,141 [DEBUG]  [[32m[1mdebug    [0m] [1mprocessor.actions.policy_prediction[0m [36mprediction_events[0m=[35m[][0m
2025-03-16 19:04:41,143 [DEBUG]  [[32m[1mdebug    [0m] [1mprocessor.actions.log         [0m [36maction_name[0m=[35maction_listen[0m [36mrasa_events[0m=[35m[][0m
2025-03-16 19:04:41,144 [DEBUG]  No event broker configured. Skipping streaming events.
2025-03-16 19:04:41,146 [DEBUG]  Deleted lock for conversation 'PractikumStudent'.
2025-03-16 19:04:59,329 [DEBUG]  Issuing ticket for conversation 'PractikumStudent'.
2025-03-16 19:04:59,330 [DEBUG]  Acquiring lock for conversation 'PractikumStudent'.
2025-03-16 19:04:59,330 [DEBUG]  Acquired lock for conversation 'PractikumStudent'.
2025-03-16 19:04:59,331 [DEBUG]  Recreating tracker for id 'PractikumStudent'
2025-03-16 19:04:59,339 [DEBUG]  Running graph with inputs: {'__message__': [<rasa.core.channels.channel.UserMessage object at 0x0000018217A94610>], '__tracker__': <rasa.shared.core.trackers.DialogueStateTracker object at 0x0000018210F9BC70>}, targets: ['run_RegexMessageHandler'] and ExecutionContext(model_id='d1db3d04f01c4ec3a9986afa2e259d30', should_add_diagnostic_data=False, is_finetuning=False, node_name=None).
2025-03-16 19:04:59,342 [DEBUG]  Node 'nlu_message_converter' running 'NLUMessageConverter.convert_user_message'.
2025-03-16 19:04:59,342 [DEBUG]  Node 'run_WhitespaceTokenizer0' running 'WhitespaceTokenizer.process'.
2025-03-16 19:04:59,343 [DEBUG]  Node 'run_RegexFeaturizer1' running 'RegexFeaturizer.process'.
2025-03-16 19:04:59,344 [DEBUG]  Node 'run_LexicalSyntacticFeaturizer2' running 'LexicalSyntacticFeaturizer.process'.
2025-03-16 19:04:59,345 [DEBUG]  Node 'run_CountVectorsFeaturizer3' running 'CountVectorsFeaturizer.process'.
2025-03-16 19:04:59,347 [DEBUG]  Node 'run_LanguageModelFeaturizer4' running 'LanguageModelFeaturizer.process'.
2025-03-16 19:04:59,724 [DEBUG]  Node 'run_DIETClassifier5' running 'DIETClassifier.process'.
2025-03-16 19:04:59,731 [DEBUG]  Node 'run_EntitySynonymMapper6' running 'EntitySynonymMapper.process'.
2025-03-16 19:04:59,732 [DEBUG]  Node 'run_ResponseSelector7' running 'ResponseSelector.process'.
2025-03-16 19:04:59,733 [DEBUG]  There is no trained model for 'ResponseSelector': The component is either not trained or didn't receive enough training data.
2025-03-16 19:04:59,733 [DEBUG]  Adding following selector key to message property: default
2025-03-16 19:04:59,734 [DEBUG]  Node 'domain_provider' running 'DomainProvider.provide_inference'.
2025-03-16 19:04:59,735 [DEBUG]  Node 'run_RegexMessageHandler' running 'RegexMessageHandler.process'.
2025-03-16 19:04:59,736 [DEBUG]  [[32m[1mdebug    [0m] [1mprocessor.message.parse       [0m [36mparse_data_entities[0m=[35m[][0m [36mparse_data_intent[0m=[35m{'name': 'ask_architecture', 'confidence': 0.5540689826011658}[0m [36mparse_data_text[0m=[35mкакой вопрос напрример?[0m
2025-03-16 19:04:59,738 [DEBUG]  Logged UserUtterance - tracker now has 46 events.
2025-03-16 19:04:59,738 [DEBUG]  Validating extracted slots: topic
2025-03-16 19:04:59,740 [DEBUG]  [[32m[1mdebug    [0m] [1mprocessor.extract.slots       [0m [36maction_extract_slot[0m=[35maction_extract_slots[0m [36mlen_extraction_events[0m=[35m1[0m [36mrasa_events[0m=[35m[SlotSet(key: topic, value: какой вопрос напрример?)][0m
2025-03-16 19:04:59,741 [DEBUG]  Running graph with inputs: {'__tracker__': <rasa.shared.core.trackers.DialogueStateTracker object at 0x0000018210F9BC70>}, targets: ['select_prediction'] and ExecutionContext(model_id='d1db3d04f01c4ec3a9986afa2e259d30', should_add_diagnostic_data=False, is_finetuning=False, node_name=None).
2025-03-16 19:04:59,743 [DEBUG]  Node 'rule_only_data_provider' running 'RuleOnlyDataProvider.provide'.
2025-03-16 19:04:59,743 [DEBUG]  Node 'domain_provider' running 'DomainProvider.provide_inference'.
2025-03-16 19:04:59,744 [DEBUG]  Node 'run_MemoizationPolicy0' running 'MemoizationPolicy.predict_action_probabilities'.
2025-03-16 19:04:59,746 [DEBUG]  [[32m[1mdebug    [0m] [1mmemoization.predict.actions   [0m [36mtracker_states[0m=[35m[{'user': {'intent': 'ask_architecture'}, 'prev_action': {'action_name': 'utter_architecture_response'}}, {'user': {'intent': 'ask_architecture'}, 'prev_action': {'action_name': 'action_listen'}}][0m
2025-03-16 19:04:59,747 [DEBUG]  There is no memorised next action
2025-03-16 19:04:59,747 [DEBUG]  Node 'run_RulePolicy1' running 'RulePolicy.predict_action_probabilities'.
2025-03-16 19:04:59,749 [DEBUG]  [[32m[1mdebug    [0m] [1mrule_policy.actions.find      [0m [36mcurrent_states[0m=[35m
[state 1] user intent: greet | previous action name: action_listen
[state 2] user intent: greet | previous action name: utter_greet
[state 3] user intent: request_info | previous action name: action_listen
[state 4] user intent: request_info | previous action name: utter_ask_more
[state 5] user intent: ask_architecture | previous action name: action_listen
[state 6] user intent: ask_architecture | previous action name: utter_architecture_response
[state 7] user intent: greet | previous action name: action_listen
[state 8] user intent: greet | previous action name: utter_greet
[state 9] user intent: ask_architecture | previous action name: action_listen
[state 10] user intent: ask_architecture | previous action name: utter_architecture_response
[state 11] user intent: ask_architecture | previous action name: action_listen
[state 12] user intent: ask_architecture | previous action name: utter_architecture_response
[state 13] user text: какой вопрос напрример? | previous action name: action_listen[0m
2025-03-16 19:04:59,752 [DEBUG]  There is no applicable rule.
2025-03-16 19:04:59,754 [DEBUG]  [[32m[1mdebug    [0m] [1mrule_policy.actions.find      [0m [36mcurrent_states[0m=[35m
[state 1] user intent: greet | previous action name: action_listen
[state 2] user intent: greet | previous action name: utter_greet
[state 3] user intent: request_info | previous action name: action_listen
[state 4] user intent: request_info | previous action name: utter_ask_more
[state 5] user intent: ask_architecture | previous action name: action_listen
[state 6] user intent: ask_architecture | previous action name: utter_architecture_response
[state 7] user intent: greet | previous action name: action_listen
[state 8] user intent: greet | previous action name: utter_greet
[state 9] user intent: ask_architecture | previous action name: action_listen
[state 10] user intent: ask_architecture | previous action name: utter_architecture_response
[state 11] user intent: ask_architecture | previous action name: action_listen
[state 12] user intent: ask_architecture | previous action name: utter_architecture_response
[state 13] user intent: ask_architecture | previous action name: action_listen[0m
2025-03-16 19:04:59,758 [DEBUG]  There is a rule for the next action 'utter_architecture_response'.
2025-03-16 19:04:59,759 [DEBUG]  Node 'run_TEDPolicy2' running 'TEDPolicy.predict_action_probabilities'.
2025-03-16 19:04:59,767 [DEBUG]  TED predicted 'utter_architecture_response' based on user intent.
2025-03-16 19:04:59,768 [DEBUG]  Node 'select_prediction' running 'DefaultPolicyPredictionEnsemble.combine_predictions_from_kwargs'.
2025-03-16 19:04:59,769 [DEBUG]  Made prediction using user intent.
2025-03-16 19:04:59,770 [DEBUG]  Added `DefinePrevUserUtteredFeaturization(False)` event.
2025-03-16 19:04:59,770 [DEBUG]  Predicted next action using RulePolicy.
2025-03-16 19:04:59,771 [DEBUG]  Predicted next action 'utter_architecture_response' with confidence 1.00.
2025-03-16 19:04:59,773 [DEBUG]  [[32m[1mdebug    [0m] [1mprocessor.actions.policy_prediction[0m [36mprediction_events[0m=[35m[<rasa.shared.core.events.DefinePrevUserUtteredFeaturization object at 0x0000018215D57040>][0m
2025-03-16 19:04:59,775 [DEBUG]  [[32m[1mdebug    [0m] [1mprocessor.actions.log         [0m [36maction_name[0m=[35mutter_architecture_response[0m [36mrasa_events[0m=[35m[BotUttered('Архитектура ПО включает выбор структур, которые обеспечивают масштабируемость, гибкость и поддерживаемость приложения. Задайте конкретный вопрос по этой теме, и я помогу вам с информацией.', {"elements": null, "quick_replies": null, "buttons": null, "attachment": null, "image": null, "custom": null}, {"utter_action": "utter_architecture_response"}, 1742173499.7737718)][0m
2025-03-16 19:04:59,777 [DEBUG]  Running graph with inputs: {'__tracker__': <rasa.shared.core.trackers.DialogueStateTracker object at 0x0000018210F9BC70>}, targets: ['select_prediction'] and ExecutionContext(model_id='d1db3d04f01c4ec3a9986afa2e259d30', should_add_diagnostic_data=False, is_finetuning=False, node_name=None).
2025-03-16 19:04:59,778 [DEBUG]  Node 'rule_only_data_provider' running 'RuleOnlyDataProvider.provide'.
2025-03-16 19:04:59,779 [DEBUG]  Node 'domain_provider' running 'DomainProvider.provide_inference'.
2025-03-16 19:04:59,779 [DEBUG]  Node 'run_MemoizationPolicy0' running 'MemoizationPolicy.predict_action_probabilities'.
2025-03-16 19:04:59,781 [DEBUG]  [[32m[1mdebug    [0m] [1mmemoization.predict.actions   [0m [36mtracker_states[0m=[35m[{'user': {'intent': 'ask_architecture'}, 'prev_action': {'action_name': 'action_listen'}}, {'user': {'intent': 'ask_architecture'}, 'prev_action': {'action_name': 'utter_architecture_response'}}][0m
2025-03-16 19:04:59,782 [DEBUG]  There is a memorised next action 'action_listen'
2025-03-16 19:04:59,783 [DEBUG]  Node 'run_RulePolicy1' running 'RulePolicy.predict_action_probabilities'.
2025-03-16 19:04:59,784 [DEBUG]  [[32m[1mdebug    [0m] [1mrule_policy.actions.find      [0m [36mcurrent_states[0m=[35m
[state 1] user intent: greet | previous action name: action_listen
[state 2] user intent: greet | previous action name: utter_greet
[state 3] user intent: request_info | previous action name: action_listen
[state 4] user intent: request_info | previous action name: utter_ask_more
[state 5] user intent: ask_architecture | previous action name: action_listen
[state 6] user intent: ask_architecture | previous action name: utter_architecture_response
[state 7] user intent: greet | previous action name: action_listen
[state 8] user intent: greet | previous action name: utter_greet
[state 9] user intent: ask_architecture | previous action name: action_listen
[state 10] user intent: ask_architecture | previous action name: utter_architecture_response
[state 11] user intent: ask_architecture | previous action name: action_listen
[state 12] user intent: ask_architecture | previous action name: utter_architecture_response
[state 13] user intent: ask_architecture | previous action name: action_listen
[state 14] user intent: ask_architecture | previous action name: utter_architecture_response[0m
2025-03-16 19:04:59,788 [DEBUG]  There is a rule for the next action 'action_listen'.
2025-03-16 19:04:59,789 [DEBUG]  Node 'run_TEDPolicy2' running 'TEDPolicy.predict_action_probabilities'.
2025-03-16 19:04:59,797 [DEBUG]  TED predicted 'action_listen' based on user intent.
2025-03-16 19:04:59,798 [DEBUG]  Node 'select_prediction' running 'DefaultPolicyPredictionEnsemble.combine_predictions_from_kwargs'.
2025-03-16 19:04:59,799 [DEBUG]  Predicted next action using RulePolicy.
2025-03-16 19:04:59,799 [DEBUG]  Predicted next action 'action_listen' with confidence 1.00.
2025-03-16 19:04:59,800 [DEBUG]  [[32m[1mdebug    [0m] [1mprocessor.actions.policy_prediction[0m [36mprediction_events[0m=[35m[][0m
2025-03-16 19:04:59,801 [DEBUG]  [[32m[1mdebug    [0m] [1mprocessor.actions.log         [0m [36maction_name[0m=[35maction_listen[0m [36mrasa_events[0m=[35m[][0m
2025-03-16 19:04:59,802 [DEBUG]  No event broker configured. Skipping streaming events.
2025-03-16 19:04:59,805 [DEBUG]  Deleted lock for conversation 'PractikumStudent'.
2025-03-16 19:05:16,802 [DEBUG]  Issuing ticket for conversation 'PractikumStudent'.
2025-03-16 19:05:16,803 [DEBUG]  Acquiring lock for conversation 'PractikumStudent'.
2025-03-16 19:05:16,803 [DEBUG]  Acquired lock for conversation 'PractikumStudent'.
2025-03-16 19:05:16,804 [DEBUG]  Recreating tracker for id 'PractikumStudent'
2025-03-16 19:05:16,811 [DEBUG]  Running graph with inputs: {'__message__': [<rasa.core.channels.channel.UserMessage object at 0x0000018217A94610>], '__tracker__': <rasa.shared.core.trackers.DialogueStateTracker object at 0x0000018210F98D60>}, targets: ['run_RegexMessageHandler'] and ExecutionContext(model_id='d1db3d04f01c4ec3a9986afa2e259d30', should_add_diagnostic_data=False, is_finetuning=False, node_name=None).
2025-03-16 19:05:16,813 [DEBUG]  Node 'nlu_message_converter' running 'NLUMessageConverter.convert_user_message'.
2025-03-16 19:05:16,814 [DEBUG]  Node 'run_WhitespaceTokenizer0' running 'WhitespaceTokenizer.process'.
2025-03-16 19:05:16,815 [DEBUG]  Node 'run_RegexFeaturizer1' running 'RegexFeaturizer.process'.
2025-03-16 19:05:16,816 [DEBUG]  Node 'run_LexicalSyntacticFeaturizer2' running 'LexicalSyntacticFeaturizer.process'.
2025-03-16 19:05:16,817 [DEBUG]  Node 'run_CountVectorsFeaturizer3' running 'CountVectorsFeaturizer.process'.
2025-03-16 19:05:16,819 [DEBUG]  Node 'run_LanguageModelFeaturizer4' running 'LanguageModelFeaturizer.process'.
2025-03-16 19:05:17,182 [DEBUG]  Node 'run_DIETClassifier5' running 'DIETClassifier.process'.
2025-03-16 19:05:17,191 [DEBUG]  Node 'run_EntitySynonymMapper6' running 'EntitySynonymMapper.process'.
2025-03-16 19:05:17,191 [DEBUG]  Node 'run_ResponseSelector7' running 'ResponseSelector.process'.
2025-03-16 19:05:17,193 [DEBUG]  There is no trained model for 'ResponseSelector': The component is either not trained or didn't receive enough training data.
2025-03-16 19:05:17,194 [DEBUG]  Adding following selector key to message property: default
2025-03-16 19:05:17,195 [DEBUG]  Node 'domain_provider' running 'DomainProvider.provide_inference'.
2025-03-16 19:05:17,196 [DEBUG]  Node 'run_RegexMessageHandler' running 'RegexMessageHandler.process'.
2025-03-16 19:05:17,197 [DEBUG]  [[32m[1mdebug    [0m] [1mprocessor.message.parse       [0m [36mparse_data_entities[0m=[35m[][0m [36mparse_data_intent[0m=[35m{'name': 'goodbye', 'confidence': 0.2925526797771454}[0m [36mparse_data_text[0m=[35mмикросервис[0m
2025-03-16 19:05:17,198 [DEBUG]  Logged UserUtterance - tracker now has 52 events.
2025-03-16 19:05:17,199 [DEBUG]  Validating extracted slots: topic
2025-03-16 19:05:17,200 [DEBUG]  [[32m[1mdebug    [0m] [1mprocessor.extract.slots       [0m [36maction_extract_slot[0m=[35maction_extract_slots[0m [36mlen_extraction_events[0m=[35m1[0m [36mrasa_events[0m=[35m[SlotSet(key: topic, value: микросервис)][0m
2025-03-16 19:05:17,202 [DEBUG]  Running graph with inputs: {'__tracker__': <rasa.shared.core.trackers.DialogueStateTracker object at 0x0000018210F98D60>}, targets: ['select_prediction'] and ExecutionContext(model_id='d1db3d04f01c4ec3a9986afa2e259d30', should_add_diagnostic_data=False, is_finetuning=False, node_name=None).
2025-03-16 19:05:17,204 [DEBUG]  Node 'rule_only_data_provider' running 'RuleOnlyDataProvider.provide'.
2025-03-16 19:05:17,205 [DEBUG]  Node 'domain_provider' running 'DomainProvider.provide_inference'.
2025-03-16 19:05:17,206 [DEBUG]  Node 'run_MemoizationPolicy0' running 'MemoizationPolicy.predict_action_probabilities'.
2025-03-16 19:05:17,208 [DEBUG]  [[32m[1mdebug    [0m] [1mmemoization.predict.actions   [0m [36mtracker_states[0m=[35m[{'user': {'intent': 'ask_architecture'}, 'prev_action': {'action_name': 'utter_architecture_response'}}, {'user': {'intent': 'goodbye'}, 'prev_action': {'action_name': 'action_listen'}}][0m
2025-03-16 19:05:17,210 [DEBUG]  There is no memorised next action
2025-03-16 19:05:17,210 [DEBUG]  Node 'run_RulePolicy1' running 'RulePolicy.predict_action_probabilities'.
2025-03-16 19:05:17,212 [DEBUG]  [[32m[1mdebug    [0m] [1mrule_policy.actions.find      [0m [36mcurrent_states[0m=[35m
[state 1] user intent: greet | previous action name: action_listen
[state 2] user intent: greet | previous action name: utter_greet
[state 3] user intent: request_info | previous action name: action_listen
[state 4] user intent: request_info | previous action name: utter_ask_more
[state 5] user intent: ask_architecture | previous action name: action_listen
[state 6] user intent: ask_architecture | previous action name: utter_architecture_response
[state 7] user intent: greet | previous action name: action_listen
[state 8] user intent: greet | previous action name: utter_greet
[state 9] user intent: ask_architecture | previous action name: action_listen
[state 10] user intent: ask_architecture | previous action name: utter_architecture_response
[state 11] user intent: ask_architecture | previous action name: action_listen
[state 12] user intent: ask_architecture | previous action name: utter_architecture_response
[state 13] user intent: ask_architecture | previous action name: action_listen
[state 14] user intent: ask_architecture | previous action name: utter_architecture_response
[state 15] user text: микросервис | previous action name: action_listen[0m
2025-03-16 19:05:17,216 [DEBUG]  There is no applicable rule.
2025-03-16 19:05:17,219 [DEBUG]  [[32m[1mdebug    [0m] [1mrule_policy.actions.find      [0m [36mcurrent_states[0m=[35m
[state 1] user intent: greet | previous action name: action_listen
[state 2] user intent: greet | previous action name: utter_greet
[state 3] user intent: request_info | previous action name: action_listen
[state 4] user intent: request_info | previous action name: utter_ask_more
[state 5] user intent: ask_architecture | previous action name: action_listen
[state 6] user intent: ask_architecture | previous action name: utter_architecture_response
[state 7] user intent: greet | previous action name: action_listen
[state 8] user intent: greet | previous action name: utter_greet
[state 9] user intent: ask_architecture | previous action name: action_listen
[state 10] user intent: ask_architecture | previous action name: utter_architecture_response
[state 11] user intent: ask_architecture | previous action name: action_listen
[state 12] user intent: ask_architecture | previous action name: utter_architecture_response
[state 13] user intent: ask_architecture | previous action name: action_listen
[state 14] user intent: ask_architecture | previous action name: utter_architecture_response
[state 15] user intent: goodbye | previous action name: action_listen[0m
2025-03-16 19:05:17,223 [DEBUG]  There is a rule for the next action 'utter_goodbye'.
2025-03-16 19:05:17,224 [DEBUG]  Node 'run_TEDPolicy2' running 'TEDPolicy.predict_action_probabilities'.
2025-03-16 19:05:17,233 [DEBUG]  TED predicted 'utter_goodbye' based on user intent.
2025-03-16 19:05:17,234 [DEBUG]  Node 'select_prediction' running 'DefaultPolicyPredictionEnsemble.combine_predictions_from_kwargs'.
2025-03-16 19:05:17,235 [DEBUG]  Made prediction using user intent.
2025-03-16 19:05:17,235 [DEBUG]  Added `DefinePrevUserUtteredFeaturization(False)` event.
2025-03-16 19:05:17,236 [DEBUG]  Predicted next action using RulePolicy.
2025-03-16 19:05:17,237 [DEBUG]  Predicted next action 'utter_goodbye' with confidence 1.00.
2025-03-16 19:05:17,239 [DEBUG]  [[32m[1mdebug    [0m] [1mprocessor.actions.policy_prediction[0m [36mprediction_events[0m=[35m[<rasa.shared.core.events.DefinePrevUserUtteredFeaturization object at 0x0000018215D55DE0>][0m
2025-03-16 19:05:17,240 [DEBUG]  [[32m[1mdebug    [0m] [1mprocessor.actions.log         [0m [36maction_name[0m=[35mutter_goodbye[0m [36mrasa_events[0m=[35m[BotUttered('До свидания! Если появятся вопросы по архитектуре ПО, обращайтесь.', {"elements": null, "quick_replies": null, "buttons": null, "attachment": null, "image": null, "custom": null}, {"utter_action": "utter_goodbye"}, 1742173517.2388823)][0m
2025-03-16 19:05:17,242 [DEBUG]  Running graph with inputs: {'__tracker__': <rasa.shared.core.trackers.DialogueStateTracker object at 0x0000018210F98D60>}, targets: ['select_prediction'] and ExecutionContext(model_id='d1db3d04f01c4ec3a9986afa2e259d30', should_add_diagnostic_data=False, is_finetuning=False, node_name=None).
2025-03-16 19:05:17,244 [DEBUG]  Node 'rule_only_data_provider' running 'RuleOnlyDataProvider.provide'.
2025-03-16 19:05:17,244 [DEBUG]  Node 'domain_provider' running 'DomainProvider.provide_inference'.
2025-03-16 19:05:17,246 [DEBUG]  Node 'run_MemoizationPolicy0' running 'MemoizationPolicy.predict_action_probabilities'.
2025-03-16 19:05:17,248 [DEBUG]  [[32m[1mdebug    [0m] [1mmemoization.predict.actions   [0m [36mtracker_states[0m=[35m[{'user': {'intent': 'goodbye'}, 'prev_action': {'action_name': 'action_listen'}}, {'user': {'intent': 'goodbye'}, 'prev_action': {'action_name': 'utter_goodbye'}}][0m
2025-03-16 19:05:17,249 [DEBUG]  There is a memorised next action 'action_listen'
2025-03-16 19:05:17,251 [DEBUG]  Node 'run_RulePolicy1' running 'RulePolicy.predict_action_probabilities'.
2025-03-16 19:05:17,252 [DEBUG]  [[32m[1mdebug    [0m] [1mrule_policy.actions.find      [0m [36mcurrent_states[0m=[35m
[state 1] user intent: greet | previous action name: action_listen
[state 2] user intent: greet | previous action name: utter_greet
[state 3] user intent: request_info | previous action name: action_listen
[state 4] user intent: request_info | previous action name: utter_ask_more
[state 5] user intent: ask_architecture | previous action name: action_listen
[state 6] user intent: ask_architecture | previous action name: utter_architecture_response
[state 7] user intent: greet | previous action name: action_listen
[state 8] user intent: greet | previous action name: utter_greet
[state 9] user intent: ask_architecture | previous action name: action_listen
[state 10] user intent: ask_architecture | previous action name: utter_architecture_response
[state 11] user intent: ask_architecture | previous action name: action_listen
[state 12] user intent: ask_architecture | previous action name: utter_architecture_response
[state 13] user intent: ask_architecture | previous action name: action_listen
[state 14] user intent: ask_architecture | previous action name: utter_architecture_response
[state 15] user intent: goodbye | previous action name: action_listen
[state 16] user intent: goodbye | previous action name: utter_goodbye[0m
2025-03-16 19:05:17,256 [DEBUG]  There is a rule for the next action 'action_listen'.
2025-03-16 19:05:17,257 [DEBUG]  Node 'run_TEDPolicy2' running 'TEDPolicy.predict_action_probabilities'.
2025-03-16 19:05:17,268 [DEBUG]  TED predicted 'action_listen' based on user intent.
2025-03-16 19:05:17,269 [DEBUG]  Node 'select_prediction' running 'DefaultPolicyPredictionEnsemble.combine_predictions_from_kwargs'.
2025-03-16 19:05:17,270 [DEBUG]  Predicted next action using RulePolicy.
2025-03-16 19:05:17,270 [DEBUG]  Predicted next action 'action_listen' with confidence 1.00.
2025-03-16 19:05:17,272 [DEBUG]  [[32m[1mdebug    [0m] [1mprocessor.actions.policy_prediction[0m [36mprediction_events[0m=[35m[][0m
2025-03-16 19:05:17,273 [DEBUG]  [[32m[1mdebug    [0m] [1mprocessor.actions.log         [0m [36maction_name[0m=[35maction_listen[0m [36mrasa_events[0m=[35m[][0m
2025-03-16 19:05:17,277 [DEBUG]  No event broker configured. Skipping streaming events.
2025-03-16 19:05:17,279 [DEBUG]  Deleted lock for conversation 'PractikumStudent'.
2025-03-16 19:05:33,124 [DEBUG]  Issuing ticket for conversation 'PractikumStudent'.
2025-03-16 19:05:33,125 [DEBUG]  Acquiring lock for conversation 'PractikumStudent'.
2025-03-16 19:05:33,126 [DEBUG]  Acquired lock for conversation 'PractikumStudent'.
2025-03-16 19:05:33,126 [DEBUG]  Recreating tracker for id 'PractikumStudent'
2025-03-16 19:05:33,134 [DEBUG]  Running graph with inputs: {'__message__': [<rasa.core.channels.channel.UserMessage object at 0x0000018218962C20>], '__tracker__': <rasa.shared.core.trackers.DialogueStateTracker object at 0x0000018210F9BC70>}, targets: ['run_RegexMessageHandler'] and ExecutionContext(model_id='d1db3d04f01c4ec3a9986afa2e259d30', should_add_diagnostic_data=False, is_finetuning=False, node_name=None).
2025-03-16 19:05:33,136 [DEBUG]  Node 'nlu_message_converter' running 'NLUMessageConverter.convert_user_message'.
2025-03-16 19:05:33,137 [DEBUG]  Node 'run_WhitespaceTokenizer0' running 'WhitespaceTokenizer.process'.
2025-03-16 19:05:33,138 [DEBUG]  Node 'run_RegexFeaturizer1' running 'RegexFeaturizer.process'.
2025-03-16 19:05:33,139 [DEBUG]  Node 'run_LexicalSyntacticFeaturizer2' running 'LexicalSyntacticFeaturizer.process'.
2025-03-16 19:05:33,140 [DEBUG]  Node 'run_CountVectorsFeaturizer3' running 'CountVectorsFeaturizer.process'.
2025-03-16 19:05:33,142 [DEBUG]  Node 'run_LanguageModelFeaturizer4' running 'LanguageModelFeaturizer.process'.
2025-03-16 19:05:33,492 [DEBUG]  Node 'run_DIETClassifier5' running 'DIETClassifier.process'.
2025-03-16 19:05:33,500 [DEBUG]  Node 'run_EntitySynonymMapper6' running 'EntitySynonymMapper.process'.
2025-03-16 19:05:33,501 [DEBUG]  Node 'run_ResponseSelector7' running 'ResponseSelector.process'.
2025-03-16 19:05:33,502 [DEBUG]  There is no trained model for 'ResponseSelector': The component is either not trained or didn't receive enough training data.
2025-03-16 19:05:33,503 [DEBUG]  Adding following selector key to message property: default
2025-03-16 19:05:33,503 [DEBUG]  Node 'domain_provider' running 'DomainProvider.provide_inference'.
2025-03-16 19:05:33,504 [DEBUG]  Node 'run_RegexMessageHandler' running 'RegexMessageHandler.process'.
2025-03-16 19:05:33,505 [DEBUG]  [[32m[1mdebug    [0m] [1mprocessor.message.parse       [0m [36mparse_data_entities[0m=[35m[][0m [36mparse_data_intent[0m=[35m{'name': 'greet', 'confidence': 0.3709259331226349}[0m [36mparse_data_text[0m=[35mпривет[0m
2025-03-16 19:05:33,506 [DEBUG]  Logged UserUtterance - tracker now has 58 events.
2025-03-16 19:05:33,507 [DEBUG]  Validating extracted slots: topic
2025-03-16 19:05:33,509 [DEBUG]  [[32m[1mdebug    [0m] [1mprocessor.extract.slots       [0m [36maction_extract_slot[0m=[35maction_extract_slots[0m [36mlen_extraction_events[0m=[35m1[0m [36mrasa_events[0m=[35m[SlotSet(key: topic, value: привет)][0m
2025-03-16 19:05:33,510 [DEBUG]  Running graph with inputs: {'__tracker__': <rasa.shared.core.trackers.DialogueStateTracker object at 0x0000018210F9BC70>}, targets: ['select_prediction'] and ExecutionContext(model_id='d1db3d04f01c4ec3a9986afa2e259d30', should_add_diagnostic_data=False, is_finetuning=False, node_name=None).
2025-03-16 19:05:33,511 [DEBUG]  Node 'rule_only_data_provider' running 'RuleOnlyDataProvider.provide'.
2025-03-16 19:05:33,512 [DEBUG]  Node 'domain_provider' running 'DomainProvider.provide_inference'.
2025-03-16 19:05:33,513 [DEBUG]  Node 'run_MemoizationPolicy0' running 'MemoizationPolicy.predict_action_probabilities'.
2025-03-16 19:05:33,514 [DEBUG]  [[32m[1mdebug    [0m] [1mmemoization.predict.actions   [0m [36mtracker_states[0m=[35m[{'user': {'intent': 'goodbye'}, 'prev_action': {'action_name': 'utter_goodbye'}}, {'user': {'intent': 'greet'}, 'prev_action': {'action_name': 'action_listen'}}][0m
2025-03-16 19:05:33,515 [DEBUG]  There is no memorised next action
2025-03-16 19:05:33,516 [DEBUG]  Node 'run_RulePolicy1' running 'RulePolicy.predict_action_probabilities'.
2025-03-16 19:05:33,519 [DEBUG]  [[32m[1mdebug    [0m] [1mrule_policy.actions.find      [0m [36mcurrent_states[0m=[35m
[state 1] user intent: greet | previous action name: action_listen
[state 2] user intent: greet | previous action name: utter_greet
[state 3] user intent: request_info | previous action name: action_listen
[state 4] user intent: request_info | previous action name: utter_ask_more
[state 5] user intent: ask_architecture | previous action name: action_listen
[state 6] user intent: ask_architecture | previous action name: utter_architecture_response
[state 7] user intent: greet | previous action name: action_listen
[state 8] user intent: greet | previous action name: utter_greet
[state 9] user intent: ask_architecture | previous action name: action_listen
[state 10] user intent: ask_architecture | previous action name: utter_architecture_response
[state 11] user intent: ask_architecture | previous action name: action_listen
[state 12] user intent: ask_architecture | previous action name: utter_architecture_response
[state 13] user intent: ask_architecture | previous action name: action_listen
[state 14] user intent: ask_architecture | previous action name: utter_architecture_response
[state 15] user intent: goodbye | previous action name: action_listen
[state 16] user intent: goodbye | previous action name: utter_goodbye
[state 17] user text: привет | previous action name: action_listen[0m
2025-03-16 19:05:33,523 [DEBUG]  There is no applicable rule.
2025-03-16 19:05:33,525 [DEBUG]  [[32m[1mdebug    [0m] [1mrule_policy.actions.find      [0m [36mcurrent_states[0m=[35m
[state 1] user intent: greet | previous action name: action_listen
[state 2] user intent: greet | previous action name: utter_greet
[state 3] user intent: request_info | previous action name: action_listen
[state 4] user intent: request_info | previous action name: utter_ask_more
[state 5] user intent: ask_architecture | previous action name: action_listen
[state 6] user intent: ask_architecture | previous action name: utter_architecture_response
[state 7] user intent: greet | previous action name: action_listen
[state 8] user intent: greet | previous action name: utter_greet
[state 9] user intent: ask_architecture | previous action name: action_listen
[state 10] user intent: ask_architecture | previous action name: utter_architecture_response
[state 11] user intent: ask_architecture | previous action name: action_listen
[state 12] user intent: ask_architecture | previous action name: utter_architecture_response
[state 13] user intent: ask_architecture | previous action name: action_listen
[state 14] user intent: ask_architecture | previous action name: utter_architecture_response
[state 15] user intent: goodbye | previous action name: action_listen
[state 16] user intent: goodbye | previous action name: utter_goodbye
[state 17] user intent: greet | previous action name: action_listen[0m
2025-03-16 19:05:33,529 [DEBUG]  There is a rule for the next action 'utter_greet'.
2025-03-16 19:05:33,530 [DEBUG]  Node 'run_TEDPolicy2' running 'TEDPolicy.predict_action_probabilities'.
2025-03-16 19:05:33,538 [DEBUG]  TED predicted 'utter_greet' based on user intent.
2025-03-16 19:05:33,539 [DEBUG]  Node 'select_prediction' running 'DefaultPolicyPredictionEnsemble.combine_predictions_from_kwargs'.
2025-03-16 19:05:33,540 [DEBUG]  Made prediction using user intent.
2025-03-16 19:05:33,541 [DEBUG]  Added `DefinePrevUserUtteredFeaturization(False)` event.
2025-03-16 19:05:33,541 [DEBUG]  Predicted next action using RulePolicy.
2025-03-16 19:05:33,542 [DEBUG]  Predicted next action 'utter_greet' with confidence 1.00.
2025-03-16 19:05:33,544 [DEBUG]  [[32m[1mdebug    [0m] [1mprocessor.actions.policy_prediction[0m [36mprediction_events[0m=[35m[<rasa.shared.core.events.DefinePrevUserUtteredFeaturization object at 0x0000018215D55900>][0m
2025-03-16 19:05:33,545 [DEBUG]  [[32m[1mdebug    [0m] [1mprocessor.actions.log         [0m [36maction_name[0m=[35mutter_greet[0m [36mrasa_events[0m=[35m[BotUttered('Привет! Чем могу помочь в области архитектуры программного обеспечения?', {"elements": null, "quick_replies": null, "buttons": null, "attachment": null, "image": null, "custom": null}, {"utter_action": "utter_greet"}, 1742173533.543424)][0m
2025-03-16 19:05:33,547 [DEBUG]  Running graph with inputs: {'__tracker__': <rasa.shared.core.trackers.DialogueStateTracker object at 0x0000018210F9BC70>}, targets: ['select_prediction'] and ExecutionContext(model_id='d1db3d04f01c4ec3a9986afa2e259d30', should_add_diagnostic_data=False, is_finetuning=False, node_name=None).
2025-03-16 19:05:33,548 [DEBUG]  Node 'rule_only_data_provider' running 'RuleOnlyDataProvider.provide'.
2025-03-16 19:05:33,549 [DEBUG]  Node 'domain_provider' running 'DomainProvider.provide_inference'.
2025-03-16 19:05:33,550 [DEBUG]  Node 'run_MemoizationPolicy0' running 'MemoizationPolicy.predict_action_probabilities'.
2025-03-16 19:05:33,552 [DEBUG]  [[32m[1mdebug    [0m] [1mmemoization.predict.actions   [0m [36mtracker_states[0m=[35m[{'user': {'intent': 'greet'}, 'prev_action': {'action_name': 'action_listen'}}, {'user': {'intent': 'greet'}, 'prev_action': {'action_name': 'utter_greet'}}][0m
2025-03-16 19:05:33,553 [DEBUG]  There is a memorised next action 'action_listen'
2025-03-16 19:05:33,555 [DEBUG]  Node 'run_RulePolicy1' running 'RulePolicy.predict_action_probabilities'.
2025-03-16 19:05:33,556 [DEBUG]  [[32m[1mdebug    [0m] [1mrule_policy.actions.find      [0m [36mcurrent_states[0m=[35m
[state 1] user intent: greet | previous action name: action_listen
[state 2] user intent: greet | previous action name: utter_greet
[state 3] user intent: request_info | previous action name: action_listen
[state 4] user intent: request_info | previous action name: utter_ask_more
[state 5] user intent: ask_architecture | previous action name: action_listen
[state 6] user intent: ask_architecture | previous action name: utter_architecture_response
[state 7] user intent: greet | previous action name: action_listen
[state 8] user intent: greet | previous action name: utter_greet
[state 9] user intent: ask_architecture | previous action name: action_listen
[state 10] user intent: ask_architecture | previous action name: utter_architecture_response
[state 11] user intent: ask_architecture | previous action name: action_listen
[state 12] user intent: ask_architecture | previous action name: utter_architecture_response
[state 13] user intent: ask_architecture | previous action name: action_listen
[state 14] user intent: ask_architecture | previous action name: utter_architecture_response
[state 15] user intent: goodbye | previous action name: action_listen
[state 16] user intent: goodbye | previous action name: utter_goodbye
[state 17] user intent: greet | previous action name: action_listen
[state 18] user intent: greet | previous action name: utter_greet[0m
2025-03-16 19:05:33,560 [DEBUG]  There is a rule for the next action 'action_listen'.
2025-03-16 19:05:33,561 [DEBUG]  Node 'run_TEDPolicy2' running 'TEDPolicy.predict_action_probabilities'.
2025-03-16 19:05:33,570 [DEBUG]  TED predicted 'action_listen' based on user intent.
2025-03-16 19:05:33,571 [DEBUG]  Node 'select_prediction' running 'DefaultPolicyPredictionEnsemble.combine_predictions_from_kwargs'.
2025-03-16 19:05:33,572 [DEBUG]  Predicted next action using RulePolicy.
2025-03-16 19:05:33,573 [DEBUG]  Predicted next action 'action_listen' with confidence 1.00.
2025-03-16 19:05:33,574 [DEBUG]  [[32m[1mdebug    [0m] [1mprocessor.actions.policy_prediction[0m [36mprediction_events[0m=[35m[][0m
2025-03-16 19:05:33,575 [DEBUG]  [[32m[1mdebug    [0m] [1mprocessor.actions.log         [0m [36maction_name[0m=[35maction_listen[0m [36mrasa_events[0m=[35m[][0m
2025-03-16 19:05:33,576 [DEBUG]  No event broker configured. Skipping streaming events.
2025-03-16 19:05:33,578 [DEBUG]  Deleted lock for conversation 'PractikumStudent'.
2025-03-16 19:05:40,382 [DEBUG]  Issuing ticket for conversation 'PractikumStudent'.
2025-03-16 19:05:40,383 [DEBUG]  Acquiring lock for conversation 'PractikumStudent'.
2025-03-16 19:05:40,384 [DEBUG]  Acquired lock for conversation 'PractikumStudent'.
2025-03-16 19:05:40,385 [DEBUG]  Recreating tracker for id 'PractikumStudent'
2025-03-16 19:05:40,396 [DEBUG]  Running graph with inputs: {'__message__': [<rasa.core.channels.channel.UserMessage object at 0x0000018216DB4490>], '__tracker__': <rasa.shared.core.trackers.DialogueStateTracker object at 0x0000018210F98D60>}, targets: ['run_RegexMessageHandler'] and ExecutionContext(model_id='d1db3d04f01c4ec3a9986afa2e259d30', should_add_diagnostic_data=False, is_finetuning=False, node_name=None).
2025-03-16 19:05:40,398 [DEBUG]  Node 'nlu_message_converter' running 'NLUMessageConverter.convert_user_message'.
2025-03-16 19:05:40,398 [DEBUG]  Node 'run_WhitespaceTokenizer0' running 'WhitespaceTokenizer.process'.
2025-03-16 19:05:40,399 [DEBUG]  Node 'run_RegexFeaturizer1' running 'RegexFeaturizer.process'.
2025-03-16 19:05:40,400 [DEBUG]  Node 'run_LexicalSyntacticFeaturizer2' running 'LexicalSyntacticFeaturizer.process'.
2025-03-16 19:05:40,401 [DEBUG]  Node 'run_CountVectorsFeaturizer3' running 'CountVectorsFeaturizer.process'.
2025-03-16 19:05:40,403 [DEBUG]  Node 'run_LanguageModelFeaturizer4' running 'LanguageModelFeaturizer.process'.
2025-03-16 19:05:40,772 [DEBUG]  Node 'run_DIETClassifier5' running 'DIETClassifier.process'.
2025-03-16 19:05:40,779 [DEBUG]  Node 'run_EntitySynonymMapper6' running 'EntitySynonymMapper.process'.
2025-03-16 19:05:40,780 [DEBUG]  Node 'run_ResponseSelector7' running 'ResponseSelector.process'.
2025-03-16 19:05:40,780 [DEBUG]  There is no trained model for 'ResponseSelector': The component is either not trained or didn't receive enough training data.
2025-03-16 19:05:40,781 [DEBUG]  Adding following selector key to message property: default
2025-03-16 19:05:40,782 [DEBUG]  Node 'domain_provider' running 'DomainProvider.provide_inference'.
2025-03-16 19:05:40,783 [DEBUG]  Node 'run_RegexMessageHandler' running 'RegexMessageHandler.process'.
2025-03-16 19:05:40,784 [DEBUG]  [[32m[1mdebug    [0m] [1mprocessor.message.parse       [0m [36mparse_data_entities[0m=[35m[][0m [36mparse_data_intent[0m=[35m{'name': 'request_info', 'confidence': 0.27487438917160034}[0m [36mparse_data_text[0m=[35mрасскажи[0m
2025-03-16 19:05:40,786 [DEBUG]  Logged UserUtterance - tracker now has 64 events.
2025-03-16 19:05:40,787 [DEBUG]  Validating extracted slots: topic
2025-03-16 19:05:40,788 [DEBUG]  [[32m[1mdebug    [0m] [1mprocessor.extract.slots       [0m [36maction_extract_slot[0m=[35maction_extract_slots[0m [36mlen_extraction_events[0m=[35m1[0m [36mrasa_events[0m=[35m[SlotSet(key: topic, value: расскажи)][0m
2025-03-16 19:05:40,789 [DEBUG]  Running graph with inputs: {'__tracker__': <rasa.shared.core.trackers.DialogueStateTracker object at 0x0000018210F98D60>}, targets: ['select_prediction'] and ExecutionContext(model_id='d1db3d04f01c4ec3a9986afa2e259d30', should_add_diagnostic_data=False, is_finetuning=False, node_name=None).
2025-03-16 19:05:40,791 [DEBUG]  Node 'rule_only_data_provider' running 'RuleOnlyDataProvider.provide'.
2025-03-16 19:05:40,792 [DEBUG]  Node 'domain_provider' running 'DomainProvider.provide_inference'.
2025-03-16 19:05:40,792 [DEBUG]  Node 'run_MemoizationPolicy0' running 'MemoizationPolicy.predict_action_probabilities'.
2025-03-16 19:05:40,794 [DEBUG]  [[32m[1mdebug    [0m] [1mmemoization.predict.actions   [0m [36mtracker_states[0m=[35m[{'user': {'intent': 'greet'}, 'prev_action': {'action_name': 'utter_greet'}}, {'user': {'intent': 'request_info'}, 'prev_action': {'action_name': 'action_listen'}}][0m
2025-03-16 19:05:40,796 [DEBUG]  There is no memorised next action
2025-03-16 19:05:40,796 [DEBUG]  Node 'run_RulePolicy1' running 'RulePolicy.predict_action_probabilities'.
2025-03-16 19:05:40,799 [DEBUG]  [[32m[1mdebug    [0m] [1mrule_policy.actions.find      [0m [36mcurrent_states[0m=[35m
[state 1] user intent: greet | previous action name: action_listen
[state 2] user intent: greet | previous action name: utter_greet
[state 3] user intent: request_info | previous action name: action_listen
[state 4] user intent: request_info | previous action name: utter_ask_more
[state 5] user intent: ask_architecture | previous action name: action_listen
[state 6] user intent: ask_architecture | previous action name: utter_architecture_response
[state 7] user intent: greet | previous action name: action_listen
[state 8] user intent: greet | previous action name: utter_greet
[state 9] user intent: ask_architecture | previous action name: action_listen
[state 10] user intent: ask_architecture | previous action name: utter_architecture_response
[state 11] user intent: ask_architecture | previous action name: action_listen
[state 12] user intent: ask_architecture | previous action name: utter_architecture_response
[state 13] user intent: ask_architecture | previous action name: action_listen
[state 14] user intent: ask_architecture | previous action name: utter_architecture_response
[state 15] user intent: goodbye | previous action name: action_listen
[state 16] user intent: goodbye | previous action name: utter_goodbye
[state 17] user intent: greet | previous action name: action_listen
[state 18] user intent: greet | previous action name: utter_greet
[state 19] user text: расскажи | previous action name: action_listen[0m
2025-03-16 19:05:40,802 [DEBUG]  There is no applicable rule.
2025-03-16 19:05:40,806 [DEBUG]  [[32m[1mdebug    [0m] [1mrule_policy.actions.find      [0m [36mcurrent_states[0m=[35m
[state 1] user intent: greet | previous action name: action_listen
[state 2] user intent: greet | previous action name: utter_greet
[state 3] user intent: request_info | previous action name: action_listen
[state 4] user intent: request_info | previous action name: utter_ask_more
[state 5] user intent: ask_architecture | previous action name: action_listen
[state 6] user intent: ask_architecture | previous action name: utter_architecture_response
[state 7] user intent: greet | previous action name: action_listen
[state 8] user intent: greet | previous action name: utter_greet
[state 9] user intent: ask_architecture | previous action name: action_listen
[state 10] user intent: ask_architecture | previous action name: utter_architecture_response
[state 11] user intent: ask_architecture | previous action name: action_listen
[state 12] user intent: ask_architecture | previous action name: utter_architecture_response
[state 13] user intent: ask_architecture | previous action name: action_listen
[state 14] user intent: ask_architecture | previous action name: utter_architecture_response
[state 15] user intent: goodbye | previous action name: action_listen
[state 16] user intent: goodbye | previous action name: utter_goodbye
[state 17] user intent: greet | previous action name: action_listen
[state 18] user intent: greet | previous action name: utter_greet
[state 19] user intent: request_info | previous action name: action_listen[0m
2025-03-16 19:05:40,810 [DEBUG]  There is a rule for the next action 'utter_ask_more'.
2025-03-16 19:05:40,811 [DEBUG]  Node 'run_TEDPolicy2' running 'TEDPolicy.predict_action_probabilities'.
2025-03-16 19:05:40,820 [DEBUG]  TED predicted 'utter_ask_more' based on user intent.
2025-03-16 19:05:40,822 [DEBUG]  Node 'select_prediction' running 'DefaultPolicyPredictionEnsemble.combine_predictions_from_kwargs'.
2025-03-16 19:05:40,822 [DEBUG]  Made prediction using user intent.
2025-03-16 19:05:40,823 [DEBUG]  Added `DefinePrevUserUtteredFeaturization(False)` event.
2025-03-16 19:05:40,823 [DEBUG]  Predicted next action using RulePolicy.
2025-03-16 19:05:40,824 [DEBUG]  Predicted next action 'utter_ask_more' with confidence 1.00.
2025-03-16 19:05:40,826 [DEBUG]  [[32m[1mdebug    [0m] [1mprocessor.actions.policy_prediction[0m [36mprediction_events[0m=[35m[<rasa.shared.core.events.DefinePrevUserUtteredFeaturization object at 0x0000018215D56920>][0m
2025-03-16 19:05:40,827 [DEBUG]  [[32m[1mdebug    [0m] [1mprocessor.actions.log         [0m [36maction_name[0m=[35mutter_ask_more[0m [36mrasa_events[0m=[35m[BotUttered('Что именно вас интересует в архитектуре программного обеспечения?', {"elements": null, "quick_replies": null, "buttons": null, "attachment": null, "image": null, "custom": null}, {"utter_action": "utter_ask_more"}, 1742173540.825987)][0m
2025-03-16 19:05:40,829 [DEBUG]  Running graph with inputs: {'__tracker__': <rasa.shared.core.trackers.DialogueStateTracker object at 0x0000018210F98D60>}, targets: ['select_prediction'] and ExecutionContext(model_id='d1db3d04f01c4ec3a9986afa2e259d30', should_add_diagnostic_data=False, is_finetuning=False, node_name=None).
2025-03-16 19:05:40,830 [DEBUG]  Node 'rule_only_data_provider' running 'RuleOnlyDataProvider.provide'.
2025-03-16 19:05:40,831 [DEBUG]  Node 'domain_provider' running 'DomainProvider.provide_inference'.
2025-03-16 19:05:40,831 [DEBUG]  Node 'run_MemoizationPolicy0' running 'MemoizationPolicy.predict_action_probabilities'.
2025-03-16 19:05:40,834 [DEBUG]  [[32m[1mdebug    [0m] [1mmemoization.predict.actions   [0m [36mtracker_states[0m=[35m[{'user': {'intent': 'request_info'}, 'prev_action': {'action_name': 'action_listen'}}, {'user': {'intent': 'request_info'}, 'prev_action': {'action_name': 'utter_ask_more'}}][0m
2025-03-16 19:05:40,836 [DEBUG]  There is a memorised next action 'action_listen'
2025-03-16 19:05:40,838 [DEBUG]  Node 'run_RulePolicy1' running 'RulePolicy.predict_action_probabilities'.
2025-03-16 19:05:40,839 [DEBUG]  [[32m[1mdebug    [0m] [1mrule_policy.actions.find      [0m [36mcurrent_states[0m=[35m
[state 1] user intent: greet | previous action name: action_listen
[state 2] user intent: greet | previous action name: utter_greet
[state 3] user intent: request_info | previous action name: action_listen
[state 4] user intent: request_info | previous action name: utter_ask_more
[state 5] user intent: ask_architecture | previous action name: action_listen
[state 6] user intent: ask_architecture | previous action name: utter_architecture_response
[state 7] user intent: greet | previous action name: action_listen
[state 8] user intent: greet | previous action name: utter_greet
[state 9] user intent: ask_architecture | previous action name: action_listen
[state 10] user intent: ask_architecture | previous action name: utter_architecture_response
[state 11] user intent: ask_architecture | previous action name: action_listen
[state 12] user intent: ask_architecture | previous action name: utter_architecture_response
[state 13] user intent: ask_architecture | previous action name: action_listen
[state 14] user intent: ask_architecture | previous action name: utter_architecture_response
[state 15] user intent: goodbye | previous action name: action_listen
[state 16] user intent: goodbye | previous action name: utter_goodbye
[state 17] user intent: greet | previous action name: action_listen
[state 18] user intent: greet | previous action name: utter_greet
[state 19] user intent: request_info | previous action name: action_listen
[state 20] user intent: request_info | previous action name: utter_ask_more[0m
2025-03-16 19:05:40,843 [DEBUG]  There is a rule for the next action 'action_listen'.
2025-03-16 19:05:40,845 [DEBUG]  Node 'run_TEDPolicy2' running 'TEDPolicy.predict_action_probabilities'.
2025-03-16 19:05:40,854 [DEBUG]  TED predicted 'action_listen' based on user intent.
2025-03-16 19:05:40,854 [DEBUG]  Node 'select_prediction' running 'DefaultPolicyPredictionEnsemble.combine_predictions_from_kwargs'.
2025-03-16 19:05:40,855 [DEBUG]  Predicted next action using RulePolicy.
2025-03-16 19:05:40,857 [DEBUG]  Predicted next action 'action_listen' with confidence 1.00.
2025-03-16 19:05:40,857 [DEBUG]  [[32m[1mdebug    [0m] [1mprocessor.actions.policy_prediction[0m [36mprediction_events[0m=[35m[][0m
2025-03-16 19:05:40,858 [DEBUG]  [[32m[1mdebug    [0m] [1mprocessor.actions.log         [0m [36maction_name[0m=[35maction_listen[0m [36mrasa_events[0m=[35m[][0m
2025-03-16 19:05:40,859 [DEBUG]  No event broker configured. Skipping streaming events.
2025-03-16 19:05:40,861 [DEBUG]  Deleted lock for conversation 'PractikumStudent'.
2025-03-16 19:05:51,442 [DEBUG]  Issuing ticket for conversation 'PractikumStudent'.
2025-03-16 19:05:51,443 [DEBUG]  Acquiring lock for conversation 'PractikumStudent'.
2025-03-16 19:05:51,444 [DEBUG]  Acquired lock for conversation 'PractikumStudent'.
2025-03-16 19:05:51,445 [DEBUG]  Recreating tracker for id 'PractikumStudent'
2025-03-16 19:05:51,460 [DEBUG]  Running graph with inputs: {'__message__': [<rasa.core.channels.channel.UserMessage object at 0x000001826C787730>], '__tracker__': <rasa.shared.core.trackers.DialogueStateTracker object at 0x0000018210F9BC70>}, targets: ['run_RegexMessageHandler'] and ExecutionContext(model_id='d1db3d04f01c4ec3a9986afa2e259d30', should_add_diagnostic_data=False, is_finetuning=False, node_name=None).
2025-03-16 19:05:51,462 [DEBUG]  Node 'nlu_message_converter' running 'NLUMessageConverter.convert_user_message'.
2025-03-16 19:05:51,463 [DEBUG]  Node 'run_WhitespaceTokenizer0' running 'WhitespaceTokenizer.process'.
2025-03-16 19:05:51,464 [DEBUG]  Node 'run_RegexFeaturizer1' running 'RegexFeaturizer.process'.
2025-03-16 19:05:51,465 [DEBUG]  Node 'run_LexicalSyntacticFeaturizer2' running 'LexicalSyntacticFeaturizer.process'.
2025-03-16 19:05:51,466 [DEBUG]  Node 'run_CountVectorsFeaturizer3' running 'CountVectorsFeaturizer.process'.
2025-03-16 19:05:51,468 [DEBUG]  Node 'run_LanguageModelFeaturizer4' running 'LanguageModelFeaturizer.process'.
2025-03-16 19:05:51,834 [DEBUG]  Node 'run_DIETClassifier5' running 'DIETClassifier.process'.
2025-03-16 19:05:51,842 [DEBUG]  Node 'run_EntitySynonymMapper6' running 'EntitySynonymMapper.process'.
2025-03-16 19:05:51,843 [DEBUG]  Node 'run_ResponseSelector7' running 'ResponseSelector.process'.
2025-03-16 19:05:51,843 [DEBUG]  There is no trained model for 'ResponseSelector': The component is either not trained or didn't receive enough training data.
2025-03-16 19:05:51,844 [DEBUG]  Adding following selector key to message property: default
2025-03-16 19:05:51,845 [DEBUG]  Node 'domain_provider' running 'DomainProvider.provide_inference'.
2025-03-16 19:05:51,845 [DEBUG]  Node 'run_RegexMessageHandler' running 'RegexMessageHandler.process'.
2025-03-16 19:05:51,847 [DEBUG]  [[32m[1mdebug    [0m] [1mprocessor.message.parse       [0m [36mparse_data_entities[0m=[35m[][0m [36mparse_data_intent[0m=[35m{'name': 'ask_architecture', 'confidence': 0.5067861676216125}[0m [36mparse_data_text[0m=[35mа что ты знаешь?[0m
2025-03-16 19:05:51,848 [DEBUG]  Logged UserUtterance - tracker now has 70 events.
2025-03-16 19:05:51,850 [DEBUG]  Validating extracted slots: topic
2025-03-16 19:05:51,851 [DEBUG]  [[32m[1mdebug    [0m] [1mprocessor.extract.slots       [0m [36maction_extract_slot[0m=[35maction_extract_slots[0m [36mlen_extraction_events[0m=[35m1[0m [36mrasa_events[0m=[35m[SlotSet(key: topic, value: а что ты знаешь?)][0m
2025-03-16 19:05:51,852 [DEBUG]  Running graph with inputs: {'__tracker__': <rasa.shared.core.trackers.DialogueStateTracker object at 0x0000018210F9BC70>}, targets: ['select_prediction'] and ExecutionContext(model_id='d1db3d04f01c4ec3a9986afa2e259d30', should_add_diagnostic_data=False, is_finetuning=False, node_name=None).
2025-03-16 19:05:51,853 [DEBUG]  Node 'rule_only_data_provider' running 'RuleOnlyDataProvider.provide'.
2025-03-16 19:05:51,854 [DEBUG]  Node 'domain_provider' running 'DomainProvider.provide_inference'.
2025-03-16 19:05:51,854 [DEBUG]  Node 'run_MemoizationPolicy0' running 'MemoizationPolicy.predict_action_probabilities'.
2025-03-16 19:05:51,856 [DEBUG]  [[32m[1mdebug    [0m] [1mmemoization.predict.actions   [0m [36mtracker_states[0m=[35m[{'user': {'intent': 'request_info'}, 'prev_action': {'action_name': 'utter_ask_more'}}, {'user': {'intent': 'ask_architecture'}, 'prev_action': {'action_name': 'action_listen'}}][0m
2025-03-16 19:05:51,857 [DEBUG]  There is no memorised next action
2025-03-16 19:05:51,858 [DEBUG]  Node 'run_RulePolicy1' running 'RulePolicy.predict_action_probabilities'.
2025-03-16 19:05:51,861 [DEBUG]  [[32m[1mdebug    [0m] [1mrule_policy.actions.find      [0m [36mcurrent_states[0m=[35m
[state 1] user intent: greet | previous action name: action_listen
[state 2] user intent: greet | previous action name: utter_greet
[state 3] user intent: request_info | previous action name: action_listen
[state 4] user intent: request_info | previous action name: utter_ask_more
[state 5] user intent: ask_architecture | previous action name: action_listen
[state 6] user intent: ask_architecture | previous action name: utter_architecture_response
[state 7] user intent: greet | previous action name: action_listen
[state 8] user intent: greet | previous action name: utter_greet
[state 9] user intent: ask_architecture | previous action name: action_listen
[state 10] user intent: ask_architecture | previous action name: utter_architecture_response
[state 11] user intent: ask_architecture | previous action name: action_listen
[state 12] user intent: ask_architecture | previous action name: utter_architecture_response
[state 13] user intent: ask_architecture | previous action name: action_listen
[state 14] user intent: ask_architecture | previous action name: utter_architecture_response
[state 15] user intent: goodbye | previous action name: action_listen
[state 16] user intent: goodbye | previous action name: utter_goodbye
[state 17] user intent: greet | previous action name: action_listen
[state 18] user intent: greet | previous action name: utter_greet
[state 19] user intent: request_info | previous action name: action_listen
[state 20] user intent: request_info | previous action name: utter_ask_more
[state 21] user text: а что ты знаешь? | previous action name: action_listen[0m
2025-03-16 19:05:51,866 [DEBUG]  There is no applicable rule.
2025-03-16 19:05:51,868 [DEBUG]  [[32m[1mdebug    [0m] [1mrule_policy.actions.find      [0m [36mcurrent_states[0m=[35m
[state 1] user intent: greet | previous action name: action_listen
[state 2] user intent: greet | previous action name: utter_greet
[state 3] user intent: request_info | previous action name: action_listen
[state 4] user intent: request_info | previous action name: utter_ask_more
[state 5] user intent: ask_architecture | previous action name: action_listen
[state 6] user intent: ask_architecture | previous action name: utter_architecture_response
[state 7] user intent: greet | previous action name: action_listen
[state 8] user intent: greet | previous action name: utter_greet
[state 9] user intent: ask_architecture | previous action name: action_listen
[state 10] user intent: ask_architecture | previous action name: utter_architecture_response
[state 11] user intent: ask_architecture | previous action name: action_listen
[state 12] user intent: ask_architecture | previous action name: utter_architecture_response
[state 13] user intent: ask_architecture | previous action name: action_listen
[state 14] user intent: ask_architecture | previous action name: utter_architecture_response
[state 15] user intent: goodbye | previous action name: action_listen
[state 16] user intent: goodbye | previous action name: utter_goodbye
[state 17] user intent: greet | previous action name: action_listen
[state 18] user intent: greet | previous action name: utter_greet
[state 19] user intent: request_info | previous action name: action_listen
[state 20] user intent: request_info | previous action name: utter_ask_more
[state 21] user intent: ask_architecture | previous action name: action_listen[0m
2025-03-16 19:05:51,872 [DEBUG]  There is a rule for the next action 'utter_architecture_response'.
2025-03-16 19:05:51,873 [DEBUG]  Node 'run_TEDPolicy2' running 'TEDPolicy.predict_action_probabilities'.
2025-03-16 19:05:51,884 [DEBUG]  TED predicted 'utter_architecture_response' based on user intent.
2025-03-16 19:05:51,885 [DEBUG]  Node 'select_prediction' running 'DefaultPolicyPredictionEnsemble.combine_predictions_from_kwargs'.
2025-03-16 19:05:51,886 [DEBUG]  Made prediction using user intent.
2025-03-16 19:05:51,886 [DEBUG]  Added `DefinePrevUserUtteredFeaturization(False)` event.
2025-03-16 19:05:51,887 [DEBUG]  Predicted next action using RulePolicy.
2025-03-16 19:05:51,888 [DEBUG]  Predicted next action 'utter_architecture_response' with confidence 1.00.
2025-03-16 19:05:51,890 [DEBUG]  [[32m[1mdebug    [0m] [1mprocessor.actions.policy_prediction[0m [36mprediction_events[0m=[35m[<rasa.shared.core.events.DefinePrevUserUtteredFeaturization object at 0x0000018215D57A90>][0m
2025-03-16 19:05:51,891 [DEBUG]  [[32m[1mdebug    [0m] [1mprocessor.actions.log         [0m [36maction_name[0m=[35mutter_architecture_response[0m [36mrasa_events[0m=[35m[BotUttered('Архитектура ПО включает выбор структур, которые обеспечивают масштабируемость, гибкость и поддерживаемость приложения. Задайте конкретный вопрос по этой теме, и я помогу вам с информацией.', {"elements": null, "quick_replies": null, "buttons": null, "attachment": null, "image": null, "custom": null}, {"utter_action": "utter_architecture_response"}, 1742173551.8906574)][0m
2025-03-16 19:05:51,893 [DEBUG]  Running graph with inputs: {'__tracker__': <rasa.shared.core.trackers.DialogueStateTracker object at 0x0000018210F9BC70>}, targets: ['select_prediction'] and ExecutionContext(model_id='d1db3d04f01c4ec3a9986afa2e259d30', should_add_diagnostic_data=False, is_finetuning=False, node_name=None).
2025-03-16 19:05:51,895 [DEBUG]  Node 'rule_only_data_provider' running 'RuleOnlyDataProvider.provide'.
2025-03-16 19:05:51,895 [DEBUG]  Node 'domain_provider' running 'DomainProvider.provide_inference'.
2025-03-16 19:05:51,896 [DEBUG]  Node 'run_MemoizationPolicy0' running 'MemoizationPolicy.predict_action_probabilities'.
2025-03-16 19:05:51,898 [DEBUG]  [[32m[1mdebug    [0m] [1mmemoization.predict.actions   [0m [36mtracker_states[0m=[35m[{'user': {'intent': 'ask_architecture'}, 'prev_action': {'action_name': 'action_listen'}}, {'user': {'intent': 'ask_architecture'}, 'prev_action': {'action_name': 'utter_architecture_response'}}][0m
2025-03-16 19:05:51,899 [DEBUG]  There is a memorised next action 'action_listen'
2025-03-16 19:05:51,900 [DEBUG]  Node 'run_RulePolicy1' running 'RulePolicy.predict_action_probabilities'.
2025-03-16 19:05:51,902 [DEBUG]  [[32m[1mdebug    [0m] [1mrule_policy.actions.find      [0m [36mcurrent_states[0m=[35m
[state 1] user intent: greet | previous action name: action_listen
[state 2] user intent: greet | previous action name: utter_greet
[state 3] user intent: request_info | previous action name: action_listen
[state 4] user intent: request_info | previous action name: utter_ask_more
[state 5] user intent: ask_architecture | previous action name: action_listen
[state 6] user intent: ask_architecture | previous action name: utter_architecture_response
[state 7] user intent: greet | previous action name: action_listen
[state 8] user intent: greet | previous action name: utter_greet
[state 9] user intent: ask_architecture | previous action name: action_listen
[state 10] user intent: ask_architecture | previous action name: utter_architecture_response
[state 11] user intent: ask_architecture | previous action name: action_listen
[state 12] user intent: ask_architecture | previous action name: utter_architecture_response
[state 13] user intent: ask_architecture | previous action name: action_listen
[state 14] user intent: ask_architecture | previous action name: utter_architecture_response
[state 15] user intent: goodbye | previous action name: action_listen
[state 16] user intent: goodbye | previous action name: utter_goodbye
[state 17] user intent: greet | previous action name: action_listen
[state 18] user intent: greet | previous action name: utter_greet
[state 19] user intent: request_info | previous action name: action_listen
[state 20] user intent: request_info | previous action name: utter_ask_more
[state 21] user intent: ask_architecture | previous action name: action_listen
[state 22] user intent: ask_architecture | previous action name: utter_architecture_response[0m
2025-03-16 19:05:51,907 [DEBUG]  There is a rule for the next action 'action_listen'.
2025-03-16 19:05:51,908 [DEBUG]  Node 'run_TEDPolicy2' running 'TEDPolicy.predict_action_probabilities'.
2025-03-16 19:05:51,916 [DEBUG]  TED predicted 'action_listen' based on user intent.
2025-03-16 19:05:51,917 [DEBUG]  Node 'select_prediction' running 'DefaultPolicyPredictionEnsemble.combine_predictions_from_kwargs'.
2025-03-16 19:05:51,918 [DEBUG]  Predicted next action using RulePolicy.
2025-03-16 19:05:51,919 [DEBUG]  Predicted next action 'action_listen' with confidence 1.00.
2025-03-16 19:05:51,920 [DEBUG]  [[32m[1mdebug    [0m] [1mprocessor.actions.policy_prediction[0m [36mprediction_events[0m=[35m[][0m
2025-03-16 19:05:51,921 [DEBUG]  [[32m[1mdebug    [0m] [1mprocessor.actions.log         [0m [36maction_name[0m=[35maction_listen[0m [36mrasa_events[0m=[35m[][0m
2025-03-16 19:05:51,922 [DEBUG]  No event broker configured. Skipping streaming events.
2025-03-16 19:05:51,924 [DEBUG]  Deleted lock for conversation 'PractikumStudent'.
2025-03-16 19:06:08,522 [DEBUG]  Issuing ticket for conversation 'PractikumStudent'.
2025-03-16 19:06:08,524 [DEBUG]  Acquiring lock for conversation 'PractikumStudent'.
2025-03-16 19:06:08,525 [DEBUG]  Acquired lock for conversation 'PractikumStudent'.
2025-03-16 19:06:08,525 [DEBUG]  Recreating tracker for id 'PractikumStudent'
2025-03-16 19:06:08,538 [DEBUG]  Running graph with inputs: {'__message__': [<rasa.core.channels.channel.UserMessage object at 0x0000018217A94610>], '__tracker__': <rasa.shared.core.trackers.DialogueStateTracker object at 0x0000018210F98D60>}, targets: ['run_RegexMessageHandler'] and ExecutionContext(model_id='d1db3d04f01c4ec3a9986afa2e259d30', should_add_diagnostic_data=False, is_finetuning=False, node_name=None).
2025-03-16 19:06:08,539 [DEBUG]  Node 'nlu_message_converter' running 'NLUMessageConverter.convert_user_message'.
2025-03-16 19:06:08,540 [DEBUG]  Node 'run_WhitespaceTokenizer0' running 'WhitespaceTokenizer.process'.
2025-03-16 19:06:08,541 [DEBUG]  Node 'run_RegexFeaturizer1' running 'RegexFeaturizer.process'.
2025-03-16 19:06:08,542 [DEBUG]  Node 'run_LexicalSyntacticFeaturizer2' running 'LexicalSyntacticFeaturizer.process'.
2025-03-16 19:06:08,543 [DEBUG]  Node 'run_CountVectorsFeaturizer3' running 'CountVectorsFeaturizer.process'.
2025-03-16 19:06:08,545 [DEBUG]  Node 'run_LanguageModelFeaturizer4' running 'LanguageModelFeaturizer.process'.
2025-03-16 19:06:08,961 [DEBUG]  Node 'run_DIETClassifier5' running 'DIETClassifier.process'.
2025-03-16 19:06:08,968 [DEBUG]  Node 'run_EntitySynonymMapper6' running 'EntitySynonymMapper.process'.
2025-03-16 19:06:08,969 [DEBUG]  Node 'run_ResponseSelector7' running 'ResponseSelector.process'.
2025-03-16 19:06:08,970 [DEBUG]  There is no trained model for 'ResponseSelector': The component is either not trained or didn't receive enough training data.
2025-03-16 19:06:08,971 [DEBUG]  Adding following selector key to message property: default
2025-03-16 19:06:08,971 [DEBUG]  Node 'domain_provider' running 'DomainProvider.provide_inference'.
2025-03-16 19:06:08,972 [DEBUG]  Node 'run_RegexMessageHandler' running 'RegexMessageHandler.process'.
2025-03-16 19:06:08,973 [DEBUG]  [[32m[1mdebug    [0m] [1mprocessor.message.parse       [0m [36mparse_data_entities[0m=[35m[][0m [36mparse_data_intent[0m=[35m{'name': 'ask_architecture', 'confidence': 0.5527748465538025}[0m [36mparse_data_text[0m=[35mЧто такое масштабируемость?[0m
2025-03-16 19:06:08,975 [DEBUG]  Logged UserUtterance - tracker now has 76 events.
2025-03-16 19:06:08,976 [DEBUG]  Validating extracted slots: topic
2025-03-16 19:06:08,977 [DEBUG]  [[32m[1mdebug    [0m] [1mprocessor.extract.slots       [0m [36maction_extract_slot[0m=[35maction_extract_slots[0m [36mlen_extraction_events[0m=[35m1[0m [36mrasa_events[0m=[35m[SlotSet(key: topic, value: Что такое масштабируемость?)][0m
2025-03-16 19:06:08,979 [DEBUG]  Running graph with inputs: {'__tracker__': <rasa.shared.core.trackers.DialogueStateTracker object at 0x0000018210F98D60>}, targets: ['select_prediction'] and ExecutionContext(model_id='d1db3d04f01c4ec3a9986afa2e259d30', should_add_diagnostic_data=False, is_finetuning=False, node_name=None).
2025-03-16 19:06:08,980 [DEBUG]  Node 'rule_only_data_provider' running 'RuleOnlyDataProvider.provide'.
2025-03-16 19:06:08,981 [DEBUG]  Node 'domain_provider' running 'DomainProvider.provide_inference'.
2025-03-16 19:06:08,982 [DEBUG]  Node 'run_MemoizationPolicy0' running 'MemoizationPolicy.predict_action_probabilities'.
2025-03-16 19:06:08,985 [DEBUG]  [[32m[1mdebug    [0m] [1mmemoization.predict.actions   [0m [36mtracker_states[0m=[35m[{'user': {'intent': 'ask_architecture'}, 'prev_action': {'action_name': 'utter_architecture_response'}}, {'user': {'intent': 'ask_architecture'}, 'prev_action': {'action_name': 'action_listen'}}][0m
2025-03-16 19:06:08,986 [DEBUG]  There is no memorised next action
2025-03-16 19:06:08,987 [DEBUG]  Node 'run_RulePolicy1' running 'RulePolicy.predict_action_probabilities'.
2025-03-16 19:06:08,990 [DEBUG]  [[32m[1mdebug    [0m] [1mrule_policy.actions.find      [0m [36mcurrent_states[0m=[35m
[state 1] user intent: greet | previous action name: action_listen
[state 2] user intent: greet | previous action name: utter_greet
[state 3] user intent: request_info | previous action name: action_listen
[state 4] user intent: request_info | previous action name: utter_ask_more
[state 5] user intent: ask_architecture | previous action name: action_listen
[state 6] user intent: ask_architecture | previous action name: utter_architecture_response
[state 7] user intent: greet | previous action name: action_listen
[state 8] user intent: greet | previous action name: utter_greet
[state 9] user intent: ask_architecture | previous action name: action_listen
[state 10] user intent: ask_architecture | previous action name: utter_architecture_response
[state 11] user intent: ask_architecture | previous action name: action_listen
[state 12] user intent: ask_architecture | previous action name: utter_architecture_response
[state 13] user intent: ask_architecture | previous action name: action_listen
[state 14] user intent: ask_architecture | previous action name: utter_architecture_response
[state 15] user intent: goodbye | previous action name: action_listen
[state 16] user intent: goodbye | previous action name: utter_goodbye
[state 17] user intent: greet | previous action name: action_listen
[state 18] user intent: greet | previous action name: utter_greet
[state 19] user intent: request_info | previous action name: action_listen
[state 20] user intent: request_info | previous action name: utter_ask_more
[state 21] user intent: ask_architecture | previous action name: action_listen
[state 22] user intent: ask_architecture | previous action name: utter_architecture_response
[state 23] user text: Что такое масштабируемость? | previous action name: action_listen[0m
2025-03-16 19:06:08,995 [DEBUG]  There is no applicable rule.
2025-03-16 19:06:08,998 [DEBUG]  [[32m[1mdebug    [0m] [1mrule_policy.actions.find      [0m [36mcurrent_states[0m=[35m
[state 1] user intent: greet | previous action name: action_listen
[state 2] user intent: greet | previous action name: utter_greet
[state 3] user intent: request_info | previous action name: action_listen
[state 4] user intent: request_info | previous action name: utter_ask_more
[state 5] user intent: ask_architecture | previous action name: action_listen
[state 6] user intent: ask_architecture | previous action name: utter_architecture_response
[state 7] user intent: greet | previous action name: action_listen
[state 8] user intent: greet | previous action name: utter_greet
[state 9] user intent: ask_architecture | previous action name: action_listen
[state 10] user intent: ask_architecture | previous action name: utter_architecture_response
[state 11] user intent: ask_architecture | previous action name: action_listen
[state 12] user intent: ask_architecture | previous action name: utter_architecture_response
[state 13] user intent: ask_architecture | previous action name: action_listen
[state 14] user intent: ask_architecture | previous action name: utter_architecture_response
[state 15] user intent: goodbye | previous action name: action_listen
[state 16] user intent: goodbye | previous action name: utter_goodbye
[state 17] user intent: greet | previous action name: action_listen
[state 18] user intent: greet | previous action name: utter_greet
[state 19] user intent: request_info | previous action name: action_listen
[state 20] user intent: request_info | previous action name: utter_ask_more
[state 21] user intent: ask_architecture | previous action name: action_listen
[state 22] user intent: ask_architecture | previous action name: utter_architecture_response
[state 23] user intent: ask_architecture | previous action name: action_listen[0m
2025-03-16 19:06:09,003 [DEBUG]  There is a rule for the next action 'utter_architecture_response'.
2025-03-16 19:06:09,004 [DEBUG]  Node 'run_TEDPolicy2' running 'TEDPolicy.predict_action_probabilities'.
2025-03-16 19:06:09,014 [DEBUG]  TED predicted 'utter_architecture_response' based on user intent.
2025-03-16 19:06:09,015 [DEBUG]  Node 'select_prediction' running 'DefaultPolicyPredictionEnsemble.combine_predictions_from_kwargs'.
2025-03-16 19:06:09,016 [DEBUG]  Made prediction using user intent.
2025-03-16 19:06:09,017 [DEBUG]  Added `DefinePrevUserUtteredFeaturization(False)` event.
2025-03-16 19:06:09,017 [DEBUG]  Predicted next action using RulePolicy.
2025-03-16 19:06:09,018 [DEBUG]  Predicted next action 'utter_architecture_response' with confidence 1.00.
2025-03-16 19:06:09,020 [DEBUG]  [[32m[1mdebug    [0m] [1mprocessor.actions.policy_prediction[0m [36mprediction_events[0m=[35m[<rasa.shared.core.events.DefinePrevUserUtteredFeaturization object at 0x0000018215D55F00>][0m
2025-03-16 19:06:09,022 [DEBUG]  [[32m[1mdebug    [0m] [1mprocessor.actions.log         [0m [36maction_name[0m=[35mutter_architecture_response[0m [36mrasa_events[0m=[35m[BotUttered('Архитектура ПО включает выбор структур, которые обеспечивают масштабируемость, гибкость и поддерживаемость приложения. Задайте конкретный вопрос по этой теме, и я помогу вам с информацией.', {"elements": null, "quick_replies": null, "buttons": null, "attachment": null, "image": null, "custom": null}, {"utter_action": "utter_architecture_response"}, 1742173569.0204897)][0m
2025-03-16 19:06:09,023 [DEBUG]  Running graph with inputs: {'__tracker__': <rasa.shared.core.trackers.DialogueStateTracker object at 0x0000018210F98D60>}, targets: ['select_prediction'] and ExecutionContext(model_id='d1db3d04f01c4ec3a9986afa2e259d30', should_add_diagnostic_data=False, is_finetuning=False, node_name=None).
2025-03-16 19:06:09,025 [DEBUG]  Node 'rule_only_data_provider' running 'RuleOnlyDataProvider.provide'.
2025-03-16 19:06:09,026 [DEBUG]  Node 'domain_provider' running 'DomainProvider.provide_inference'.
2025-03-16 19:06:09,026 [DEBUG]  Node 'run_MemoizationPolicy0' running 'MemoizationPolicy.predict_action_probabilities'.
2025-03-16 19:06:09,028 [DEBUG]  [[32m[1mdebug    [0m] [1mmemoization.predict.actions   [0m [36mtracker_states[0m=[35m[{'user': {'intent': 'ask_architecture'}, 'prev_action': {'action_name': 'action_listen'}}, {'user': {'intent': 'ask_architecture'}, 'prev_action': {'action_name': 'utter_architecture_response'}}][0m
2025-03-16 19:06:09,029 [DEBUG]  There is a memorised next action 'action_listen'
2025-03-16 19:06:09,030 [DEBUG]  Node 'run_RulePolicy1' running 'RulePolicy.predict_action_probabilities'.
2025-03-16 19:06:09,032 [DEBUG]  [[32m[1mdebug    [0m] [1mrule_policy.actions.find      [0m [36mcurrent_states[0m=[35m
[state 1] user intent: greet | previous action name: action_listen
[state 2] user intent: greet | previous action name: utter_greet
[state 3] user intent: request_info | previous action name: action_listen
[state 4] user intent: request_info | previous action name: utter_ask_more
[state 5] user intent: ask_architecture | previous action name: action_listen
[state 6] user intent: ask_architecture | previous action name: utter_architecture_response
[state 7] user intent: greet | previous action name: action_listen
[state 8] user intent: greet | previous action name: utter_greet
[state 9] user intent: ask_architecture | previous action name: action_listen
[state 10] user intent: ask_architecture | previous action name: utter_architecture_response
[state 11] user intent: ask_architecture | previous action name: action_listen
[state 12] user intent: ask_architecture | previous action name: utter_architecture_response
[state 13] user intent: ask_architecture | previous action name: action_listen
[state 14] user intent: ask_architecture | previous action name: utter_architecture_response
[state 15] user intent: goodbye | previous action name: action_listen
[state 16] user intent: goodbye | previous action name: utter_goodbye
[state 17] user intent: greet | previous action name: action_listen
[state 18] user intent: greet | previous action name: utter_greet
[state 19] user intent: request_info | previous action name: action_listen
[state 20] user intent: request_info | previous action name: utter_ask_more
[state 21] user intent: ask_architecture | previous action name: action_listen
[state 22] user intent: ask_architecture | previous action name: utter_architecture_response
[state 23] user intent: ask_architecture | previous action name: action_listen
[state 24] user intent: ask_architecture | previous action name: utter_architecture_response[0m
2025-03-16 19:06:09,037 [DEBUG]  There is a rule for the next action 'action_listen'.
2025-03-16 19:06:09,038 [DEBUG]  Node 'run_TEDPolicy2' running 'TEDPolicy.predict_action_probabilities'.
2025-03-16 19:06:09,046 [DEBUG]  TED predicted 'action_listen' based on user intent.
2025-03-16 19:06:09,047 [DEBUG]  Node 'select_prediction' running 'DefaultPolicyPredictionEnsemble.combine_predictions_from_kwargs'.
2025-03-16 19:06:09,048 [DEBUG]  Predicted next action using RulePolicy.
2025-03-16 19:06:09,049 [DEBUG]  Predicted next action 'action_listen' with confidence 1.00.
2025-03-16 19:06:09,050 [DEBUG]  [[32m[1mdebug    [0m] [1mprocessor.actions.policy_prediction[0m [36mprediction_events[0m=[35m[][0m
2025-03-16 19:06:09,051 [DEBUG]  [[32m[1mdebug    [0m] [1mprocessor.actions.log         [0m [36maction_name[0m=[35maction_listen[0m [36mrasa_events[0m=[35m[][0m
2025-03-16 19:06:09,052 [DEBUG]  No event broker configured. Skipping streaming events.
2025-03-16 19:06:09,054 [DEBUG]  Deleted lock for conversation 'PractikumStudent'.
2025-03-16 19:06:44,538 [DEBUG]  Issuing ticket for conversation 'PractikumStudent'.
2025-03-16 19:06:44,539 [DEBUG]  Acquiring lock for conversation 'PractikumStudent'.
2025-03-16 19:06:44,540 [DEBUG]  Acquired lock for conversation 'PractikumStudent'.
2025-03-16 19:06:44,541 [DEBUG]  Recreating tracker for id 'PractikumStudent'
2025-03-16 19:06:44,553 [DEBUG]  Running graph with inputs: {'__message__': [<rasa.core.channels.channel.UserMessage object at 0x0000018217A94610>], '__tracker__': <rasa.shared.core.trackers.DialogueStateTracker object at 0x0000018210F9BC70>}, targets: ['run_RegexMessageHandler'] and ExecutionContext(model_id='d1db3d04f01c4ec3a9986afa2e259d30', should_add_diagnostic_data=False, is_finetuning=False, node_name=None).
2025-03-16 19:06:44,555 [DEBUG]  Node 'nlu_message_converter' running 'NLUMessageConverter.convert_user_message'.
2025-03-16 19:06:44,556 [DEBUG]  Node 'run_WhitespaceTokenizer0' running 'WhitespaceTokenizer.process'.
2025-03-16 19:06:44,557 [DEBUG]  Node 'run_RegexFeaturizer1' running 'RegexFeaturizer.process'.
2025-03-16 19:06:44,557 [DEBUG]  Node 'run_LexicalSyntacticFeaturizer2' running 'LexicalSyntacticFeaturizer.process'.
2025-03-16 19:06:44,559 [DEBUG]  Node 'run_CountVectorsFeaturizer3' running 'CountVectorsFeaturizer.process'.
2025-03-16 19:06:44,560 [DEBUG]  Node 'run_LanguageModelFeaturizer4' running 'LanguageModelFeaturizer.process'.
2025-03-16 19:06:44,928 [DEBUG]  Node 'run_DIETClassifier5' running 'DIETClassifier.process'.
2025-03-16 19:06:44,936 [DEBUG]  Node 'run_EntitySynonymMapper6' running 'EntitySynonymMapper.process'.
2025-03-16 19:06:44,937 [DEBUG]  Node 'run_ResponseSelector7' running 'ResponseSelector.process'.
2025-03-16 19:06:44,938 [DEBUG]  There is no trained model for 'ResponseSelector': The component is either not trained or didn't receive enough training data.
2025-03-16 19:06:44,939 [DEBUG]  Adding following selector key to message property: default
2025-03-16 19:06:44,939 [DEBUG]  Node 'domain_provider' running 'DomainProvider.provide_inference'.
2025-03-16 19:06:44,940 [DEBUG]  Node 'run_RegexMessageHandler' running 'RegexMessageHandler.process'.
2025-03-16 19:06:44,941 [DEBUG]  [[32m[1mdebug    [0m] [1mprocessor.message.parse       [0m [36mparse_data_entities[0m=[35m[][0m [36mparse_data_intent[0m=[35m{'name': 'deny', 'confidence': 0.24599671363830566}[0m [36mparse_data_text[0m=[35mхорошо[0m
2025-03-16 19:06:44,943 [DEBUG]  Logged UserUtterance - tracker now has 82 events.
2025-03-16 19:06:44,944 [DEBUG]  Validating extracted slots: topic
2025-03-16 19:06:44,945 [DEBUG]  [[32m[1mdebug    [0m] [1mprocessor.extract.slots       [0m [36maction_extract_slot[0m=[35maction_extract_slots[0m [36mlen_extraction_events[0m=[35m1[0m [36mrasa_events[0m=[35m[SlotSet(key: topic, value: хорошо)][0m
2025-03-16 19:06:44,946 [DEBUG]  Running graph with inputs: {'__tracker__': <rasa.shared.core.trackers.DialogueStateTracker object at 0x0000018210F9BC70>}, targets: ['select_prediction'] and ExecutionContext(model_id='d1db3d04f01c4ec3a9986afa2e259d30', should_add_diagnostic_data=False, is_finetuning=False, node_name=None).
2025-03-16 19:06:44,948 [DEBUG]  Node 'rule_only_data_provider' running 'RuleOnlyDataProvider.provide'.
2025-03-16 19:06:44,948 [DEBUG]  Node 'domain_provider' running 'DomainProvider.provide_inference'.
2025-03-16 19:06:44,949 [DEBUG]  Node 'run_MemoizationPolicy0' running 'MemoizationPolicy.predict_action_probabilities'.
2025-03-16 19:06:44,952 [DEBUG]  [[32m[1mdebug    [0m] [1mmemoization.predict.actions   [0m [36mtracker_states[0m=[35m[{'user': {'intent': 'ask_architecture'}, 'prev_action': {'action_name': 'utter_architecture_response'}}, {'user': {'intent': 'deny'}, 'prev_action': {'action_name': 'action_listen'}}][0m
2025-03-16 19:06:44,953 [DEBUG]  There is no memorised next action
2025-03-16 19:06:44,954 [DEBUG]  Node 'run_RulePolicy1' running 'RulePolicy.predict_action_probabilities'.
2025-03-16 19:06:44,956 [DEBUG]  [[32m[1mdebug    [0m] [1mrule_policy.actions.find      [0m [36mcurrent_states[0m=[35m
[state 1] user intent: greet | previous action name: action_listen
[state 2] user intent: greet | previous action name: utter_greet
[state 3] user intent: request_info | previous action name: action_listen
[state 4] user intent: request_info | previous action name: utter_ask_more
[state 5] user intent: ask_architecture | previous action name: action_listen
[state 6] user intent: ask_architecture | previous action name: utter_architecture_response
[state 7] user intent: greet | previous action name: action_listen
[state 8] user intent: greet | previous action name: utter_greet
[state 9] user intent: ask_architecture | previous action name: action_listen
[state 10] user intent: ask_architecture | previous action name: utter_architecture_response
[state 11] user intent: ask_architecture | previous action name: action_listen
[state 12] user intent: ask_architecture | previous action name: utter_architecture_response
[state 13] user intent: ask_architecture | previous action name: action_listen
[state 14] user intent: ask_architecture | previous action name: utter_architecture_response
[state 15] user intent: goodbye | previous action name: action_listen
[state 16] user intent: goodbye | previous action name: utter_goodbye
[state 17] user intent: greet | previous action name: action_listen
[state 18] user intent: greet | previous action name: utter_greet
[state 19] user intent: request_info | previous action name: action_listen
[state 20] user intent: request_info | previous action name: utter_ask_more
[state 21] user intent: ask_architecture | previous action name: action_listen
[state 22] user intent: ask_architecture | previous action name: utter_architecture_response
[state 23] user intent: ask_architecture | previous action name: action_listen
[state 24] user intent: ask_architecture | previous action name: utter_architecture_response
[state 25] user text: хорошо | previous action name: action_listen[0m
2025-03-16 19:06:44,961 [DEBUG]  There is no applicable rule.
2025-03-16 19:06:44,964 [DEBUG]  [[32m[1mdebug    [0m] [1mrule_policy.actions.find      [0m [36mcurrent_states[0m=[35m
[state 1] user intent: greet | previous action name: action_listen
[state 2] user intent: greet | previous action name: utter_greet
[state 3] user intent: request_info | previous action name: action_listen
[state 4] user intent: request_info | previous action name: utter_ask_more
[state 5] user intent: ask_architecture | previous action name: action_listen
[state 6] user intent: ask_architecture | previous action name: utter_architecture_response
[state 7] user intent: greet | previous action name: action_listen
[state 8] user intent: greet | previous action name: utter_greet
[state 9] user intent: ask_architecture | previous action name: action_listen
[state 10] user intent: ask_architecture | previous action name: utter_architecture_response
[state 11] user intent: ask_architecture | previous action name: action_listen
[state 12] user intent: ask_architecture | previous action name: utter_architecture_response
[state 13] user intent: ask_architecture | previous action name: action_listen
[state 14] user intent: ask_architecture | previous action name: utter_architecture_response
[state 15] user intent: goodbye | previous action name: action_listen
[state 16] user intent: goodbye | previous action name: utter_goodbye
[state 17] user intent: greet | previous action name: action_listen
[state 18] user intent: greet | previous action name: utter_greet
[state 19] user intent: request_info | previous action name: action_listen
[state 20] user intent: request_info | previous action name: utter_ask_more
[state 21] user intent: ask_architecture | previous action name: action_listen
[state 22] user intent: ask_architecture | previous action name: utter_architecture_response
[state 23] user intent: ask_architecture | previous action name: action_listen
[state 24] user intent: ask_architecture | previous action name: utter_architecture_response
[state 25] user intent: deny | previous action name: action_listen[0m
2025-03-16 19:06:44,971 [DEBUG]  There is no applicable rule.
2025-03-16 19:06:44,972 [DEBUG]  Node 'run_TEDPolicy2' running 'TEDPolicy.predict_action_probabilities'.
2025-03-16 19:06:44,980 [DEBUG]  TED predicted 'utter_goodbye' based on user intent.
2025-03-16 19:06:44,981 [DEBUG]  Node 'select_prediction' running 'DefaultPolicyPredictionEnsemble.combine_predictions_from_kwargs'.
2025-03-16 19:06:44,982 [DEBUG]  Made prediction using user intent.
2025-03-16 19:06:44,983 [DEBUG]  Added `DefinePrevUserUtteredFeaturization(False)` event.
2025-03-16 19:06:44,983 [DEBUG]  Predicted next action using RulePolicy.
2025-03-16 19:06:44,984 [DEBUG]  Predicted next action 'action_default_fallback' with confidence 0.30.
2025-03-16 19:06:44,986 [DEBUG]  [[32m[1mdebug    [0m] [1mprocessor.actions.policy_prediction[0m [36mprediction_events[0m=[35m[<rasa.shared.core.events.DefinePrevUserUtteredFeaturization object at 0x000001821CE82950>][0m
2025-03-16 19:06:44,987 [DEBUG]  [[32m[1mdebug    [0m] [1mprocessor.actions.log         [0m [36maction_name[0m=[35maction_default_fallback[0m [36mrasa_events[0m=[35m[<rasa.shared.core.events.UserUtteranceReverted object at 0x000001821CE80310>][0m
2025-03-16 19:06:44,989 [DEBUG]  [[32m[1mdebug    [0m] [1mprocessor.slots.log           [0m [36mslot_values[0m=[35m	topic: Что такое масштабируемость?
	session_started_metadata: None[0m
2025-03-16 19:06:44,990 [DEBUG]  Running graph with inputs: {'__tracker__': <rasa.shared.core.trackers.DialogueStateTracker object at 0x0000018210F9BC70>}, targets: ['select_prediction'] and ExecutionContext(model_id='d1db3d04f01c4ec3a9986afa2e259d30', should_add_diagnostic_data=False, is_finetuning=False, node_name=None).
2025-03-16 19:06:44,992 [DEBUG]  Node 'rule_only_data_provider' running 'RuleOnlyDataProvider.provide'.
2025-03-16 19:06:44,992 [DEBUG]  Node 'domain_provider' running 'DomainProvider.provide_inference'.
2025-03-16 19:06:44,993 [DEBUG]  Node 'run_MemoizationPolicy0' running 'MemoizationPolicy.predict_action_probabilities'.
2025-03-16 19:06:44,995 [DEBUG]  [[32m[1mdebug    [0m] [1mmemoization.predict.actions   [0m [36mtracker_states[0m=[35m[{'user': {'intent': 'ask_architecture'}, 'prev_action': {'action_name': 'action_listen'}}, {'user': {'intent': 'ask_architecture'}, 'prev_action': {'action_name': 'utter_architecture_response'}}][0m
2025-03-16 19:06:44,997 [DEBUG]  There is a memorised next action 'action_listen'
2025-03-16 19:06:44,997 [DEBUG]  Node 'run_RulePolicy1' running 'RulePolicy.predict_action_probabilities'.
2025-03-16 19:06:45,001 [DEBUG]  [[32m[1mdebug    [0m] [1mrule_policy.actions.find      [0m [36mcurrent_states[0m=[35m
[state 1] user intent: greet | previous action name: action_listen
[state 2] user intent: greet | previous action name: utter_greet
[state 3] user intent: request_info | previous action name: action_listen
[state 4] user intent: request_info | previous action name: utter_ask_more
[state 5] user intent: ask_architecture | previous action name: action_listen
[state 6] user intent: ask_architecture | previous action name: utter_architecture_response
[state 7] user intent: greet | previous action name: action_listen
[state 8] user intent: greet | previous action name: utter_greet
[state 9] user intent: ask_architecture | previous action name: action_listen
[state 10] user intent: ask_architecture | previous action name: utter_architecture_response
[state 11] user intent: ask_architecture | previous action name: action_listen
[state 12] user intent: ask_architecture | previous action name: utter_architecture_response
[state 13] user intent: ask_architecture | previous action name: action_listen
[state 14] user intent: ask_architecture | previous action name: utter_architecture_response
[state 15] user intent: goodbye | previous action name: action_listen
[state 16] user intent: goodbye | previous action name: utter_goodbye
[state 17] user intent: greet | previous action name: action_listen
[state 18] user intent: greet | previous action name: utter_greet
[state 19] user intent: request_info | previous action name: action_listen
[state 20] user intent: request_info | previous action name: utter_ask_more
[state 21] user intent: ask_architecture | previous action name: action_listen
[state 22] user intent: ask_architecture | previous action name: utter_architecture_response
[state 23] user intent: ask_architecture | previous action name: action_listen
[state 24] user intent: ask_architecture | previous action name: utter_architecture_response[0m
2025-03-16 19:06:45,006 [DEBUG]  There is a rule for the next action 'action_listen'.
2025-03-16 19:06:45,007 [DEBUG]  Node 'run_TEDPolicy2' running 'TEDPolicy.predict_action_probabilities'.
2025-03-16 19:06:45,016 [DEBUG]  TED predicted 'action_listen' based on user intent.
2025-03-16 19:06:45,017 [DEBUG]  Node 'select_prediction' running 'DefaultPolicyPredictionEnsemble.combine_predictions_from_kwargs'.
2025-03-16 19:06:45,018 [DEBUG]  Predicted next action using RulePolicy.
2025-03-16 19:06:45,020 [DEBUG]  Predicted next action 'action_listen' with confidence 1.00.
2025-03-16 19:06:45,022 [DEBUG]  [[32m[1mdebug    [0m] [1mprocessor.actions.policy_prediction[0m [36mprediction_events[0m=[35m[][0m
2025-03-16 19:06:45,023 [DEBUG]  [[32m[1mdebug    [0m] [1mprocessor.actions.log         [0m [36maction_name[0m=[35maction_listen[0m [36mrasa_events[0m=[35m[][0m
2025-03-16 19:06:45,024 [DEBUG]  No event broker configured. Skipping streaming events.
2025-03-16 19:06:45,026 [DEBUG]  Deleted lock for conversation 'PractikumStudent'.
2025-03-16 19:09:38,060 [DEBUG]  Issuing ticket for conversation 'PractikumStudent'.
2025-03-16 19:09:38,061 [DEBUG]  Acquiring lock for conversation 'PractikumStudent'.
2025-03-16 19:09:38,062 [DEBUG]  Acquired lock for conversation 'PractikumStudent'.
2025-03-16 19:09:38,062 [DEBUG]  Recreating tracker for id 'PractikumStudent'
2025-03-16 19:09:38,074 [DEBUG]  Running graph with inputs: {'__message__': [<rasa.core.channels.channel.UserMessage object at 0x0000018210F9BC70>], '__tracker__': <rasa.shared.core.trackers.DialogueStateTracker object at 0x0000018218978850>}, targets: ['run_RegexMessageHandler'] and ExecutionContext(model_id='d1db3d04f01c4ec3a9986afa2e259d30', should_add_diagnostic_data=False, is_finetuning=False, node_name=None).
2025-03-16 19:09:38,076 [DEBUG]  Node 'nlu_message_converter' running 'NLUMessageConverter.convert_user_message'.
2025-03-16 19:09:38,077 [DEBUG]  Node 'run_WhitespaceTokenizer0' running 'WhitespaceTokenizer.process'.
2025-03-16 19:09:38,077 [DEBUG]  Node 'run_RegexFeaturizer1' running 'RegexFeaturizer.process'.
2025-03-16 19:09:38,078 [DEBUG]  Node 'run_LexicalSyntacticFeaturizer2' running 'LexicalSyntacticFeaturizer.process'.
2025-03-16 19:09:38,079 [DEBUG]  Node 'run_CountVectorsFeaturizer3' running 'CountVectorsFeaturizer.process'.
2025-03-16 19:09:38,081 [DEBUG]  Node 'run_LanguageModelFeaturizer4' running 'LanguageModelFeaturizer.process'.
2025-03-16 19:09:38,445 [DEBUG]  Node 'run_DIETClassifier5' running 'DIETClassifier.process'.
2025-03-16 19:09:38,454 [DEBUG]  Node 'run_EntitySynonymMapper6' running 'EntitySynonymMapper.process'.
2025-03-16 19:09:38,454 [DEBUG]  Node 'run_ResponseSelector7' running 'ResponseSelector.process'.
2025-03-16 19:09:38,455 [DEBUG]  There is no trained model for 'ResponseSelector': The component is either not trained or didn't receive enough training data.
2025-03-16 19:09:38,456 [DEBUG]  Adding following selector key to message property: default
2025-03-16 19:09:38,457 [DEBUG]  Node 'domain_provider' running 'DomainProvider.provide_inference'.
2025-03-16 19:09:38,458 [DEBUG]  Node 'run_RegexMessageHandler' running 'RegexMessageHandler.process'.
2025-03-16 19:09:38,459 [DEBUG]  [[32m[1mdebug    [0m] [1mprocessor.message.parse       [0m [36mparse_data_entities[0m=[35m[][0m [36mparse_data_intent[0m=[35m{'name': 'greet', 'confidence': 0.3709259331226349}[0m [36mparse_data_text[0m=[35mпривет[0m
2025-03-16 19:09:38,461 [DEBUG]  Logged UserUtterance - tracker now has 88 events.
2025-03-16 19:09:38,461 [DEBUG]  Validating extracted slots: topic
2025-03-16 19:09:38,462 [DEBUG]  [[32m[1mdebug    [0m] [1mprocessor.extract.slots       [0m [36maction_extract_slot[0m=[35maction_extract_slots[0m [36mlen_extraction_events[0m=[35m1[0m [36mrasa_events[0m=[35m[SlotSet(key: topic, value: привет)][0m
2025-03-16 19:09:38,463 [DEBUG]  Running graph with inputs: {'__tracker__': <rasa.shared.core.trackers.DialogueStateTracker object at 0x0000018218978850>}, targets: ['select_prediction'] and ExecutionContext(model_id='d1db3d04f01c4ec3a9986afa2e259d30', should_add_diagnostic_data=False, is_finetuning=False, node_name=None).
2025-03-16 19:09:38,465 [DEBUG]  Node 'rule_only_data_provider' running 'RuleOnlyDataProvider.provide'.
2025-03-16 19:09:38,465 [DEBUG]  Node 'domain_provider' running 'DomainProvider.provide_inference'.
2025-03-16 19:09:38,466 [DEBUG]  Node 'run_MemoizationPolicy0' running 'MemoizationPolicy.predict_action_probabilities'.
2025-03-16 19:09:38,469 [DEBUG]  [[32m[1mdebug    [0m] [1mmemoization.predict.actions   [0m [36mtracker_states[0m=[35m[{'user': {'intent': 'ask_architecture'}, 'prev_action': {'action_name': 'utter_architecture_response'}}, {'user': {'intent': 'greet'}, 'prev_action': {'action_name': 'action_listen'}}][0m
2025-03-16 19:09:38,470 [DEBUG]  There is no memorised next action
2025-03-16 19:09:38,471 [DEBUG]  Node 'run_RulePolicy1' running 'RulePolicy.predict_action_probabilities'.
2025-03-16 19:09:38,473 [DEBUG]  [[32m[1mdebug    [0m] [1mrule_policy.actions.find      [0m [36mcurrent_states[0m=[35m
[state 1] user intent: greet | previous action name: action_listen
[state 2] user intent: greet | previous action name: utter_greet
[state 3] user intent: request_info | previous action name: action_listen
[state 4] user intent: request_info | previous action name: utter_ask_more
[state 5] user intent: ask_architecture | previous action name: action_listen
[state 6] user intent: ask_architecture | previous action name: utter_architecture_response
[state 7] user intent: greet | previous action name: action_listen
[state 8] user intent: greet | previous action name: utter_greet
[state 9] user intent: ask_architecture | previous action name: action_listen
[state 10] user intent: ask_architecture | previous action name: utter_architecture_response
[state 11] user intent: ask_architecture | previous action name: action_listen
[state 12] user intent: ask_architecture | previous action name: utter_architecture_response
[state 13] user intent: ask_architecture | previous action name: action_listen
[state 14] user intent: ask_architecture | previous action name: utter_architecture_response
[state 15] user intent: goodbye | previous action name: action_listen
[state 16] user intent: goodbye | previous action name: utter_goodbye
[state 17] user intent: greet | previous action name: action_listen
[state 18] user intent: greet | previous action name: utter_greet
[state 19] user intent: request_info | previous action name: action_listen
[state 20] user intent: request_info | previous action name: utter_ask_more
[state 21] user intent: ask_architecture | previous action name: action_listen
[state 22] user intent: ask_architecture | previous action name: utter_architecture_response
[state 23] user intent: ask_architecture | previous action name: action_listen
[state 24] user intent: ask_architecture | previous action name: utter_architecture_response
[state 25] user text: привет | previous action name: action_listen[0m
2025-03-16 19:09:38,478 [DEBUG]  There is no applicable rule.
2025-03-16 19:09:38,480 [DEBUG]  [[32m[1mdebug    [0m] [1mrule_policy.actions.find      [0m [36mcurrent_states[0m=[35m
[state 1] user intent: greet | previous action name: action_listen
[state 2] user intent: greet | previous action name: utter_greet
[state 3] user intent: request_info | previous action name: action_listen
[state 4] user intent: request_info | previous action name: utter_ask_more
[state 5] user intent: ask_architecture | previous action name: action_listen
[state 6] user intent: ask_architecture | previous action name: utter_architecture_response
[state 7] user intent: greet | previous action name: action_listen
[state 8] user intent: greet | previous action name: utter_greet
[state 9] user intent: ask_architecture | previous action name: action_listen
[state 10] user intent: ask_architecture | previous action name: utter_architecture_response
[state 11] user intent: ask_architecture | previous action name: action_listen
[state 12] user intent: ask_architecture | previous action name: utter_architecture_response
[state 13] user intent: ask_architecture | previous action name: action_listen
[state 14] user intent: ask_architecture | previous action name: utter_architecture_response
[state 15] user intent: goodbye | previous action name: action_listen
[state 16] user intent: goodbye | previous action name: utter_goodbye
[state 17] user intent: greet | previous action name: action_listen
[state 18] user intent: greet | previous action name: utter_greet
[state 19] user intent: request_info | previous action name: action_listen
[state 20] user intent: request_info | previous action name: utter_ask_more
[state 21] user intent: ask_architecture | previous action name: action_listen
[state 22] user intent: ask_architecture | previous action name: utter_architecture_response
[state 23] user intent: ask_architecture | previous action name: action_listen
[state 24] user intent: ask_architecture | previous action name: utter_architecture_response
[state 25] user intent: greet | previous action name: action_listen[0m
2025-03-16 19:09:38,485 [DEBUG]  There is a rule for the next action 'utter_greet'.
2025-03-16 19:09:38,486 [DEBUG]  Node 'run_TEDPolicy2' running 'TEDPolicy.predict_action_probabilities'.
2025-03-16 19:09:38,494 [DEBUG]  TED predicted 'utter_greet' based on user intent.
2025-03-16 19:09:38,495 [DEBUG]  Node 'select_prediction' running 'DefaultPolicyPredictionEnsemble.combine_predictions_from_kwargs'.
2025-03-16 19:09:38,496 [DEBUG]  Made prediction using user intent.
2025-03-16 19:09:38,496 [DEBUG]  Added `DefinePrevUserUtteredFeaturization(False)` event.
2025-03-16 19:09:38,497 [DEBUG]  Predicted next action using RulePolicy.
2025-03-16 19:09:38,497 [DEBUG]  Predicted next action 'utter_greet' with confidence 1.00.
2025-03-16 19:09:38,499 [DEBUG]  [[32m[1mdebug    [0m] [1mprocessor.actions.policy_prediction[0m [36mprediction_events[0m=[35m[<rasa.shared.core.events.DefinePrevUserUtteredFeaturization object at 0x000001821CE838B0>][0m
2025-03-16 19:09:38,501 [DEBUG]  [[32m[1mdebug    [0m] [1mprocessor.actions.log         [0m [36maction_name[0m=[35mutter_greet[0m [36mrasa_events[0m=[35m[BotUttered('Привет! Чем могу помочь в области архитектуры программного обеспечения?', {"elements": null, "quick_replies": null, "buttons": null, "attachment": null, "image": null, "custom": null}, {"utter_action": "utter_greet"}, 1742173778.4991057)][0m
2025-03-16 19:09:38,503 [DEBUG]  Running graph with inputs: {'__tracker__': <rasa.shared.core.trackers.DialogueStateTracker object at 0x0000018218978850>}, targets: ['select_prediction'] and ExecutionContext(model_id='d1db3d04f01c4ec3a9986afa2e259d30', should_add_diagnostic_data=False, is_finetuning=False, node_name=None).
2025-03-16 19:09:38,505 [DEBUG]  Node 'rule_only_data_provider' running 'RuleOnlyDataProvider.provide'.
2025-03-16 19:09:38,505 [DEBUG]  Node 'domain_provider' running 'DomainProvider.provide_inference'.
2025-03-16 19:09:38,506 [DEBUG]  Node 'run_MemoizationPolicy0' running 'MemoizationPolicy.predict_action_probabilities'.
2025-03-16 19:09:38,508 [DEBUG]  [[32m[1mdebug    [0m] [1mmemoization.predict.actions   [0m [36mtracker_states[0m=[35m[{'user': {'intent': 'greet'}, 'prev_action': {'action_name': 'action_listen'}}, {'user': {'intent': 'greet'}, 'prev_action': {'action_name': 'utter_greet'}}][0m
2025-03-16 19:09:38,509 [DEBUG]  There is a memorised next action 'action_listen'
2025-03-16 19:09:38,510 [DEBUG]  Node 'run_RulePolicy1' running 'RulePolicy.predict_action_probabilities'.
2025-03-16 19:09:38,512 [DEBUG]  [[32m[1mdebug    [0m] [1mrule_policy.actions.find      [0m [36mcurrent_states[0m=[35m
[state 1] user intent: greet | previous action name: action_listen
[state 2] user intent: greet | previous action name: utter_greet
[state 3] user intent: request_info | previous action name: action_listen
[state 4] user intent: request_info | previous action name: utter_ask_more
[state 5] user intent: ask_architecture | previous action name: action_listen
[state 6] user intent: ask_architecture | previous action name: utter_architecture_response
[state 7] user intent: greet | previous action name: action_listen
[state 8] user intent: greet | previous action name: utter_greet
[state 9] user intent: ask_architecture | previous action name: action_listen
[state 10] user intent: ask_architecture | previous action name: utter_architecture_response
[state 11] user intent: ask_architecture | previous action name: action_listen
[state 12] user intent: ask_architecture | previous action name: utter_architecture_response
[state 13] user intent: ask_architecture | previous action name: action_listen
[state 14] user intent: ask_architecture | previous action name: utter_architecture_response
[state 15] user intent: goodbye | previous action name: action_listen
[state 16] user intent: goodbye | previous action name: utter_goodbye
[state 17] user intent: greet | previous action name: action_listen
[state 18] user intent: greet | previous action name: utter_greet
[state 19] user intent: request_info | previous action name: action_listen
[state 20] user intent: request_info | previous action name: utter_ask_more
[state 21] user intent: ask_architecture | previous action name: action_listen
[state 22] user intent: ask_architecture | previous action name: utter_architecture_response
[state 23] user intent: ask_architecture | previous action name: action_listen
[state 24] user intent: ask_architecture | previous action name: utter_architecture_response
[state 25] user intent: greet | previous action name: action_listen
[state 26] user intent: greet | previous action name: utter_greet[0m
2025-03-16 19:09:38,517 [DEBUG]  There is a rule for the next action 'action_listen'.
2025-03-16 19:09:38,518 [DEBUG]  Node 'run_TEDPolicy2' running 'TEDPolicy.predict_action_probabilities'.
2025-03-16 19:09:38,527 [DEBUG]  TED predicted 'action_listen' based on user intent.
2025-03-16 19:09:38,528 [DEBUG]  Node 'select_prediction' running 'DefaultPolicyPredictionEnsemble.combine_predictions_from_kwargs'.
2025-03-16 19:09:38,529 [DEBUG]  Predicted next action using RulePolicy.
2025-03-16 19:09:38,530 [DEBUG]  Predicted next action 'action_listen' with confidence 1.00.
2025-03-16 19:09:38,531 [DEBUG]  [[32m[1mdebug    [0m] [1mprocessor.actions.policy_prediction[0m [36mprediction_events[0m=[35m[][0m
2025-03-16 19:09:38,532 [DEBUG]  [[32m[1mdebug    [0m] [1mprocessor.actions.log         [0m [36maction_name[0m=[35maction_listen[0m [36mrasa_events[0m=[35m[][0m
2025-03-16 19:09:38,533 [DEBUG]  No event broker configured. Skipping streaming events.
2025-03-16 19:09:38,535 [DEBUG]  Deleted lock for conversation 'PractikumStudent'.
2025-03-16 19:09:48,169 [DEBUG]  Issuing ticket for conversation 'PractikumStudent'.
2025-03-16 19:09:48,170 [DEBUG]  Acquiring lock for conversation 'PractikumStudent'.
2025-03-16 19:09:48,171 [DEBUG]  Acquired lock for conversation 'PractikumStudent'.
2025-03-16 19:09:48,172 [DEBUG]  Recreating tracker for id 'PractikumStudent'
2025-03-16 19:09:48,184 [DEBUG]  Running graph with inputs: {'__message__': [<rasa.core.channels.channel.UserMessage object at 0x0000018215D561D0>], '__tracker__': <rasa.shared.core.trackers.DialogueStateTracker object at 0x0000018215D555A0>}, targets: ['run_RegexMessageHandler'] and ExecutionContext(model_id='d1db3d04f01c4ec3a9986afa2e259d30', should_add_diagnostic_data=False, is_finetuning=False, node_name=None).
2025-03-16 19:09:48,186 [DEBUG]  Node 'nlu_message_converter' running 'NLUMessageConverter.convert_user_message'.
2025-03-16 19:09:48,187 [DEBUG]  Node 'run_WhitespaceTokenizer0' running 'WhitespaceTokenizer.process'.
2025-03-16 19:09:48,189 [DEBUG]  Node 'run_RegexFeaturizer1' running 'RegexFeaturizer.process'.
2025-03-16 19:09:48,190 [DEBUG]  Node 'run_LexicalSyntacticFeaturizer2' running 'LexicalSyntacticFeaturizer.process'.
2025-03-16 19:09:48,191 [DEBUG]  Node 'run_CountVectorsFeaturizer3' running 'CountVectorsFeaturizer.process'.
2025-03-16 19:09:48,194 [DEBUG]  Node 'run_LanguageModelFeaturizer4' running 'LanguageModelFeaturizer.process'.
2025-03-16 19:09:48,576 [DEBUG]  Node 'run_DIETClassifier5' running 'DIETClassifier.process'.
2025-03-16 19:09:48,584 [DEBUG]  Node 'run_EntitySynonymMapper6' running 'EntitySynonymMapper.process'.
2025-03-16 19:09:48,585 [DEBUG]  Node 'run_ResponseSelector7' running 'ResponseSelector.process'.
2025-03-16 19:09:48,585 [DEBUG]  There is no trained model for 'ResponseSelector': The component is either not trained or didn't receive enough training data.
2025-03-16 19:09:48,586 [DEBUG]  Adding following selector key to message property: default
2025-03-16 19:09:48,587 [DEBUG]  Node 'domain_provider' running 'DomainProvider.provide_inference'.
2025-03-16 19:09:48,588 [DEBUG]  Node 'run_RegexMessageHandler' running 'RegexMessageHandler.process'.
2025-03-16 19:09:48,589 [DEBUG]  [[32m[1mdebug    [0m] [1mprocessor.message.parse       [0m [36mparse_data_entities[0m=[35m[][0m [36mparse_data_intent[0m=[35m{'name': 'ask_architecture', 'confidence': 0.5067861676216125}[0m [36mparse_data_text[0m=[35mа что ты знаешь?[0m
2025-03-16 19:09:48,590 [DEBUG]  Logged UserUtterance - tracker now has 94 events.
2025-03-16 19:09:48,591 [DEBUG]  Validating extracted slots: topic
2025-03-16 19:09:48,592 [DEBUG]  [[32m[1mdebug    [0m] [1mprocessor.extract.slots       [0m [36maction_extract_slot[0m=[35maction_extract_slots[0m [36mlen_extraction_events[0m=[35m1[0m [36mrasa_events[0m=[35m[SlotSet(key: topic, value: а что ты знаешь?)][0m
2025-03-16 19:09:48,594 [DEBUG]  Running graph with inputs: {'__tracker__': <rasa.shared.core.trackers.DialogueStateTracker object at 0x0000018215D555A0>}, targets: ['select_prediction'] and ExecutionContext(model_id='d1db3d04f01c4ec3a9986afa2e259d30', should_add_diagnostic_data=False, is_finetuning=False, node_name=None).
2025-03-16 19:09:48,595 [DEBUG]  Node 'rule_only_data_provider' running 'RuleOnlyDataProvider.provide'.
2025-03-16 19:09:48,596 [DEBUG]  Node 'domain_provider' running 'DomainProvider.provide_inference'.
2025-03-16 19:09:48,596 [DEBUG]  Node 'run_MemoizationPolicy0' running 'MemoizationPolicy.predict_action_probabilities'.
2025-03-16 19:09:48,599 [DEBUG]  [[32m[1mdebug    [0m] [1mmemoization.predict.actions   [0m [36mtracker_states[0m=[35m[{'user': {'intent': 'greet'}, 'prev_action': {'action_name': 'utter_greet'}}, {'user': {'intent': 'ask_architecture'}, 'prev_action': {'action_name': 'action_listen'}}][0m
2025-03-16 19:09:48,600 [DEBUG]  There is a memorised next action 'utter_architecture_response'
2025-03-16 19:09:48,601 [DEBUG]  Node 'run_RulePolicy1' running 'RulePolicy.predict_action_probabilities'.
2025-03-16 19:09:48,603 [DEBUG]  [[32m[1mdebug    [0m] [1mrule_policy.actions.find      [0m [36mcurrent_states[0m=[35m
[state 1] user intent: greet | previous action name: action_listen
[state 2] user intent: greet | previous action name: utter_greet
[state 3] user intent: request_info | previous action name: action_listen
[state 4] user intent: request_info | previous action name: utter_ask_more
[state 5] user intent: ask_architecture | previous action name: action_listen
[state 6] user intent: ask_architecture | previous action name: utter_architecture_response
[state 7] user intent: greet | previous action name: action_listen
[state 8] user intent: greet | previous action name: utter_greet
[state 9] user intent: ask_architecture | previous action name: action_listen
[state 10] user intent: ask_architecture | previous action name: utter_architecture_response
[state 11] user intent: ask_architecture | previous action name: action_listen
[state 12] user intent: ask_architecture | previous action name: utter_architecture_response
[state 13] user intent: ask_architecture | previous action name: action_listen
[state 14] user intent: ask_architecture | previous action name: utter_architecture_response
[state 15] user intent: goodbye | previous action name: action_listen
[state 16] user intent: goodbye | previous action name: utter_goodbye
[state 17] user intent: greet | previous action name: action_listen
[state 18] user intent: greet | previous action name: utter_greet
[state 19] user intent: request_info | previous action name: action_listen
[state 20] user intent: request_info | previous action name: utter_ask_more
[state 21] user intent: ask_architecture | previous action name: action_listen
[state 22] user intent: ask_architecture | previous action name: utter_architecture_response
[state 23] user intent: ask_architecture | previous action name: action_listen
[state 24] user intent: ask_architecture | previous action name: utter_architecture_response
[state 25] user intent: greet | previous action name: action_listen
[state 26] user intent: greet | previous action name: utter_greet
[state 27] user text: а что ты знаешь? | previous action name: action_listen[0m
2025-03-16 19:09:48,608 [DEBUG]  There is no applicable rule.
2025-03-16 19:09:48,611 [DEBUG]  [[32m[1mdebug    [0m] [1mrule_policy.actions.find      [0m [36mcurrent_states[0m=[35m
[state 1] user intent: greet | previous action name: action_listen
[state 2] user intent: greet | previous action name: utter_greet
[state 3] user intent: request_info | previous action name: action_listen
[state 4] user intent: request_info | previous action name: utter_ask_more
[state 5] user intent: ask_architecture | previous action name: action_listen
[state 6] user intent: ask_architecture | previous action name: utter_architecture_response
[state 7] user intent: greet | previous action name: action_listen
[state 8] user intent: greet | previous action name: utter_greet
[state 9] user intent: ask_architecture | previous action name: action_listen
[state 10] user intent: ask_architecture | previous action name: utter_architecture_response
[state 11] user intent: ask_architecture | previous action name: action_listen
[state 12] user intent: ask_architecture | previous action name: utter_architecture_response
[state 13] user intent: ask_architecture | previous action name: action_listen
[state 14] user intent: ask_architecture | previous action name: utter_architecture_response
[state 15] user intent: goodbye | previous action name: action_listen
[state 16] user intent: goodbye | previous action name: utter_goodbye
[state 17] user intent: greet | previous action name: action_listen
[state 18] user intent: greet | previous action name: utter_greet
[state 19] user intent: request_info | previous action name: action_listen
[state 20] user intent: request_info | previous action name: utter_ask_more
[state 21] user intent: ask_architecture | previous action name: action_listen
[state 22] user intent: ask_architecture | previous action name: utter_architecture_response
[state 23] user intent: ask_architecture | previous action name: action_listen
[state 24] user intent: ask_architecture | previous action name: utter_architecture_response
[state 25] user intent: greet | previous action name: action_listen
[state 26] user intent: greet | previous action name: utter_greet
[state 27] user intent: ask_architecture | previous action name: action_listen[0m
2025-03-16 19:09:48,616 [DEBUG]  There is a rule for the next action 'utter_architecture_response'.
2025-03-16 19:09:48,617 [DEBUG]  Node 'run_TEDPolicy2' running 'TEDPolicy.predict_action_probabilities'.
2025-03-16 19:09:48,626 [DEBUG]  TED predicted 'utter_architecture_response' based on user intent.
2025-03-16 19:09:48,627 [DEBUG]  Node 'select_prediction' running 'DefaultPolicyPredictionEnsemble.combine_predictions_from_kwargs'.
2025-03-16 19:09:48,627 [DEBUG]  Made prediction using user intent.
2025-03-16 19:09:48,628 [DEBUG]  Added `DefinePrevUserUtteredFeaturization(False)` event.
2025-03-16 19:09:48,628 [DEBUG]  Predicted next action using RulePolicy.
2025-03-16 19:09:48,629 [DEBUG]  Predicted next action 'utter_architecture_response' with confidence 1.00.
2025-03-16 19:09:48,631 [DEBUG]  [[32m[1mdebug    [0m] [1mprocessor.actions.policy_prediction[0m [36mprediction_events[0m=[35m[<rasa.shared.core.events.DefinePrevUserUtteredFeaturization object at 0x000001821CE82AA0>][0m
2025-03-16 19:09:48,632 [DEBUG]  [[32m[1mdebug    [0m] [1mprocessor.actions.log         [0m [36maction_name[0m=[35mutter_architecture_response[0m [36mrasa_events[0m=[35m[BotUttered('Архитектура ПО включает выбор структур, которые обеспечивают масштабируемость, гибкость и поддерживаемость приложения. Задайте конкретный вопрос по этой теме, и я помогу вам с информацией.', {"elements": null, "quick_replies": null, "buttons": null, "attachment": null, "image": null, "custom": null}, {"utter_action": "utter_architecture_response"}, 1742173788.630291)][0m
2025-03-16 19:09:48,634 [DEBUG]  Running graph with inputs: {'__tracker__': <rasa.shared.core.trackers.DialogueStateTracker object at 0x0000018215D555A0>}, targets: ['select_prediction'] and ExecutionContext(model_id='d1db3d04f01c4ec3a9986afa2e259d30', should_add_diagnostic_data=False, is_finetuning=False, node_name=None).
2025-03-16 19:09:48,635 [DEBUG]  Node 'rule_only_data_provider' running 'RuleOnlyDataProvider.provide'.
2025-03-16 19:09:48,636 [DEBUG]  Node 'domain_provider' running 'DomainProvider.provide_inference'.
2025-03-16 19:09:48,637 [DEBUG]  Node 'run_MemoizationPolicy0' running 'MemoizationPolicy.predict_action_probabilities'.
2025-03-16 19:09:48,639 [DEBUG]  [[32m[1mdebug    [0m] [1mmemoization.predict.actions   [0m [36mtracker_states[0m=[35m[{'user': {'intent': 'ask_architecture'}, 'prev_action': {'action_name': 'action_listen'}}, {'user': {'intent': 'ask_architecture'}, 'prev_action': {'action_name': 'utter_architecture_response'}}][0m
2025-03-16 19:09:48,641 [DEBUG]  There is a memorised next action 'action_listen'
2025-03-16 19:09:48,641 [DEBUG]  Node 'run_RulePolicy1' running 'RulePolicy.predict_action_probabilities'.
2025-03-16 19:09:48,644 [DEBUG]  [[32m[1mdebug    [0m] [1mrule_policy.actions.find      [0m [36mcurrent_states[0m=[35m
[state 1] user intent: greet | previous action name: action_listen
[state 2] user intent: greet | previous action name: utter_greet
[state 3] user intent: request_info | previous action name: action_listen
[state 4] user intent: request_info | previous action name: utter_ask_more
[state 5] user intent: ask_architecture | previous action name: action_listen
[state 6] user intent: ask_architecture | previous action name: utter_architecture_response
[state 7] user intent: greet | previous action name: action_listen
[state 8] user intent: greet | previous action name: utter_greet
[state 9] user intent: ask_architecture | previous action name: action_listen
[state 10] user intent: ask_architecture | previous action name: utter_architecture_response
[state 11] user intent: ask_architecture | previous action name: action_listen
[state 12] user intent: ask_architecture | previous action name: utter_architecture_response
[state 13] user intent: ask_architecture | previous action name: action_listen
[state 14] user intent: ask_architecture | previous action name: utter_architecture_response
[state 15] user intent: goodbye | previous action name: action_listen
[state 16] user intent: goodbye | previous action name: utter_goodbye
[state 17] user intent: greet | previous action name: action_listen
[state 18] user intent: greet | previous action name: utter_greet
[state 19] user intent: request_info | previous action name: action_listen
[state 20] user intent: request_info | previous action name: utter_ask_more
[state 21] user intent: ask_architecture | previous action name: action_listen
[state 22] user intent: ask_architecture | previous action name: utter_architecture_response
[state 23] user intent: ask_architecture | previous action name: action_listen
[state 24] user intent: ask_architecture | previous action name: utter_architecture_response
[state 25] user intent: greet | previous action name: action_listen
[state 26] user intent: greet | previous action name: utter_greet
[state 27] user intent: ask_architecture | previous action name: action_listen
[state 28] user intent: ask_architecture | previous action name: utter_architecture_response[0m
2025-03-16 19:09:48,649 [DEBUG]  There is a rule for the next action 'action_listen'.
2025-03-16 19:09:48,650 [DEBUG]  Node 'run_TEDPolicy2' running 'TEDPolicy.predict_action_probabilities'.
2025-03-16 19:09:48,659 [DEBUG]  TED predicted 'action_listen' based on user intent.
2025-03-16 19:09:48,660 [DEBUG]  Node 'select_prediction' running 'DefaultPolicyPredictionEnsemble.combine_predictions_from_kwargs'.
2025-03-16 19:09:48,661 [DEBUG]  Predicted next action using RulePolicy.
2025-03-16 19:09:48,661 [DEBUG]  Predicted next action 'action_listen' with confidence 1.00.
2025-03-16 19:09:48,663 [DEBUG]  [[32m[1mdebug    [0m] [1mprocessor.actions.policy_prediction[0m [36mprediction_events[0m=[35m[][0m
2025-03-16 19:09:48,664 [DEBUG]  [[32m[1mdebug    [0m] [1mprocessor.actions.log         [0m [36maction_name[0m=[35maction_listen[0m [36mrasa_events[0m=[35m[][0m
2025-03-16 19:09:48,665 [DEBUG]  No event broker configured. Skipping streaming events.
2025-03-16 19:09:48,667 [DEBUG]  Deleted lock for conversation 'PractikumStudent'.
2025-03-16 19:10:22,631 [DEBUG]  Issuing ticket for conversation 'PractikumStudent'.
2025-03-16 19:10:22,632 [DEBUG]  Acquiring lock for conversation 'PractikumStudent'.
2025-03-16 19:10:22,633 [DEBUG]  Acquired lock for conversation 'PractikumStudent'.
2025-03-16 19:10:22,633 [DEBUG]  Recreating tracker for id 'PractikumStudent'
2025-03-16 19:10:22,645 [DEBUG]  Running graph with inputs: {'__message__': [<rasa.core.channels.channel.UserMessage object at 0x0000018210F98D60>], '__tracker__': <rasa.shared.core.trackers.DialogueStateTracker object at 0x000001821897BFD0>}, targets: ['run_RegexMessageHandler'] and ExecutionContext(model_id='d1db3d04f01c4ec3a9986afa2e259d30', should_add_diagnostic_data=False, is_finetuning=False, node_name=None).
2025-03-16 19:10:22,647 [DEBUG]  Node 'nlu_message_converter' running 'NLUMessageConverter.convert_user_message'.
2025-03-16 19:10:22,648 [DEBUG]  Node 'run_WhitespaceTokenizer0' running 'WhitespaceTokenizer.process'.
2025-03-16 19:10:22,649 [DEBUG]  Node 'run_RegexFeaturizer1' running 'RegexFeaturizer.process'.
2025-03-16 19:10:22,649 [DEBUG]  Node 'run_LexicalSyntacticFeaturizer2' running 'LexicalSyntacticFeaturizer.process'.
2025-03-16 19:10:22,650 [DEBUG]  Node 'run_CountVectorsFeaturizer3' running 'CountVectorsFeaturizer.process'.
2025-03-16 19:10:22,652 [DEBUG]  Node 'run_LanguageModelFeaturizer4' running 'LanguageModelFeaturizer.process'.
2025-03-16 19:10:23,008 [DEBUG]  Node 'run_DIETClassifier5' running 'DIETClassifier.process'.
2025-03-16 19:10:23,016 [DEBUG]  Node 'run_EntitySynonymMapper6' running 'EntitySynonymMapper.process'.
2025-03-16 19:10:23,017 [DEBUG]  Node 'run_ResponseSelector7' running 'ResponseSelector.process'.
2025-03-16 19:10:23,018 [DEBUG]  There is no trained model for 'ResponseSelector': The component is either not trained or didn't receive enough training data.
2025-03-16 19:10:23,018 [DEBUG]  Adding following selector key to message property: default
2025-03-16 19:10:23,019 [DEBUG]  Node 'domain_provider' running 'DomainProvider.provide_inference'.
2025-03-16 19:10:23,020 [DEBUG]  Node 'run_RegexMessageHandler' running 'RegexMessageHandler.process'.
2025-03-16 19:10:23,021 [DEBUG]  [[32m[1mdebug    [0m] [1mprocessor.message.parse       [0m [36mparse_data_entities[0m=[35m[][0m [36mparse_data_intent[0m=[35m{'name': 'ask_architecture', 'confidence': 0.23297826945781708}[0m [36mparse_data_text[0m=[35mнадо подумать[0m
2025-03-16 19:10:23,023 [DEBUG]  Logged UserUtterance - tracker now has 100 events.
2025-03-16 19:10:23,024 [DEBUG]  Validating extracted slots: topic
2025-03-16 19:10:23,024 [DEBUG]  [[32m[1mdebug    [0m] [1mprocessor.extract.slots       [0m [36maction_extract_slot[0m=[35maction_extract_slots[0m [36mlen_extraction_events[0m=[35m1[0m [36mrasa_events[0m=[35m[SlotSet(key: topic, value: надо подумать)][0m
2025-03-16 19:10:23,026 [DEBUG]  Running graph with inputs: {'__tracker__': <rasa.shared.core.trackers.DialogueStateTracker object at 0x000001821897BFD0>}, targets: ['select_prediction'] and ExecutionContext(model_id='d1db3d04f01c4ec3a9986afa2e259d30', should_add_diagnostic_data=False, is_finetuning=False, node_name=None).
2025-03-16 19:10:23,027 [DEBUG]  Node 'rule_only_data_provider' running 'RuleOnlyDataProvider.provide'.
2025-03-16 19:10:23,028 [DEBUG]  Node 'domain_provider' running 'DomainProvider.provide_inference'.
2025-03-16 19:10:23,028 [DEBUG]  Node 'run_MemoizationPolicy0' running 'MemoizationPolicy.predict_action_probabilities'.
2025-03-16 19:10:23,031 [DEBUG]  [[32m[1mdebug    [0m] [1mmemoization.predict.actions   [0m [36mtracker_states[0m=[35m[{'user': {'intent': 'ask_architecture'}, 'prev_action': {'action_name': 'utter_architecture_response'}}, {'user': {'intent': 'ask_architecture'}, 'prev_action': {'action_name': 'action_listen'}}][0m
2025-03-16 19:10:23,032 [DEBUG]  There is no memorised next action
2025-03-16 19:10:23,033 [DEBUG]  Node 'run_RulePolicy1' running 'RulePolicy.predict_action_probabilities'.
2025-03-16 19:10:23,036 [DEBUG]  [[32m[1mdebug    [0m] [1mrule_policy.actions.find      [0m [36mcurrent_states[0m=[35m
[state 1] user intent: greet | previous action name: action_listen
[state 2] user intent: greet | previous action name: utter_greet
[state 3] user intent: request_info | previous action name: action_listen
[state 4] user intent: request_info | previous action name: utter_ask_more
[state 5] user intent: ask_architecture | previous action name: action_listen
[state 6] user intent: ask_architecture | previous action name: utter_architecture_response
[state 7] user intent: greet | previous action name: action_listen
[state 8] user intent: greet | previous action name: utter_greet
[state 9] user intent: ask_architecture | previous action name: action_listen
[state 10] user intent: ask_architecture | previous action name: utter_architecture_response
[state 11] user intent: ask_architecture | previous action name: action_listen
[state 12] user intent: ask_architecture | previous action name: utter_architecture_response
[state 13] user intent: ask_architecture | previous action name: action_listen
[state 14] user intent: ask_architecture | previous action name: utter_architecture_response
[state 15] user intent: goodbye | previous action name: action_listen
[state 16] user intent: goodbye | previous action name: utter_goodbye
[state 17] user intent: greet | previous action name: action_listen
[state 18] user intent: greet | previous action name: utter_greet
[state 19] user intent: request_info | previous action name: action_listen
[state 20] user intent: request_info | previous action name: utter_ask_more
[state 21] user intent: ask_architecture | previous action name: action_listen
[state 22] user intent: ask_architecture | previous action name: utter_architecture_response
[state 23] user intent: ask_architecture | previous action name: action_listen
[state 24] user intent: ask_architecture | previous action name: utter_architecture_response
[state 25] user intent: greet | previous action name: action_listen
[state 26] user intent: greet | previous action name: utter_greet
[state 27] user intent: ask_architecture | previous action name: action_listen
[state 28] user intent: ask_architecture | previous action name: utter_architecture_response
[state 29] user text: надо подумать | previous action name: action_listen[0m
2025-03-16 19:10:23,041 [DEBUG]  There is no applicable rule.
2025-03-16 19:10:23,043 [DEBUG]  [[32m[1mdebug    [0m] [1mrule_policy.actions.find      [0m [36mcurrent_states[0m=[35m
[state 1] user intent: greet | previous action name: action_listen
[state 2] user intent: greet | previous action name: utter_greet
[state 3] user intent: request_info | previous action name: action_listen
[state 4] user intent: request_info | previous action name: utter_ask_more
[state 5] user intent: ask_architecture | previous action name: action_listen
[state 6] user intent: ask_architecture | previous action name: utter_architecture_response
[state 7] user intent: greet | previous action name: action_listen
[state 8] user intent: greet | previous action name: utter_greet
[state 9] user intent: ask_architecture | previous action name: action_listen
[state 10] user intent: ask_architecture | previous action name: utter_architecture_response
[state 11] user intent: ask_architecture | previous action name: action_listen
[state 12] user intent: ask_architecture | previous action name: utter_architecture_response
[state 13] user intent: ask_architecture | previous action name: action_listen
[state 14] user intent: ask_architecture | previous action name: utter_architecture_response
[state 15] user intent: goodbye | previous action name: action_listen
[state 16] user intent: goodbye | previous action name: utter_goodbye
[state 17] user intent: greet | previous action name: action_listen
[state 18] user intent: greet | previous action name: utter_greet
[state 19] user intent: request_info | previous action name: action_listen
[state 20] user intent: request_info | previous action name: utter_ask_more
[state 21] user intent: ask_architecture | previous action name: action_listen
[state 22] user intent: ask_architecture | previous action name: utter_architecture_response
[state 23] user intent: ask_architecture | previous action name: action_listen
[state 24] user intent: ask_architecture | previous action name: utter_architecture_response
[state 25] user intent: greet | previous action name: action_listen
[state 26] user intent: greet | previous action name: utter_greet
[state 27] user intent: ask_architecture | previous action name: action_listen
[state 28] user intent: ask_architecture | previous action name: utter_architecture_response
[state 29] user intent: ask_architecture | previous action name: action_listen[0m
2025-03-16 19:10:23,049 [DEBUG]  There is a rule for the next action 'utter_architecture_response'.
2025-03-16 19:10:23,050 [DEBUG]  Node 'run_TEDPolicy2' running 'TEDPolicy.predict_action_probabilities'.
2025-03-16 19:10:23,059 [DEBUG]  TED predicted 'utter_architecture_response' based on user intent.
2025-03-16 19:10:23,060 [DEBUG]  Node 'select_prediction' running 'DefaultPolicyPredictionEnsemble.combine_predictions_from_kwargs'.
2025-03-16 19:10:23,061 [DEBUG]  Made prediction using user intent.
2025-03-16 19:10:23,061 [DEBUG]  Added `DefinePrevUserUtteredFeaturization(False)` event.
2025-03-16 19:10:23,062 [DEBUG]  Predicted next action using RulePolicy.
2025-03-16 19:10:23,063 [DEBUG]  Predicted next action 'utter_architecture_response' with confidence 1.00.
2025-03-16 19:10:23,065 [DEBUG]  [[32m[1mdebug    [0m] [1mprocessor.actions.policy_prediction[0m [36mprediction_events[0m=[35m[<rasa.shared.core.events.DefinePrevUserUtteredFeaturization object at 0x000001821CE802B0>][0m
2025-03-16 19:10:23,066 [DEBUG]  [[32m[1mdebug    [0m] [1mprocessor.actions.log         [0m [36maction_name[0m=[35mutter_architecture_response[0m [36mrasa_events[0m=[35m[BotUttered('Архитектура ПО включает выбор структур, которые обеспечивают масштабируемость, гибкость и поддерживаемость приложения. Задайте конкретный вопрос по этой теме, и я помогу вам с информацией.', {"elements": null, "quick_replies": null, "buttons": null, "attachment": null, "image": null, "custom": null}, {"utter_action": "utter_architecture_response"}, 1742173823.0647476)][0m
2025-03-16 19:10:23,068 [DEBUG]  Running graph with inputs: {'__tracker__': <rasa.shared.core.trackers.DialogueStateTracker object at 0x000001821897BFD0>}, targets: ['select_prediction'] and ExecutionContext(model_id='d1db3d04f01c4ec3a9986afa2e259d30', should_add_diagnostic_data=False, is_finetuning=False, node_name=None).
2025-03-16 19:10:23,070 [DEBUG]  Node 'rule_only_data_provider' running 'RuleOnlyDataProvider.provide'.
2025-03-16 19:10:23,070 [DEBUG]  Node 'domain_provider' running 'DomainProvider.provide_inference'.
2025-03-16 19:10:23,071 [DEBUG]  Node 'run_MemoizationPolicy0' running 'MemoizationPolicy.predict_action_probabilities'.
2025-03-16 19:10:23,074 [DEBUG]  [[32m[1mdebug    [0m] [1mmemoization.predict.actions   [0m [36mtracker_states[0m=[35m[{'user': {'intent': 'ask_architecture'}, 'prev_action': {'action_name': 'action_listen'}}, {'user': {'intent': 'ask_architecture'}, 'prev_action': {'action_name': 'utter_architecture_response'}}][0m
2025-03-16 19:10:23,075 [DEBUG]  There is a memorised next action 'action_listen'
2025-03-16 19:10:23,075 [DEBUG]  Node 'run_RulePolicy1' running 'RulePolicy.predict_action_probabilities'.
2025-03-16 19:10:23,077 [DEBUG]  [[32m[1mdebug    [0m] [1mrule_policy.actions.find      [0m [36mcurrent_states[0m=[35m
[state 1] user intent: greet | previous action name: action_listen
[state 2] user intent: greet | previous action name: utter_greet
[state 3] user intent: request_info | previous action name: action_listen
[state 4] user intent: request_info | previous action name: utter_ask_more
[state 5] user intent: ask_architecture | previous action name: action_listen
[state 6] user intent: ask_architecture | previous action name: utter_architecture_response
[state 7] user intent: greet | previous action name: action_listen
[state 8] user intent: greet | previous action name: utter_greet
[state 9] user intent: ask_architecture | previous action name: action_listen
[state 10] user intent: ask_architecture | previous action name: utter_architecture_response
[state 11] user intent: ask_architecture | previous action name: action_listen
[state 12] user intent: ask_architecture | previous action name: utter_architecture_response
[state 13] user intent: ask_architecture | previous action name: action_listen
[state 14] user intent: ask_architecture | previous action name: utter_architecture_response
[state 15] user intent: goodbye | previous action name: action_listen
[state 16] user intent: goodbye | previous action name: utter_goodbye
[state 17] user intent: greet | previous action name: action_listen
[state 18] user intent: greet | previous action name: utter_greet
[state 19] user intent: request_info | previous action name: action_listen
[state 20] user intent: request_info | previous action name: utter_ask_more
[state 21] user intent: ask_architecture | previous action name: action_listen
[state 22] user intent: ask_architecture | previous action name: utter_architecture_response
[state 23] user intent: ask_architecture | previous action name: action_listen
[state 24] user intent: ask_architecture | previous action name: utter_architecture_response
[state 25] user intent: greet | previous action name: action_listen
[state 26] user intent: greet | previous action name: utter_greet
[state 27] user intent: ask_architecture | previous action name: action_listen
[state 28] user intent: ask_architecture | previous action name: utter_architecture_response
[state 29] user intent: ask_architecture | previous action name: action_listen
[state 30] user intent: ask_architecture | previous action name: utter_architecture_response[0m
2025-03-16 19:10:23,084 [DEBUG]  There is a rule for the next action 'action_listen'.
2025-03-16 19:10:23,085 [DEBUG]  Node 'run_TEDPolicy2' running 'TEDPolicy.predict_action_probabilities'.
2025-03-16 19:10:23,094 [DEBUG]  TED predicted 'action_listen' based on user intent.
2025-03-16 19:10:23,094 [DEBUG]  Node 'select_prediction' running 'DefaultPolicyPredictionEnsemble.combine_predictions_from_kwargs'.
2025-03-16 19:10:23,095 [DEBUG]  Predicted next action using RulePolicy.
2025-03-16 19:10:23,096 [DEBUG]  Predicted next action 'action_listen' with confidence 1.00.
2025-03-16 19:10:23,098 [DEBUG]  [[32m[1mdebug    [0m] [1mprocessor.actions.policy_prediction[0m [36mprediction_events[0m=[35m[][0m
2025-03-16 19:10:23,099 [DEBUG]  [[32m[1mdebug    [0m] [1mprocessor.actions.log         [0m [36maction_name[0m=[35maction_listen[0m [36mrasa_events[0m=[35m[][0m
2025-03-16 19:10:23,100 [DEBUG]  No event broker configured. Skipping streaming events.
2025-03-16 19:10:23,102 [DEBUG]  Deleted lock for conversation 'PractikumStudent'.
2025-03-16 19:10:30,412 [DEBUG]  Issuing ticket for conversation 'PractikumStudent'.
2025-03-16 19:10:30,413 [DEBUG]  Acquiring lock for conversation 'PractikumStudent'.
2025-03-16 19:10:30,413 [DEBUG]  Acquired lock for conversation 'PractikumStudent'.
2025-03-16 19:10:30,414 [DEBUG]  Recreating tracker for id 'PractikumStudent'
2025-03-16 19:10:30,426 [DEBUG]  Running graph with inputs: {'__message__': [<rasa.core.channels.channel.UserMessage object at 0x0000018215D54430>], '__tracker__': <rasa.shared.core.trackers.DialogueStateTracker object at 0x0000018215D57010>}, targets: ['run_RegexMessageHandler'] and ExecutionContext(model_id='d1db3d04f01c4ec3a9986afa2e259d30', should_add_diagnostic_data=False, is_finetuning=False, node_name=None).
2025-03-16 19:10:30,428 [DEBUG]  Node 'nlu_message_converter' running 'NLUMessageConverter.convert_user_message'.
2025-03-16 19:10:30,429 [DEBUG]  Node 'run_WhitespaceTokenizer0' running 'WhitespaceTokenizer.process'.
2025-03-16 19:10:30,430 [DEBUG]  Node 'run_RegexFeaturizer1' running 'RegexFeaturizer.process'.
2025-03-16 19:10:30,431 [DEBUG]  Node 'run_LexicalSyntacticFeaturizer2' running 'LexicalSyntacticFeaturizer.process'.
2025-03-16 19:10:30,432 [DEBUG]  Node 'run_CountVectorsFeaturizer3' running 'CountVectorsFeaturizer.process'.
2025-03-16 19:10:30,434 [DEBUG]  Node 'run_LanguageModelFeaturizer4' running 'LanguageModelFeaturizer.process'.
2025-03-16 19:10:30,796 [DEBUG]  Node 'run_DIETClassifier5' running 'DIETClassifier.process'.
2025-03-16 19:10:30,803 [DEBUG]  Node 'run_EntitySynonymMapper6' running 'EntitySynonymMapper.process'.
2025-03-16 19:10:30,804 [DEBUG]  Node 'run_ResponseSelector7' running 'ResponseSelector.process'.
2025-03-16 19:10:30,805 [DEBUG]  There is no trained model for 'ResponseSelector': The component is either not trained or didn't receive enough training data.
2025-03-16 19:10:30,805 [DEBUG]  Adding following selector key to message property: default
2025-03-16 19:10:30,806 [DEBUG]  Node 'domain_provider' running 'DomainProvider.provide_inference'.
2025-03-16 19:10:30,807 [DEBUG]  Node 'run_RegexMessageHandler' running 'RegexMessageHandler.process'.
2025-03-16 19:10:30,808 [DEBUG]  [[32m[1mdebug    [0m] [1mprocessor.message.parse       [0m [36mparse_data_entities[0m=[35m[][0m [36mparse_data_intent[0m=[35m{'name': 'goodbye', 'confidence': 0.254927396774292}[0m [36mparse_data_text[0m=[35mмасштабируемость[0m
2025-03-16 19:10:30,809 [DEBUG]  Logged UserUtterance - tracker now has 106 events.
2025-03-16 19:10:30,810 [DEBUG]  Validating extracted slots: topic
2025-03-16 19:10:30,811 [DEBUG]  [[32m[1mdebug    [0m] [1mprocessor.extract.slots       [0m [36maction_extract_slot[0m=[35maction_extract_slots[0m [36mlen_extraction_events[0m=[35m1[0m [36mrasa_events[0m=[35m[SlotSet(key: topic, value: масштабируемость)][0m
2025-03-16 19:10:30,812 [DEBUG]  Running graph with inputs: {'__tracker__': <rasa.shared.core.trackers.DialogueStateTracker object at 0x0000018215D57010>}, targets: ['select_prediction'] and ExecutionContext(model_id='d1db3d04f01c4ec3a9986afa2e259d30', should_add_diagnostic_data=False, is_finetuning=False, node_name=None).
2025-03-16 19:10:30,814 [DEBUG]  Node 'rule_only_data_provider' running 'RuleOnlyDataProvider.provide'.
2025-03-16 19:10:30,815 [DEBUG]  Node 'domain_provider' running 'DomainProvider.provide_inference'.
2025-03-16 19:10:30,815 [DEBUG]  Node 'run_MemoizationPolicy0' running 'MemoizationPolicy.predict_action_probabilities'.
2025-03-16 19:10:30,818 [DEBUG]  [[32m[1mdebug    [0m] [1mmemoization.predict.actions   [0m [36mtracker_states[0m=[35m[{'user': {'intent': 'ask_architecture'}, 'prev_action': {'action_name': 'utter_architecture_response'}}, {'user': {'intent': 'goodbye'}, 'prev_action': {'action_name': 'action_listen'}}][0m
2025-03-16 19:10:30,819 [DEBUG]  There is no memorised next action
2025-03-16 19:10:30,820 [DEBUG]  Node 'run_RulePolicy1' running 'RulePolicy.predict_action_probabilities'.
2025-03-16 19:10:30,822 [DEBUG]  [[32m[1mdebug    [0m] [1mrule_policy.actions.find      [0m [36mcurrent_states[0m=[35m
[state 1] user intent: greet | previous action name: action_listen
[state 2] user intent: greet | previous action name: utter_greet
[state 3] user intent: request_info | previous action name: action_listen
[state 4] user intent: request_info | previous action name: utter_ask_more
[state 5] user intent: ask_architecture | previous action name: action_listen
[state 6] user intent: ask_architecture | previous action name: utter_architecture_response
[state 7] user intent: greet | previous action name: action_listen
[state 8] user intent: greet | previous action name: utter_greet
[state 9] user intent: ask_architecture | previous action name: action_listen
[state 10] user intent: ask_architecture | previous action name: utter_architecture_response
[state 11] user intent: ask_architecture | previous action name: action_listen
[state 12] user intent: ask_architecture | previous action name: utter_architecture_response
[state 13] user intent: ask_architecture | previous action name: action_listen
[state 14] user intent: ask_architecture | previous action name: utter_architecture_response
[state 15] user intent: goodbye | previous action name: action_listen
[state 16] user intent: goodbye | previous action name: utter_goodbye
[state 17] user intent: greet | previous action name: action_listen
[state 18] user intent: greet | previous action name: utter_greet
[state 19] user intent: request_info | previous action name: action_listen
[state 20] user intent: request_info | previous action name: utter_ask_more
[state 21] user intent: ask_architecture | previous action name: action_listen
[state 22] user intent: ask_architecture | previous action name: utter_architecture_response
[state 23] user intent: ask_architecture | previous action name: action_listen
[state 24] user intent: ask_architecture | previous action name: utter_architecture_response
[state 25] user intent: greet | previous action name: action_listen
[state 26] user intent: greet | previous action name: utter_greet
[state 27] user intent: ask_architecture | previous action name: action_listen
[state 28] user intent: ask_architecture | previous action name: utter_architecture_response
[state 29] user intent: ask_architecture | previous action name: action_listen
[state 30] user intent: ask_architecture | previous action name: utter_architecture_response
[state 31] user text: масштабируемость | previous action name: action_listen[0m
2025-03-16 19:10:30,828 [DEBUG]  There is no applicable rule.
2025-03-16 19:10:30,831 [DEBUG]  [[32m[1mdebug    [0m] [1mrule_policy.actions.find      [0m [36mcurrent_states[0m=[35m
[state 1] user intent: greet | previous action name: action_listen
[state 2] user intent: greet | previous action name: utter_greet
[state 3] user intent: request_info | previous action name: action_listen
[state 4] user intent: request_info | previous action name: utter_ask_more
[state 5] user intent: ask_architecture | previous action name: action_listen
[state 6] user intent: ask_architecture | previous action name: utter_architecture_response
[state 7] user intent: greet | previous action name: action_listen
[state 8] user intent: greet | previous action name: utter_greet
[state 9] user intent: ask_architecture | previous action name: action_listen
[state 10] user intent: ask_architecture | previous action name: utter_architecture_response
[state 11] user intent: ask_architecture | previous action name: action_listen
[state 12] user intent: ask_architecture | previous action name: utter_architecture_response
[state 13] user intent: ask_architecture | previous action name: action_listen
[state 14] user intent: ask_architecture | previous action name: utter_architecture_response
[state 15] user intent: goodbye | previous action name: action_listen
[state 16] user intent: goodbye | previous action name: utter_goodbye
[state 17] user intent: greet | previous action name: action_listen
[state 18] user intent: greet | previous action name: utter_greet
[state 19] user intent: request_info | previous action name: action_listen
[state 20] user intent: request_info | previous action name: utter_ask_more
[state 21] user intent: ask_architecture | previous action name: action_listen
[state 22] user intent: ask_architecture | previous action name: utter_architecture_response
[state 23] user intent: ask_architecture | previous action name: action_listen
[state 24] user intent: ask_architecture | previous action name: utter_architecture_response
[state 25] user intent: greet | previous action name: action_listen
[state 26] user intent: greet | previous action name: utter_greet
[state 27] user intent: ask_architecture | previous action name: action_listen
[state 28] user intent: ask_architecture | previous action name: utter_architecture_response
[state 29] user intent: ask_architecture | previous action name: action_listen
[state 30] user intent: ask_architecture | previous action name: utter_architecture_response
[state 31] user intent: goodbye | previous action name: action_listen[0m
2025-03-16 19:10:30,839 [DEBUG]  There is a rule for the next action 'utter_goodbye'.
2025-03-16 19:10:30,840 [DEBUG]  Node 'run_TEDPolicy2' running 'TEDPolicy.predict_action_probabilities'.
2025-03-16 19:10:30,849 [DEBUG]  TED predicted 'utter_goodbye' based on user intent.
2025-03-16 19:10:30,850 [DEBUG]  Node 'select_prediction' running 'DefaultPolicyPredictionEnsemble.combine_predictions_from_kwargs'.
2025-03-16 19:10:30,851 [DEBUG]  Made prediction using user intent.
2025-03-16 19:10:30,851 [DEBUG]  Added `DefinePrevUserUtteredFeaturization(False)` event.
2025-03-16 19:10:30,852 [DEBUG]  Predicted next action using RulePolicy.
2025-03-16 19:10:30,853 [DEBUG]  Predicted next action 'utter_goodbye' with confidence 1.00.
2025-03-16 19:10:30,855 [DEBUG]  [[32m[1mdebug    [0m] [1mprocessor.actions.policy_prediction[0m [36mprediction_events[0m=[35m[<rasa.shared.core.events.DefinePrevUserUtteredFeaturization object at 0x000001821CE80C40>][0m
2025-03-16 19:10:30,857 [DEBUG]  [[32m[1mdebug    [0m] [1mprocessor.actions.log         [0m [36maction_name[0m=[35mutter_goodbye[0m [36mrasa_events[0m=[35m[BotUttered('До свидания! Если появятся вопросы по архитектуре ПО, обращайтесь.', {"elements": null, "quick_replies": null, "buttons": null, "attachment": null, "image": null, "custom": null}, {"utter_action": "utter_goodbye"}, 1742173830.8555884)][0m
2025-03-16 19:10:30,859 [DEBUG]  Running graph with inputs: {'__tracker__': <rasa.shared.core.trackers.DialogueStateTracker object at 0x0000018215D57010>}, targets: ['select_prediction'] and ExecutionContext(model_id='d1db3d04f01c4ec3a9986afa2e259d30', should_add_diagnostic_data=False, is_finetuning=False, node_name=None).
2025-03-16 19:10:30,862 [DEBUG]  Node 'rule_only_data_provider' running 'RuleOnlyDataProvider.provide'.
2025-03-16 19:10:30,863 [DEBUG]  Node 'domain_provider' running 'DomainProvider.provide_inference'.
2025-03-16 19:10:30,863 [DEBUG]  Node 'run_MemoizationPolicy0' running 'MemoizationPolicy.predict_action_probabilities'.
2025-03-16 19:10:30,866 [DEBUG]  [[32m[1mdebug    [0m] [1mmemoization.predict.actions   [0m [36mtracker_states[0m=[35m[{'user': {'intent': 'goodbye'}, 'prev_action': {'action_name': 'action_listen'}}, {'user': {'intent': 'goodbye'}, 'prev_action': {'action_name': 'utter_goodbye'}}][0m
2025-03-16 19:10:30,867 [DEBUG]  There is a memorised next action 'action_listen'
2025-03-16 19:10:30,867 [DEBUG]  Node 'run_RulePolicy1' running 'RulePolicy.predict_action_probabilities'.
2025-03-16 19:10:30,871 [DEBUG]  [[32m[1mdebug    [0m] [1mrule_policy.actions.find      [0m [36mcurrent_states[0m=[35m
[state 1] user intent: greet | previous action name: action_listen
[state 2] user intent: greet | previous action name: utter_greet
[state 3] user intent: request_info | previous action name: action_listen
[state 4] user intent: request_info | previous action name: utter_ask_more
[state 5] user intent: ask_architecture | previous action name: action_listen
[state 6] user intent: ask_architecture | previous action name: utter_architecture_response
[state 7] user intent: greet | previous action name: action_listen
[state 8] user intent: greet | previous action name: utter_greet
[state 9] user intent: ask_architecture | previous action name: action_listen
[state 10] user intent: ask_architecture | previous action name: utter_architecture_response
[state 11] user intent: ask_architecture | previous action name: action_listen
[state 12] user intent: ask_architecture | previous action name: utter_architecture_response
[state 13] user intent: ask_architecture | previous action name: action_listen
[state 14] user intent: ask_architecture | previous action name: utter_architecture_response
[state 15] user intent: goodbye | previous action name: action_listen
[state 16] user intent: goodbye | previous action name: utter_goodbye
[state 17] user intent: greet | previous action name: action_listen
[state 18] user intent: greet | previous action name: utter_greet
[state 19] user intent: request_info | previous action name: action_listen
[state 20] user intent: request_info | previous action name: utter_ask_more
[state 21] user intent: ask_architecture | previous action name: action_listen
[state 22] user intent: ask_architecture | previous action name: utter_architecture_response
[state 23] user intent: ask_architecture | previous action name: action_listen
[state 24] user intent: ask_architecture | previous action name: utter_architecture_response
[state 25] user intent: greet | previous action name: action_listen
[state 26] user intent: greet | previous action name: utter_greet
[state 27] user intent: ask_architecture | previous action name: action_listen
[state 28] user intent: ask_architecture | previous action name: utter_architecture_response
[state 29] user intent: ask_architecture | previous action name: action_listen
[state 30] user intent: ask_architecture | previous action name: utter_architecture_response
[state 31] user intent: goodbye | previous action name: action_listen
[state 32] user intent: goodbye | previous action name: utter_goodbye[0m
2025-03-16 19:10:30,877 [DEBUG]  There is a rule for the next action 'action_listen'.
2025-03-16 19:10:30,878 [DEBUG]  Node 'run_TEDPolicy2' running 'TEDPolicy.predict_action_probabilities'.
2025-03-16 19:10:30,890 [DEBUG]  TED predicted 'action_listen' based on user intent.
2025-03-16 19:10:30,891 [DEBUG]  Node 'select_prediction' running 'DefaultPolicyPredictionEnsemble.combine_predictions_from_kwargs'.
2025-03-16 19:10:30,891 [DEBUG]  Predicted next action using RulePolicy.
2025-03-16 19:10:30,892 [DEBUG]  Predicted next action 'action_listen' with confidence 1.00.
2025-03-16 19:10:30,895 [DEBUG]  [[32m[1mdebug    [0m] [1mprocessor.actions.policy_prediction[0m [36mprediction_events[0m=[35m[][0m
2025-03-16 19:10:30,896 [DEBUG]  [[32m[1mdebug    [0m] [1mprocessor.actions.log         [0m [36maction_name[0m=[35maction_listen[0m [36mrasa_events[0m=[35m[][0m
2025-03-16 19:10:30,897 [DEBUG]  No event broker configured. Skipping streaming events.
2025-03-16 19:10:30,900 [DEBUG]  Deleted lock for conversation 'PractikumStudent'.
2025-03-16 19:10:45,719 [DEBUG]  Issuing ticket for conversation 'PractikumStudent'.
2025-03-16 19:10:45,720 [DEBUG]  Acquiring lock for conversation 'PractikumStudent'.
2025-03-16 19:10:45,721 [DEBUG]  Acquired lock for conversation 'PractikumStudent'.
2025-03-16 19:10:45,722 [DEBUG]  Recreating tracker for id 'PractikumStudent'
2025-03-16 19:10:45,740 [DEBUG]  Running graph with inputs: {'__message__': [<rasa.core.channels.channel.UserMessage object at 0x00000182189780D0>], '__tracker__': <rasa.shared.core.trackers.DialogueStateTracker object at 0x0000018218978E20>}, targets: ['run_RegexMessageHandler'] and ExecutionContext(model_id='d1db3d04f01c4ec3a9986afa2e259d30', should_add_diagnostic_data=False, is_finetuning=False, node_name=None).
2025-03-16 19:10:45,742 [DEBUG]  Node 'nlu_message_converter' running 'NLUMessageConverter.convert_user_message'.
2025-03-16 19:10:45,743 [DEBUG]  Node 'run_WhitespaceTokenizer0' running 'WhitespaceTokenizer.process'.
2025-03-16 19:10:45,744 [DEBUG]  Node 'run_RegexFeaturizer1' running 'RegexFeaturizer.process'.
2025-03-16 19:10:45,745 [DEBUG]  Node 'run_LexicalSyntacticFeaturizer2' running 'LexicalSyntacticFeaturizer.process'.
2025-03-16 19:10:45,746 [DEBUG]  Node 'run_CountVectorsFeaturizer3' running 'CountVectorsFeaturizer.process'.
2025-03-16 19:10:45,748 [DEBUG]  Node 'run_LanguageModelFeaturizer4' running 'LanguageModelFeaturizer.process'.
2025-03-16 19:10:46,113 [DEBUG]  Node 'run_DIETClassifier5' running 'DIETClassifier.process'.
2025-03-16 19:10:46,120 [DEBUG]  Node 'run_EntitySynonymMapper6' running 'EntitySynonymMapper.process'.
2025-03-16 19:10:46,122 [DEBUG]  Node 'run_ResponseSelector7' running 'ResponseSelector.process'.
2025-03-16 19:10:46,122 [DEBUG]  There is no trained model for 'ResponseSelector': The component is either not trained or didn't receive enough training data.
2025-03-16 19:10:46,123 [DEBUG]  Adding following selector key to message property: default
2025-03-16 19:10:46,123 [DEBUG]  Node 'domain_provider' running 'DomainProvider.provide_inference'.
2025-03-16 19:10:46,124 [DEBUG]  Node 'run_RegexMessageHandler' running 'RegexMessageHandler.process'.
2025-03-16 19:10:46,125 [DEBUG]  [[32m[1mdebug    [0m] [1mprocessor.message.parse       [0m [36mparse_data_entities[0m=[35m[][0m [36mparse_data_intent[0m=[35m{'name': 'greet', 'confidence': 0.3709259331226349}[0m [36mparse_data_text[0m=[35mпривет[0m
2025-03-16 19:10:46,127 [DEBUG]  Logged UserUtterance - tracker now has 112 events.
2025-03-16 19:10:46,127 [DEBUG]  Validating extracted slots: topic
2025-03-16 19:10:46,128 [DEBUG]  [[32m[1mdebug    [0m] [1mprocessor.extract.slots       [0m [36maction_extract_slot[0m=[35maction_extract_slots[0m [36mlen_extraction_events[0m=[35m1[0m [36mrasa_events[0m=[35m[SlotSet(key: topic, value: привет)][0m
2025-03-16 19:10:46,129 [DEBUG]  Running graph with inputs: {'__tracker__': <rasa.shared.core.trackers.DialogueStateTracker object at 0x0000018218978E20>}, targets: ['select_prediction'] and ExecutionContext(model_id='d1db3d04f01c4ec3a9986afa2e259d30', should_add_diagnostic_data=False, is_finetuning=False, node_name=None).
2025-03-16 19:10:46,131 [DEBUG]  Node 'rule_only_data_provider' running 'RuleOnlyDataProvider.provide'.
2025-03-16 19:10:46,132 [DEBUG]  Node 'domain_provider' running 'DomainProvider.provide_inference'.
2025-03-16 19:10:46,132 [DEBUG]  Node 'run_MemoizationPolicy0' running 'MemoizationPolicy.predict_action_probabilities'.
2025-03-16 19:10:46,136 [DEBUG]  [[32m[1mdebug    [0m] [1mmemoization.predict.actions   [0m [36mtracker_states[0m=[35m[{'user': {'intent': 'goodbye'}, 'prev_action': {'action_name': 'utter_goodbye'}}, {'user': {'intent': 'greet'}, 'prev_action': {'action_name': 'action_listen'}}][0m
2025-03-16 19:10:46,137 [DEBUG]  There is no memorised next action
2025-03-16 19:10:46,138 [DEBUG]  Node 'run_RulePolicy1' running 'RulePolicy.predict_action_probabilities'.
2025-03-16 19:10:46,141 [DEBUG]  [[32m[1mdebug    [0m] [1mrule_policy.actions.find      [0m [36mcurrent_states[0m=[35m
[state 1] user intent: greet | previous action name: action_listen
[state 2] user intent: greet | previous action name: utter_greet
[state 3] user intent: request_info | previous action name: action_listen
[state 4] user intent: request_info | previous action name: utter_ask_more
[state 5] user intent: ask_architecture | previous action name: action_listen
[state 6] user intent: ask_architecture | previous action name: utter_architecture_response
[state 7] user intent: greet | previous action name: action_listen
[state 8] user intent: greet | previous action name: utter_greet
[state 9] user intent: ask_architecture | previous action name: action_listen
[state 10] user intent: ask_architecture | previous action name: utter_architecture_response
[state 11] user intent: ask_architecture | previous action name: action_listen
[state 12] user intent: ask_architecture | previous action name: utter_architecture_response
[state 13] user intent: ask_architecture | previous action name: action_listen
[state 14] user intent: ask_architecture | previous action name: utter_architecture_response
[state 15] user intent: goodbye | previous action name: action_listen
[state 16] user intent: goodbye | previous action name: utter_goodbye
[state 17] user intent: greet | previous action name: action_listen
[state 18] user intent: greet | previous action name: utter_greet
[state 19] user intent: request_info | previous action name: action_listen
[state 20] user intent: request_info | previous action name: utter_ask_more
[state 21] user intent: ask_architecture | previous action name: action_listen
[state 22] user intent: ask_architecture | previous action name: utter_architecture_response
[state 23] user intent: ask_architecture | previous action name: action_listen
[state 24] user intent: ask_architecture | previous action name: utter_architecture_response
[state 25] user intent: greet | previous action name: action_listen
[state 26] user intent: greet | previous action name: utter_greet
[state 27] user intent: ask_architecture | previous action name: action_listen
[state 28] user intent: ask_architecture | previous action name: utter_architecture_response
[state 29] user intent: ask_architecture | previous action name: action_listen
[state 30] user intent: ask_architecture | previous action name: utter_architecture_response
[state 31] user intent: goodbye | previous action name: action_listen
[state 32] user intent: goodbye | previous action name: utter_goodbye
[state 33] user text: привет | previous action name: action_listen[0m
2025-03-16 19:10:46,146 [DEBUG]  There is no applicable rule.
2025-03-16 19:10:46,149 [DEBUG]  [[32m[1mdebug    [0m] [1mrule_policy.actions.find      [0m [36mcurrent_states[0m=[35m
[state 1] user intent: greet | previous action name: action_listen
[state 2] user intent: greet | previous action name: utter_greet
[state 3] user intent: request_info | previous action name: action_listen
[state 4] user intent: request_info | previous action name: utter_ask_more
[state 5] user intent: ask_architecture | previous action name: action_listen
[state 6] user intent: ask_architecture | previous action name: utter_architecture_response
[state 7] user intent: greet | previous action name: action_listen
[state 8] user intent: greet | previous action name: utter_greet
[state 9] user intent: ask_architecture | previous action name: action_listen
[state 10] user intent: ask_architecture | previous action name: utter_architecture_response
[state 11] user intent: ask_architecture | previous action name: action_listen
[state 12] user intent: ask_architecture | previous action name: utter_architecture_response
[state 13] user intent: ask_architecture | previous action name: action_listen
[state 14] user intent: ask_architecture | previous action name: utter_architecture_response
[state 15] user intent: goodbye | previous action name: action_listen
[state 16] user intent: goodbye | previous action name: utter_goodbye
[state 17] user intent: greet | previous action name: action_listen
[state 18] user intent: greet | previous action name: utter_greet
[state 19] user intent: request_info | previous action name: action_listen
[state 20] user intent: request_info | previous action name: utter_ask_more
[state 21] user intent: ask_architecture | previous action name: action_listen
[state 22] user intent: ask_architecture | previous action name: utter_architecture_response
[state 23] user intent: ask_architecture | previous action name: action_listen
[state 24] user intent: ask_architecture | previous action name: utter_architecture_response
[state 25] user intent: greet | previous action name: action_listen
[state 26] user intent: greet | previous action name: utter_greet
[state 27] user intent: ask_architecture | previous action name: action_listen
[state 28] user intent: ask_architecture | previous action name: utter_architecture_response
[state 29] user intent: ask_architecture | previous action name: action_listen
[state 30] user intent: ask_architecture | previous action name: utter_architecture_response
[state 31] user intent: goodbye | previous action name: action_listen
[state 32] user intent: goodbye | previous action name: utter_goodbye
[state 33] user intent: greet | previous action name: action_listen[0m
2025-03-16 19:10:46,155 [DEBUG]  There is a rule for the next action 'utter_greet'.
2025-03-16 19:10:46,156 [DEBUG]  Node 'run_TEDPolicy2' running 'TEDPolicy.predict_action_probabilities'.
2025-03-16 19:10:46,165 [DEBUG]  TED predicted 'utter_greet' based on user intent.
2025-03-16 19:10:46,166 [DEBUG]  Node 'select_prediction' running 'DefaultPolicyPredictionEnsemble.combine_predictions_from_kwargs'.
2025-03-16 19:10:46,167 [DEBUG]  Made prediction using user intent.
2025-03-16 19:10:46,168 [DEBUG]  Added `DefinePrevUserUtteredFeaturization(False)` event.
2025-03-16 19:10:46,168 [DEBUG]  Predicted next action using RulePolicy.
2025-03-16 19:10:46,169 [DEBUG]  Predicted next action 'utter_greet' with confidence 1.00.
2025-03-16 19:10:46,171 [DEBUG]  [[32m[1mdebug    [0m] [1mprocessor.actions.policy_prediction[0m [36mprediction_events[0m=[35m[<rasa.shared.core.events.DefinePrevUserUtteredFeaturization object at 0x000001821CE81B40>][0m
2025-03-16 19:10:46,172 [DEBUG]  [[32m[1mdebug    [0m] [1mprocessor.actions.log         [0m [36maction_name[0m=[35mutter_greet[0m [36mrasa_events[0m=[35m[BotUttered('Привет! Чем могу помочь в области архитектуры программного обеспечения?', {"elements": null, "quick_replies": null, "buttons": null, "attachment": null, "image": null, "custom": null}, {"utter_action": "utter_greet"}, 1742173846.1709619)][0m
2025-03-16 19:10:46,173 [DEBUG]  Running graph with inputs: {'__tracker__': <rasa.shared.core.trackers.DialogueStateTracker object at 0x0000018218978E20>}, targets: ['select_prediction'] and ExecutionContext(model_id='d1db3d04f01c4ec3a9986afa2e259d30', should_add_diagnostic_data=False, is_finetuning=False, node_name=None).
2025-03-16 19:10:46,174 [DEBUG]  Node 'rule_only_data_provider' running 'RuleOnlyDataProvider.provide'.
2025-03-16 19:10:46,175 [DEBUG]  Node 'domain_provider' running 'DomainProvider.provide_inference'.
2025-03-16 19:10:46,176 [DEBUG]  Node 'run_MemoizationPolicy0' running 'MemoizationPolicy.predict_action_probabilities'.
2025-03-16 19:10:46,178 [DEBUG]  [[32m[1mdebug    [0m] [1mmemoization.predict.actions   [0m [36mtracker_states[0m=[35m[{'user': {'intent': 'greet'}, 'prev_action': {'action_name': 'action_listen'}}, {'user': {'intent': 'greet'}, 'prev_action': {'action_name': 'utter_greet'}}][0m
2025-03-16 19:10:46,179 [DEBUG]  There is a memorised next action 'action_listen'
2025-03-16 19:10:46,180 [DEBUG]  Node 'run_RulePolicy1' running 'RulePolicy.predict_action_probabilities'.
2025-03-16 19:10:46,184 [DEBUG]  [[32m[1mdebug    [0m] [1mrule_policy.actions.find      [0m [36mcurrent_states[0m=[35m
[state 1] user intent: greet | previous action name: action_listen
[state 2] user intent: greet | previous action name: utter_greet
[state 3] user intent: request_info | previous action name: action_listen
[state 4] user intent: request_info | previous action name: utter_ask_more
[state 5] user intent: ask_architecture | previous action name: action_listen
[state 6] user intent: ask_architecture | previous action name: utter_architecture_response
[state 7] user intent: greet | previous action name: action_listen
[state 8] user intent: greet | previous action name: utter_greet
[state 9] user intent: ask_architecture | previous action name: action_listen
[state 10] user intent: ask_architecture | previous action name: utter_architecture_response
[state 11] user intent: ask_architecture | previous action name: action_listen
[state 12] user intent: ask_architecture | previous action name: utter_architecture_response
[state 13] user intent: ask_architecture | previous action name: action_listen
[state 14] user intent: ask_architecture | previous action name: utter_architecture_response
[state 15] user intent: goodbye | previous action name: action_listen
[state 16] user intent: goodbye | previous action name: utter_goodbye
[state 17] user intent: greet | previous action name: action_listen
[state 18] user intent: greet | previous action name: utter_greet
[state 19] user intent: request_info | previous action name: action_listen
[state 20] user intent: request_info | previous action name: utter_ask_more
[state 21] user intent: ask_architecture | previous action name: action_listen
[state 22] user intent: ask_architecture | previous action name: utter_architecture_response
[state 23] user intent: ask_architecture | previous action name: action_listen
[state 24] user intent: ask_architecture | previous action name: utter_architecture_response
[state 25] user intent: greet | previous action name: action_listen
[state 26] user intent: greet | previous action name: utter_greet
[state 27] user intent: ask_architecture | previous action name: action_listen
[state 28] user intent: ask_architecture | previous action name: utter_architecture_response
[state 29] user intent: ask_architecture | previous action name: action_listen
[state 30] user intent: ask_architecture | previous action name: utter_architecture_response
[state 31] user intent: goodbye | previous action name: action_listen
[state 32] user intent: goodbye | previous action name: utter_goodbye
[state 33] user intent: greet | previous action name: action_listen
[state 34] user intent: greet | previous action name: utter_greet[0m
2025-03-16 19:10:46,191 [DEBUG]  There is a rule for the next action 'action_listen'.
2025-03-16 19:10:46,191 [DEBUG]  Node 'run_TEDPolicy2' running 'TEDPolicy.predict_action_probabilities'.
2025-03-16 19:10:46,200 [DEBUG]  TED predicted 'action_listen' based on user intent.
2025-03-16 19:10:46,201 [DEBUG]  Node 'select_prediction' running 'DefaultPolicyPredictionEnsemble.combine_predictions_from_kwargs'.
2025-03-16 19:10:46,202 [DEBUG]  Predicted next action using RulePolicy.
2025-03-16 19:10:46,202 [DEBUG]  Predicted next action 'action_listen' with confidence 1.00.
2025-03-16 19:10:46,204 [DEBUG]  [[32m[1mdebug    [0m] [1mprocessor.actions.policy_prediction[0m [36mprediction_events[0m=[35m[][0m
2025-03-16 19:10:46,205 [DEBUG]  [[32m[1mdebug    [0m] [1mprocessor.actions.log         [0m [36maction_name[0m=[35maction_listen[0m [36mrasa_events[0m=[35m[][0m
2025-03-16 19:10:46,206 [DEBUG]  No event broker configured. Skipping streaming events.
2025-03-16 19:10:46,208 [DEBUG]  Deleted lock for conversation 'PractikumStudent'.
2025-03-16 19:11:14,829 [DEBUG]  Issuing ticket for conversation 'PractikumStudent'.
2025-03-16 19:11:14,830 [DEBUG]  Acquiring lock for conversation 'PractikumStudent'.
2025-03-16 19:11:14,831 [DEBUG]  Acquired lock for conversation 'PractikumStudent'.
2025-03-16 19:11:14,831 [DEBUG]  Recreating tracker for id 'PractikumStudent'
2025-03-16 19:11:14,848 [DEBUG]  Running graph with inputs: {'__message__': [<rasa.core.channels.channel.UserMessage object at 0x0000018215D56E60>], '__tracker__': <rasa.shared.core.trackers.DialogueStateTracker object at 0x0000018215D55AE0>}, targets: ['run_RegexMessageHandler'] and ExecutionContext(model_id='d1db3d04f01c4ec3a9986afa2e259d30', should_add_diagnostic_data=False, is_finetuning=False, node_name=None).
2025-03-16 19:11:14,850 [DEBUG]  Node 'nlu_message_converter' running 'NLUMessageConverter.convert_user_message'.
2025-03-16 19:11:14,851 [DEBUG]  Node 'run_WhitespaceTokenizer0' running 'WhitespaceTokenizer.process'.
2025-03-16 19:11:14,852 [DEBUG]  Node 'run_RegexFeaturizer1' running 'RegexFeaturizer.process'.
2025-03-16 19:11:14,853 [DEBUG]  Node 'run_LexicalSyntacticFeaturizer2' running 'LexicalSyntacticFeaturizer.process'.
2025-03-16 19:11:14,854 [DEBUG]  Node 'run_CountVectorsFeaturizer3' running 'CountVectorsFeaturizer.process'.
2025-03-16 19:11:14,856 [DEBUG]  Node 'run_LanguageModelFeaturizer4' running 'LanguageModelFeaturizer.process'.
2025-03-16 19:11:15,230 [DEBUG]  Node 'run_DIETClassifier5' running 'DIETClassifier.process'.
2025-03-16 19:11:15,238 [DEBUG]  Node 'run_EntitySynonymMapper6' running 'EntitySynonymMapper.process'.
2025-03-16 19:11:15,238 [DEBUG]  Node 'run_ResponseSelector7' running 'ResponseSelector.process'.
2025-03-16 19:11:15,239 [DEBUG]  There is no trained model for 'ResponseSelector': The component is either not trained or didn't receive enough training data.
2025-03-16 19:11:15,240 [DEBUG]  Adding following selector key to message property: default
2025-03-16 19:11:15,241 [DEBUG]  Node 'domain_provider' running 'DomainProvider.provide_inference'.
2025-03-16 19:11:15,241 [DEBUG]  Node 'run_RegexMessageHandler' running 'RegexMessageHandler.process'.
2025-03-16 19:11:15,242 [DEBUG]  [[32m[1mdebug    [0m] [1mprocessor.message.parse       [0m [36mparse_data_entities[0m=[35m[][0m [36mparse_data_intent[0m=[35m{'name': 'ask_architecture', 'confidence': 0.5067861676216125}[0m [36mparse_data_text[0m=[35mа что ты знаешь?[0m
2025-03-16 19:11:15,244 [DEBUG]  Logged UserUtterance - tracker now has 118 events.
2025-03-16 19:11:15,245 [DEBUG]  Validating extracted slots: topic
2025-03-16 19:11:15,246 [DEBUG]  [[32m[1mdebug    [0m] [1mprocessor.extract.slots       [0m [36maction_extract_slot[0m=[35maction_extract_slots[0m [36mlen_extraction_events[0m=[35m1[0m [36mrasa_events[0m=[35m[SlotSet(key: topic, value: а что ты знаешь?)][0m
2025-03-16 19:11:15,247 [DEBUG]  Running graph with inputs: {'__tracker__': <rasa.shared.core.trackers.DialogueStateTracker object at 0x0000018215D55AE0>}, targets: ['select_prediction'] and ExecutionContext(model_id='d1db3d04f01c4ec3a9986afa2e259d30', should_add_diagnostic_data=False, is_finetuning=False, node_name=None).
2025-03-16 19:11:15,249 [DEBUG]  Node 'rule_only_data_provider' running 'RuleOnlyDataProvider.provide'.
2025-03-16 19:11:15,249 [DEBUG]  Node 'domain_provider' running 'DomainProvider.provide_inference'.
2025-03-16 19:11:15,250 [DEBUG]  Node 'run_MemoizationPolicy0' running 'MemoizationPolicy.predict_action_probabilities'.
2025-03-16 19:11:15,252 [DEBUG]  [[32m[1mdebug    [0m] [1mmemoization.predict.actions   [0m [36mtracker_states[0m=[35m[{'user': {'intent': 'greet'}, 'prev_action': {'action_name': 'utter_greet'}}, {'user': {'intent': 'ask_architecture'}, 'prev_action': {'action_name': 'action_listen'}}][0m
2025-03-16 19:11:15,253 [DEBUG]  There is a memorised next action 'utter_architecture_response'
2025-03-16 19:11:15,254 [DEBUG]  Node 'run_RulePolicy1' running 'RulePolicy.predict_action_probabilities'.
2025-03-16 19:11:15,256 [DEBUG]  [[32m[1mdebug    [0m] [1mrule_policy.actions.find      [0m [36mcurrent_states[0m=[35m
[state 1] user intent: greet | previous action name: action_listen
[state 2] user intent: greet | previous action name: utter_greet
[state 3] user intent: request_info | previous action name: action_listen
[state 4] user intent: request_info | previous action name: utter_ask_more
[state 5] user intent: ask_architecture | previous action name: action_listen
[state 6] user intent: ask_architecture | previous action name: utter_architecture_response
[state 7] user intent: greet | previous action name: action_listen
[state 8] user intent: greet | previous action name: utter_greet
[state 9] user intent: ask_architecture | previous action name: action_listen
[state 10] user intent: ask_architecture | previous action name: utter_architecture_response
[state 11] user intent: ask_architecture | previous action name: action_listen
[state 12] user intent: ask_architecture | previous action name: utter_architecture_response
[state 13] user intent: ask_architecture | previous action name: action_listen
[state 14] user intent: ask_architecture | previous action name: utter_architecture_response
[state 15] user intent: goodbye | previous action name: action_listen
[state 16] user intent: goodbye | previous action name: utter_goodbye
[state 17] user intent: greet | previous action name: action_listen
[state 18] user intent: greet | previous action name: utter_greet
[state 19] user intent: request_info | previous action name: action_listen
[state 20] user intent: request_info | previous action name: utter_ask_more
[state 21] user intent: ask_architecture | previous action name: action_listen
[state 22] user intent: ask_architecture | previous action name: utter_architecture_response
[state 23] user intent: ask_architecture | previous action name: action_listen
[state 24] user intent: ask_architecture | previous action name: utter_architecture_response
[state 25] user intent: greet | previous action name: action_listen
[state 26] user intent: greet | previous action name: utter_greet
[state 27] user intent: ask_architecture | previous action name: action_listen
[state 28] user intent: ask_architecture | previous action name: utter_architecture_response
[state 29] user intent: ask_architecture | previous action name: action_listen
[state 30] user intent: ask_architecture | previous action name: utter_architecture_response
[state 31] user intent: goodbye | previous action name: action_listen
[state 32] user intent: goodbye | previous action name: utter_goodbye
[state 33] user intent: greet | previous action name: action_listen
[state 34] user intent: greet | previous action name: utter_greet
[state 35] user text: а что ты знаешь? | previous action name: action_listen[0m
2025-03-16 19:11:15,263 [DEBUG]  There is no applicable rule.
2025-03-16 19:11:15,266 [DEBUG]  [[32m[1mdebug    [0m] [1mrule_policy.actions.find      [0m [36mcurrent_states[0m=[35m
[state 1] user intent: greet | previous action name: action_listen
[state 2] user intent: greet | previous action name: utter_greet
[state 3] user intent: request_info | previous action name: action_listen
[state 4] user intent: request_info | previous action name: utter_ask_more
[state 5] user intent: ask_architecture | previous action name: action_listen
[state 6] user intent: ask_architecture | previous action name: utter_architecture_response
[state 7] user intent: greet | previous action name: action_listen
[state 8] user intent: greet | previous action name: utter_greet
[state 9] user intent: ask_architecture | previous action name: action_listen
[state 10] user intent: ask_architecture | previous action name: utter_architecture_response
[state 11] user intent: ask_architecture | previous action name: action_listen
[state 12] user intent: ask_architecture | previous action name: utter_architecture_response
[state 13] user intent: ask_architecture | previous action name: action_listen
[state 14] user intent: ask_architecture | previous action name: utter_architecture_response
[state 15] user intent: goodbye | previous action name: action_listen
[state 16] user intent: goodbye | previous action name: utter_goodbye
[state 17] user intent: greet | previous action name: action_listen
[state 18] user intent: greet | previous action name: utter_greet
[state 19] user intent: request_info | previous action name: action_listen
[state 20] user intent: request_info | previous action name: utter_ask_more
[state 21] user intent: ask_architecture | previous action name: action_listen
[state 22] user intent: ask_architecture | previous action name: utter_architecture_response
[state 23] user intent: ask_architecture | previous action name: action_listen
[state 24] user intent: ask_architecture | previous action name: utter_architecture_response
[state 25] user intent: greet | previous action name: action_listen
[state 26] user intent: greet | previous action name: utter_greet
[state 27] user intent: ask_architecture | previous action name: action_listen
[state 28] user intent: ask_architecture | previous action name: utter_architecture_response
[state 29] user intent: ask_architecture | previous action name: action_listen
[state 30] user intent: ask_architecture | previous action name: utter_architecture_response
[state 31] user intent: goodbye | previous action name: action_listen
[state 32] user intent: goodbye | previous action name: utter_goodbye
[state 33] user intent: greet | previous action name: action_listen
[state 34] user intent: greet | previous action name: utter_greet
[state 35] user intent: ask_architecture | previous action name: action_listen[0m
2025-03-16 19:11:15,274 [DEBUG]  There is a rule for the next action 'utter_architecture_response'.
2025-03-16 19:11:15,275 [DEBUG]  Node 'run_TEDPolicy2' running 'TEDPolicy.predict_action_probabilities'.
2025-03-16 19:11:15,285 [DEBUG]  TED predicted 'utter_architecture_response' based on user intent.
2025-03-16 19:11:15,286 [DEBUG]  Node 'select_prediction' running 'DefaultPolicyPredictionEnsemble.combine_predictions_from_kwargs'.
2025-03-16 19:11:15,287 [DEBUG]  Made prediction using user intent.
2025-03-16 19:11:15,287 [DEBUG]  Added `DefinePrevUserUtteredFeaturization(False)` event.
2025-03-16 19:11:15,288 [DEBUG]  Predicted next action using RulePolicy.
2025-03-16 19:11:15,288 [DEBUG]  Predicted next action 'utter_architecture_response' with confidence 1.00.
2025-03-16 19:11:15,290 [DEBUG]  [[32m[1mdebug    [0m] [1mprocessor.actions.policy_prediction[0m [36mprediction_events[0m=[35m[<rasa.shared.core.events.DefinePrevUserUtteredFeaturization object at 0x000001821CE833D0>][0m
2025-03-16 19:11:15,291 [DEBUG]  [[32m[1mdebug    [0m] [1mprocessor.actions.log         [0m [36maction_name[0m=[35mutter_architecture_response[0m [36mrasa_events[0m=[35m[BotUttered('Архитектура ПО включает выбор структур, которые обеспечивают масштабируемость, гибкость и поддерживаемость приложения. Задайте конкретный вопрос по этой теме, и я помогу вам с информацией.', {"elements": null, "quick_replies": null, "buttons": null, "attachment": null, "image": null, "custom": null}, {"utter_action": "utter_architecture_response"}, 1742173875.290005)][0m
2025-03-16 19:11:15,293 [DEBUG]  Running graph with inputs: {'__tracker__': <rasa.shared.core.trackers.DialogueStateTracker object at 0x0000018215D55AE0>}, targets: ['select_prediction'] and ExecutionContext(model_id='d1db3d04f01c4ec3a9986afa2e259d30', should_add_diagnostic_data=False, is_finetuning=False, node_name=None).
2025-03-16 19:11:15,294 [DEBUG]  Node 'rule_only_data_provider' running 'RuleOnlyDataProvider.provide'.
2025-03-16 19:11:15,295 [DEBUG]  Node 'domain_provider' running 'DomainProvider.provide_inference'.
2025-03-16 19:11:15,296 [DEBUG]  Node 'run_MemoizationPolicy0' running 'MemoizationPolicy.predict_action_probabilities'.
2025-03-16 19:11:15,299 [DEBUG]  [[32m[1mdebug    [0m] [1mmemoization.predict.actions   [0m [36mtracker_states[0m=[35m[{'user': {'intent': 'ask_architecture'}, 'prev_action': {'action_name': 'action_listen'}}, {'user': {'intent': 'ask_architecture'}, 'prev_action': {'action_name': 'utter_architecture_response'}}][0m
2025-03-16 19:11:15,300 [DEBUG]  There is a memorised next action 'action_listen'
2025-03-16 19:11:15,301 [DEBUG]  Node 'run_RulePolicy1' running 'RulePolicy.predict_action_probabilities'.
2025-03-16 19:11:15,304 [DEBUG]  [[32m[1mdebug    [0m] [1mrule_policy.actions.find      [0m [36mcurrent_states[0m=[35m
[state 1] user intent: greet | previous action name: action_listen
[state 2] user intent: greet | previous action name: utter_greet
[state 3] user intent: request_info | previous action name: action_listen
[state 4] user intent: request_info | previous action name: utter_ask_more
[state 5] user intent: ask_architecture | previous action name: action_listen
[state 6] user intent: ask_architecture | previous action name: utter_architecture_response
[state 7] user intent: greet | previous action name: action_listen
[state 8] user intent: greet | previous action name: utter_greet
[state 9] user intent: ask_architecture | previous action name: action_listen
[state 10] user intent: ask_architecture | previous action name: utter_architecture_response
[state 11] user intent: ask_architecture | previous action name: action_listen
[state 12] user intent: ask_architecture | previous action name: utter_architecture_response
[state 13] user intent: ask_architecture | previous action name: action_listen
[state 14] user intent: ask_architecture | previous action name: utter_architecture_response
[state 15] user intent: goodbye | previous action name: action_listen
[state 16] user intent: goodbye | previous action name: utter_goodbye
[state 17] user intent: greet | previous action name: action_listen
[state 18] user intent: greet | previous action name: utter_greet
[state 19] user intent: request_info | previous action name: action_listen
[state 20] user intent: request_info | previous action name: utter_ask_more
[state 21] user intent: ask_architecture | previous action name: action_listen
[state 22] user intent: ask_architecture | previous action name: utter_architecture_response
[state 23] user intent: ask_architecture | previous action name: action_listen
[state 24] user intent: ask_architecture | previous action name: utter_architecture_response
[state 25] user intent: greet | previous action name: action_listen
[state 26] user intent: greet | previous action name: utter_greet
[state 27] user intent: ask_architecture | previous action name: action_listen
[state 28] user intent: ask_architecture | previous action name: utter_architecture_response
[state 29] user intent: ask_architecture | previous action name: action_listen
[state 30] user intent: ask_architecture | previous action name: utter_architecture_response
[state 31] user intent: goodbye | previous action name: action_listen
[state 32] user intent: goodbye | previous action name: utter_goodbye
[state 33] user intent: greet | previous action name: action_listen
[state 34] user intent: greet | previous action name: utter_greet
[state 35] user intent: ask_architecture | previous action name: action_listen
[state 36] user intent: ask_architecture | previous action name: utter_architecture_response[0m
2025-03-16 19:11:15,310 [DEBUG]  There is a rule for the next action 'action_listen'.
2025-03-16 19:11:15,311 [DEBUG]  Node 'run_TEDPolicy2' running 'TEDPolicy.predict_action_probabilities'.
2025-03-16 19:11:15,320 [DEBUG]  TED predicted 'action_listen' based on user intent.
2025-03-16 19:11:15,321 [DEBUG]  Node 'select_prediction' running 'DefaultPolicyPredictionEnsemble.combine_predictions_from_kwargs'.
2025-03-16 19:11:15,322 [DEBUG]  Predicted next action using RulePolicy.
2025-03-16 19:11:15,322 [DEBUG]  Predicted next action 'action_listen' with confidence 1.00.
2025-03-16 19:11:15,324 [DEBUG]  [[32m[1mdebug    [0m] [1mprocessor.actions.policy_prediction[0m [36mprediction_events[0m=[35m[][0m
2025-03-16 19:11:15,325 [DEBUG]  [[32m[1mdebug    [0m] [1mprocessor.actions.log         [0m [36maction_name[0m=[35maction_listen[0m [36mrasa_events[0m=[35m[][0m
2025-03-16 19:11:15,326 [DEBUG]  No event broker configured. Skipping streaming events.
2025-03-16 19:11:15,329 [DEBUG]  Deleted lock for conversation 'PractikumStudent'.
2025-03-16 19:11:19,879 [DEBUG]  Issuing ticket for conversation 'PractikumStudent'.
2025-03-16 19:11:19,880 [DEBUG]  Acquiring lock for conversation 'PractikumStudent'.
2025-03-16 19:11:19,881 [DEBUG]  Acquired lock for conversation 'PractikumStudent'.
2025-03-16 19:11:19,881 [DEBUG]  Recreating tracker for id 'PractikumStudent'
2025-03-16 19:11:19,898 [DEBUG]  Running graph with inputs: {'__message__': [<rasa.core.channels.channel.UserMessage object at 0x0000018210F98D60>], '__tracker__': <rasa.shared.core.trackers.DialogueStateTracker object at 0x0000018218979780>}, targets: ['run_RegexMessageHandler'] and ExecutionContext(model_id='d1db3d04f01c4ec3a9986afa2e259d30', should_add_diagnostic_data=False, is_finetuning=False, node_name=None).
2025-03-16 19:11:19,900 [DEBUG]  Node 'nlu_message_converter' running 'NLUMessageConverter.convert_user_message'.
2025-03-16 19:11:19,901 [DEBUG]  Node 'run_WhitespaceTokenizer0' running 'WhitespaceTokenizer.process'.
2025-03-16 19:11:19,902 [DEBUG]  Node 'run_RegexFeaturizer1' running 'RegexFeaturizer.process'.
2025-03-16 19:11:19,903 [DEBUG]  Node 'run_LexicalSyntacticFeaturizer2' running 'LexicalSyntacticFeaturizer.process'.
2025-03-16 19:11:19,904 [DEBUG]  Node 'run_CountVectorsFeaturizer3' running 'CountVectorsFeaturizer.process'.
2025-03-16 19:11:19,905 [DEBUG]  Node 'run_LanguageModelFeaturizer4' running 'LanguageModelFeaturizer.process'.
2025-03-16 19:11:20,263 [DEBUG]  Node 'run_DIETClassifier5' running 'DIETClassifier.process'.
2025-03-16 19:11:20,271 [DEBUG]  Node 'run_EntitySynonymMapper6' running 'EntitySynonymMapper.process'.
2025-03-16 19:11:20,271 [DEBUG]  Node 'run_ResponseSelector7' running 'ResponseSelector.process'.
2025-03-16 19:11:20,272 [DEBUG]  There is no trained model for 'ResponseSelector': The component is either not trained or didn't receive enough training data.
2025-03-16 19:11:20,273 [DEBUG]  Adding following selector key to message property: default
2025-03-16 19:11:20,274 [DEBUG]  Node 'domain_provider' running 'DomainProvider.provide_inference'.
2025-03-16 19:11:20,274 [DEBUG]  Node 'run_RegexMessageHandler' running 'RegexMessageHandler.process'.
2025-03-16 19:11:20,275 [DEBUG]  [[32m[1mdebug    [0m] [1mprocessor.message.parse       [0m [36mparse_data_entities[0m=[35m[][0m [36mparse_data_intent[0m=[35m{'name': 'deny', 'confidence': 0.2784394919872284}[0m [36mparse_data_text[0m=[35mнеплохо[0m
2025-03-16 19:11:20,277 [DEBUG]  Logged UserUtterance - tracker now has 124 events.
2025-03-16 19:11:20,278 [DEBUG]  Validating extracted slots: topic
2025-03-16 19:11:20,279 [DEBUG]  [[32m[1mdebug    [0m] [1mprocessor.extract.slots       [0m [36maction_extract_slot[0m=[35maction_extract_slots[0m [36mlen_extraction_events[0m=[35m1[0m [36mrasa_events[0m=[35m[SlotSet(key: topic, value: неплохо)][0m
2025-03-16 19:11:20,280 [DEBUG]  Running graph with inputs: {'__tracker__': <rasa.shared.core.trackers.DialogueStateTracker object at 0x0000018218979780>}, targets: ['select_prediction'] and ExecutionContext(model_id='d1db3d04f01c4ec3a9986afa2e259d30', should_add_diagnostic_data=False, is_finetuning=False, node_name=None).
2025-03-16 19:11:20,282 [DEBUG]  Node 'rule_only_data_provider' running 'RuleOnlyDataProvider.provide'.
2025-03-16 19:11:20,282 [DEBUG]  Node 'domain_provider' running 'DomainProvider.provide_inference'.
2025-03-16 19:11:20,283 [DEBUG]  Node 'run_MemoizationPolicy0' running 'MemoizationPolicy.predict_action_probabilities'.
2025-03-16 19:11:20,285 [DEBUG]  [[32m[1mdebug    [0m] [1mmemoization.predict.actions   [0m [36mtracker_states[0m=[35m[{'user': {'intent': 'ask_architecture'}, 'prev_action': {'action_name': 'utter_architecture_response'}}, {'user': {'intent': 'deny'}, 'prev_action': {'action_name': 'action_listen'}}][0m
2025-03-16 19:11:20,286 [DEBUG]  There is no memorised next action
2025-03-16 19:11:20,287 [DEBUG]  Node 'run_RulePolicy1' running 'RulePolicy.predict_action_probabilities'.
2025-03-16 19:11:20,289 [DEBUG]  [[32m[1mdebug    [0m] [1mrule_policy.actions.find      [0m [36mcurrent_states[0m=[35m
[state 1] user intent: greet | previous action name: action_listen
[state 2] user intent: greet | previous action name: utter_greet
[state 3] user intent: request_info | previous action name: action_listen
[state 4] user intent: request_info | previous action name: utter_ask_more
[state 5] user intent: ask_architecture | previous action name: action_listen
[state 6] user intent: ask_architecture | previous action name: utter_architecture_response
[state 7] user intent: greet | previous action name: action_listen
[state 8] user intent: greet | previous action name: utter_greet
[state 9] user intent: ask_architecture | previous action name: action_listen
[state 10] user intent: ask_architecture | previous action name: utter_architecture_response
[state 11] user intent: ask_architecture | previous action name: action_listen
[state 12] user intent: ask_architecture | previous action name: utter_architecture_response
[state 13] user intent: ask_architecture | previous action name: action_listen
[state 14] user intent: ask_architecture | previous action name: utter_architecture_response
[state 15] user intent: goodbye | previous action name: action_listen
[state 16] user intent: goodbye | previous action name: utter_goodbye
[state 17] user intent: greet | previous action name: action_listen
[state 18] user intent: greet | previous action name: utter_greet
[state 19] user intent: request_info | previous action name: action_listen
[state 20] user intent: request_info | previous action name: utter_ask_more
[state 21] user intent: ask_architecture | previous action name: action_listen
[state 22] user intent: ask_architecture | previous action name: utter_architecture_response
[state 23] user intent: ask_architecture | previous action name: action_listen
[state 24] user intent: ask_architecture | previous action name: utter_architecture_response
[state 25] user intent: greet | previous action name: action_listen
[state 26] user intent: greet | previous action name: utter_greet
[state 27] user intent: ask_architecture | previous action name: action_listen
[state 28] user intent: ask_architecture | previous action name: utter_architecture_response
[state 29] user intent: ask_architecture | previous action name: action_listen
[state 30] user intent: ask_architecture | previous action name: utter_architecture_response
[state 31] user intent: goodbye | previous action name: action_listen
[state 32] user intent: goodbye | previous action name: utter_goodbye
[state 33] user intent: greet | previous action name: action_listen
[state 34] user intent: greet | previous action name: utter_greet
[state 35] user intent: ask_architecture | previous action name: action_listen
[state 36] user intent: ask_architecture | previous action name: utter_architecture_response
[state 37] user text: неплохо | previous action name: action_listen[0m
2025-03-16 19:11:20,296 [DEBUG]  There is no applicable rule.
2025-03-16 19:11:20,299 [DEBUG]  [[32m[1mdebug    [0m] [1mrule_policy.actions.find      [0m [36mcurrent_states[0m=[35m
[state 1] user intent: greet | previous action name: action_listen
[state 2] user intent: greet | previous action name: utter_greet
[state 3] user intent: request_info | previous action name: action_listen
[state 4] user intent: request_info | previous action name: utter_ask_more
[state 5] user intent: ask_architecture | previous action name: action_listen
[state 6] user intent: ask_architecture | previous action name: utter_architecture_response
[state 7] user intent: greet | previous action name: action_listen
[state 8] user intent: greet | previous action name: utter_greet
[state 9] user intent: ask_architecture | previous action name: action_listen
[state 10] user intent: ask_architecture | previous action name: utter_architecture_response
[state 11] user intent: ask_architecture | previous action name: action_listen
[state 12] user intent: ask_architecture | previous action name: utter_architecture_response
[state 13] user intent: ask_architecture | previous action name: action_listen
[state 14] user intent: ask_architecture | previous action name: utter_architecture_response
[state 15] user intent: goodbye | previous action name: action_listen
[state 16] user intent: goodbye | previous action name: utter_goodbye
[state 17] user intent: greet | previous action name: action_listen
[state 18] user intent: greet | previous action name: utter_greet
[state 19] user intent: request_info | previous action name: action_listen
[state 20] user intent: request_info | previous action name: utter_ask_more
[state 21] user intent: ask_architecture | previous action name: action_listen
[state 22] user intent: ask_architecture | previous action name: utter_architecture_response
[state 23] user intent: ask_architecture | previous action name: action_listen
[state 24] user intent: ask_architecture | previous action name: utter_architecture_response
[state 25] user intent: greet | previous action name: action_listen
[state 26] user intent: greet | previous action name: utter_greet
[state 27] user intent: ask_architecture | previous action name: action_listen
[state 28] user intent: ask_architecture | previous action name: utter_architecture_response
[state 29] user intent: ask_architecture | previous action name: action_listen
[state 30] user intent: ask_architecture | previous action name: utter_architecture_response
[state 31] user intent: goodbye | previous action name: action_listen
[state 32] user intent: goodbye | previous action name: utter_goodbye
[state 33] user intent: greet | previous action name: action_listen
[state 34] user intent: greet | previous action name: utter_greet
[state 35] user intent: ask_architecture | previous action name: action_listen
[state 36] user intent: ask_architecture | previous action name: utter_architecture_response
[state 37] user intent: deny | previous action name: action_listen[0m
2025-03-16 19:11:20,305 [DEBUG]  There is no applicable rule.
2025-03-16 19:11:20,306 [DEBUG]  Node 'run_TEDPolicy2' running 'TEDPolicy.predict_action_probabilities'.
2025-03-16 19:11:20,316 [DEBUG]  TED predicted 'utter_goodbye' based on user intent.
2025-03-16 19:11:20,317 [DEBUG]  Node 'select_prediction' running 'DefaultPolicyPredictionEnsemble.combine_predictions_from_kwargs'.
2025-03-16 19:11:20,318 [DEBUG]  Made prediction using user intent.
2025-03-16 19:11:20,318 [DEBUG]  Added `DefinePrevUserUtteredFeaturization(False)` event.
2025-03-16 19:11:20,319 [DEBUG]  Predicted next action using RulePolicy.
2025-03-16 19:11:20,320 [DEBUG]  Predicted next action 'action_default_fallback' with confidence 0.30.
2025-03-16 19:11:20,321 [DEBUG]  [[32m[1mdebug    [0m] [1mprocessor.actions.policy_prediction[0m [36mprediction_events[0m=[35m[<rasa.shared.core.events.DefinePrevUserUtteredFeaturization object at 0x000001821CE81960>][0m
2025-03-16 19:11:20,322 [DEBUG]  [[32m[1mdebug    [0m] [1mprocessor.actions.log         [0m [36maction_name[0m=[35maction_default_fallback[0m [36mrasa_events[0m=[35m[<rasa.shared.core.events.UserUtteranceReverted object at 0x000001821CE80A60>][0m
2025-03-16 19:11:20,324 [DEBUG]  [[32m[1mdebug    [0m] [1mprocessor.slots.log           [0m [36mslot_values[0m=[35m	topic: а что ты знаешь?
	session_started_metadata: None[0m
2025-03-16 19:11:20,325 [DEBUG]  Running graph with inputs: {'__tracker__': <rasa.shared.core.trackers.DialogueStateTracker object at 0x0000018218979780>}, targets: ['select_prediction'] and ExecutionContext(model_id='d1db3d04f01c4ec3a9986afa2e259d30', should_add_diagnostic_data=False, is_finetuning=False, node_name=None).
2025-03-16 19:11:20,327 [DEBUG]  Node 'rule_only_data_provider' running 'RuleOnlyDataProvider.provide'.
2025-03-16 19:11:20,328 [DEBUG]  Node 'domain_provider' running 'DomainProvider.provide_inference'.
2025-03-16 19:11:20,329 [DEBUG]  Node 'run_MemoizationPolicy0' running 'MemoizationPolicy.predict_action_probabilities'.
2025-03-16 19:11:20,331 [DEBUG]  [[32m[1mdebug    [0m] [1mmemoization.predict.actions   [0m [36mtracker_states[0m=[35m[{'user': {'intent': 'ask_architecture'}, 'prev_action': {'action_name': 'action_listen'}}, {'user': {'intent': 'ask_architecture'}, 'prev_action': {'action_name': 'utter_architecture_response'}}][0m
2025-03-16 19:11:20,332 [DEBUG]  There is a memorised next action 'action_listen'
2025-03-16 19:11:20,333 [DEBUG]  Node 'run_RulePolicy1' running 'RulePolicy.predict_action_probabilities'.
2025-03-16 19:11:20,337 [DEBUG]  [[32m[1mdebug    [0m] [1mrule_policy.actions.find      [0m [36mcurrent_states[0m=[35m
[state 1] user intent: greet | previous action name: action_listen
[state 2] user intent: greet | previous action name: utter_greet
[state 3] user intent: request_info | previous action name: action_listen
[state 4] user intent: request_info | previous action name: utter_ask_more
[state 5] user intent: ask_architecture | previous action name: action_listen
[state 6] user intent: ask_architecture | previous action name: utter_architecture_response
[state 7] user intent: greet | previous action name: action_listen
[state 8] user intent: greet | previous action name: utter_greet
[state 9] user intent: ask_architecture | previous action name: action_listen
[state 10] user intent: ask_architecture | previous action name: utter_architecture_response
[state 11] user intent: ask_architecture | previous action name: action_listen
[state 12] user intent: ask_architecture | previous action name: utter_architecture_response
[state 13] user intent: ask_architecture | previous action name: action_listen
[state 14] user intent: ask_architecture | previous action name: utter_architecture_response
[state 15] user intent: goodbye | previous action name: action_listen
[state 16] user intent: goodbye | previous action name: utter_goodbye
[state 17] user intent: greet | previous action name: action_listen
[state 18] user intent: greet | previous action name: utter_greet
[state 19] user intent: request_info | previous action name: action_listen
[state 20] user intent: request_info | previous action name: utter_ask_more
[state 21] user intent: ask_architecture | previous action name: action_listen
[state 22] user intent: ask_architecture | previous action name: utter_architecture_response
[state 23] user intent: ask_architecture | previous action name: action_listen
[state 24] user intent: ask_architecture | previous action name: utter_architecture_response
[state 25] user intent: greet | previous action name: action_listen
[state 26] user intent: greet | previous action name: utter_greet
[state 27] user intent: ask_architecture | previous action name: action_listen
[state 28] user intent: ask_architecture | previous action name: utter_architecture_response
[state 29] user intent: ask_architecture | previous action name: action_listen
[state 30] user intent: ask_architecture | previous action name: utter_architecture_response
[state 31] user intent: goodbye | previous action name: action_listen
[state 32] user intent: goodbye | previous action name: utter_goodbye
[state 33] user intent: greet | previous action name: action_listen
[state 34] user intent: greet | previous action name: utter_greet
[state 35] user intent: ask_architecture | previous action name: action_listen
[state 36] user intent: ask_architecture | previous action name: utter_architecture_response[0m
2025-03-16 19:11:20,346 [DEBUG]  There is a rule for the next action 'action_listen'.
2025-03-16 19:11:20,347 [DEBUG]  Node 'run_TEDPolicy2' running 'TEDPolicy.predict_action_probabilities'.
2025-03-16 19:11:20,355 [DEBUG]  TED predicted 'action_listen' based on user intent.
2025-03-16 19:11:20,356 [DEBUG]  Node 'select_prediction' running 'DefaultPolicyPredictionEnsemble.combine_predictions_from_kwargs'.
2025-03-16 19:11:20,357 [DEBUG]  Predicted next action using RulePolicy.
2025-03-16 19:11:20,358 [DEBUG]  Predicted next action 'action_listen' with confidence 1.00.
2025-03-16 19:11:20,360 [DEBUG]  [[32m[1mdebug    [0m] [1mprocessor.actions.policy_prediction[0m [36mprediction_events[0m=[35m[][0m
2025-03-16 19:11:20,361 [DEBUG]  [[32m[1mdebug    [0m] [1mprocessor.actions.log         [0m [36maction_name[0m=[35maction_listen[0m [36mrasa_events[0m=[35m[][0m
2025-03-16 19:11:20,362 [DEBUG]  No event broker configured. Skipping streaming events.
2025-03-16 19:11:20,365 [DEBUG]  Deleted lock for conversation 'PractikumStudent'.
2025-03-16 19:11:32,759 [DEBUG]  Issuing ticket for conversation 'PractikumStudent'.
2025-03-16 19:11:32,760 [DEBUG]  Acquiring lock for conversation 'PractikumStudent'.
2025-03-16 19:11:32,761 [DEBUG]  Acquired lock for conversation 'PractikumStudent'.
2025-03-16 19:11:32,761 [DEBUG]  Recreating tracker for id 'PractikumStudent'
2025-03-16 19:11:32,778 [DEBUG]  Running graph with inputs: {'__message__': [<rasa.core.channels.channel.UserMessage object at 0x0000018215D54670>], '__tracker__': <rasa.shared.core.trackers.DialogueStateTracker object at 0x0000018215D554E0>}, targets: ['run_RegexMessageHandler'] and ExecutionContext(model_id='d1db3d04f01c4ec3a9986afa2e259d30', should_add_diagnostic_data=False, is_finetuning=False, node_name=None).
2025-03-16 19:11:32,780 [DEBUG]  Node 'nlu_message_converter' running 'NLUMessageConverter.convert_user_message'.
2025-03-16 19:11:32,781 [DEBUG]  Node 'run_WhitespaceTokenizer0' running 'WhitespaceTokenizer.process'.
2025-03-16 19:11:32,781 [DEBUG]  Node 'run_RegexFeaturizer1' running 'RegexFeaturizer.process'.
2025-03-16 19:11:32,782 [DEBUG]  Node 'run_LexicalSyntacticFeaturizer2' running 'LexicalSyntacticFeaturizer.process'.
2025-03-16 19:11:32,783 [DEBUG]  Node 'run_CountVectorsFeaturizer3' running 'CountVectorsFeaturizer.process'.
2025-03-16 19:11:32,785 [DEBUG]  Node 'run_LanguageModelFeaturizer4' running 'LanguageModelFeaturizer.process'.
2025-03-16 19:11:33,127 [DEBUG]  Node 'run_DIETClassifier5' running 'DIETClassifier.process'.
2025-03-16 19:11:33,134 [DEBUG]  Node 'run_EntitySynonymMapper6' running 'EntitySynonymMapper.process'.
2025-03-16 19:11:33,135 [DEBUG]  Node 'run_ResponseSelector7' running 'ResponseSelector.process'.
2025-03-16 19:11:33,136 [DEBUG]  There is no trained model for 'ResponseSelector': The component is either not trained or didn't receive enough training data.
2025-03-16 19:11:33,137 [DEBUG]  Adding following selector key to message property: default
2025-03-16 19:11:33,138 [DEBUG]  Node 'domain_provider' running 'DomainProvider.provide_inference'.
2025-03-16 19:11:33,139 [DEBUG]  Node 'run_RegexMessageHandler' running 'RegexMessageHandler.process'.
2025-03-16 19:11:33,140 [DEBUG]  [[32m[1mdebug    [0m] [1mprocessor.message.parse       [0m [36mparse_data_entities[0m=[35m[][0m [36mparse_data_intent[0m=[35m{'name': 'greet', 'confidence': 0.3709259331226349}[0m [36mparse_data_text[0m=[35mпривет[0m
2025-03-16 19:11:33,141 [DEBUG]  Logged UserUtterance - tracker now has 130 events.
2025-03-16 19:11:33,142 [DEBUG]  Validating extracted slots: topic
2025-03-16 19:11:33,143 [DEBUG]  [[32m[1mdebug    [0m] [1mprocessor.extract.slots       [0m [36maction_extract_slot[0m=[35maction_extract_slots[0m [36mlen_extraction_events[0m=[35m1[0m [36mrasa_events[0m=[35m[SlotSet(key: topic, value: привет)][0m
2025-03-16 19:11:33,144 [DEBUG]  Running graph with inputs: {'__tracker__': <rasa.shared.core.trackers.DialogueStateTracker object at 0x0000018215D554E0>}, targets: ['select_prediction'] and ExecutionContext(model_id='d1db3d04f01c4ec3a9986afa2e259d30', should_add_diagnostic_data=False, is_finetuning=False, node_name=None).
2025-03-16 19:11:33,146 [DEBUG]  Node 'rule_only_data_provider' running 'RuleOnlyDataProvider.provide'.
2025-03-16 19:11:33,147 [DEBUG]  Node 'domain_provider' running 'DomainProvider.provide_inference'.
2025-03-16 19:11:33,147 [DEBUG]  Node 'run_MemoizationPolicy0' running 'MemoizationPolicy.predict_action_probabilities'.
2025-03-16 19:11:33,150 [DEBUG]  [[32m[1mdebug    [0m] [1mmemoization.predict.actions   [0m [36mtracker_states[0m=[35m[{'user': {'intent': 'ask_architecture'}, 'prev_action': {'action_name': 'utter_architecture_response'}}, {'user': {'intent': 'greet'}, 'prev_action': {'action_name': 'action_listen'}}][0m
2025-03-16 19:11:33,151 [DEBUG]  There is no memorised next action
2025-03-16 19:11:33,152 [DEBUG]  Node 'run_RulePolicy1' running 'RulePolicy.predict_action_probabilities'.
2025-03-16 19:11:33,154 [DEBUG]  [[32m[1mdebug    [0m] [1mrule_policy.actions.find      [0m [36mcurrent_states[0m=[35m
[state 1] user intent: greet | previous action name: action_listen
[state 2] user intent: greet | previous action name: utter_greet
[state 3] user intent: request_info | previous action name: action_listen
[state 4] user intent: request_info | previous action name: utter_ask_more
[state 5] user intent: ask_architecture | previous action name: action_listen
[state 6] user intent: ask_architecture | previous action name: utter_architecture_response
[state 7] user intent: greet | previous action name: action_listen
[state 8] user intent: greet | previous action name: utter_greet
[state 9] user intent: ask_architecture | previous action name: action_listen
[state 10] user intent: ask_architecture | previous action name: utter_architecture_response
[state 11] user intent: ask_architecture | previous action name: action_listen
[state 12] user intent: ask_architecture | previous action name: utter_architecture_response
[state 13] user intent: ask_architecture | previous action name: action_listen
[state 14] user intent: ask_architecture | previous action name: utter_architecture_response
[state 15] user intent: goodbye | previous action name: action_listen
[state 16] user intent: goodbye | previous action name: utter_goodbye
[state 17] user intent: greet | previous action name: action_listen
[state 18] user intent: greet | previous action name: utter_greet
[state 19] user intent: request_info | previous action name: action_listen
[state 20] user intent: request_info | previous action name: utter_ask_more
[state 21] user intent: ask_architecture | previous action name: action_listen
[state 22] user intent: ask_architecture | previous action name: utter_architecture_response
[state 23] user intent: ask_architecture | previous action name: action_listen
[state 24] user intent: ask_architecture | previous action name: utter_architecture_response
[state 25] user intent: greet | previous action name: action_listen
[state 26] user intent: greet | previous action name: utter_greet
[state 27] user intent: ask_architecture | previous action name: action_listen
[state 28] user intent: ask_architecture | previous action name: utter_architecture_response
[state 29] user intent: ask_architecture | previous action name: action_listen
[state 30] user intent: ask_architecture | previous action name: utter_architecture_response
[state 31] user intent: goodbye | previous action name: action_listen
[state 32] user intent: goodbye | previous action name: utter_goodbye
[state 33] user intent: greet | previous action name: action_listen
[state 34] user intent: greet | previous action name: utter_greet
[state 35] user intent: ask_architecture | previous action name: action_listen
[state 36] user intent: ask_architecture | previous action name: utter_architecture_response
[state 37] user text: привет | previous action name: action_listen[0m
2025-03-16 19:11:33,163 [DEBUG]  There is no applicable rule.
2025-03-16 19:11:33,166 [DEBUG]  [[32m[1mdebug    [0m] [1mrule_policy.actions.find      [0m [36mcurrent_states[0m=[35m
[state 1] user intent: greet | previous action name: action_listen
[state 2] user intent: greet | previous action name: utter_greet
[state 3] user intent: request_info | previous action name: action_listen
[state 4] user intent: request_info | previous action name: utter_ask_more
[state 5] user intent: ask_architecture | previous action name: action_listen
[state 6] user intent: ask_architecture | previous action name: utter_architecture_response
[state 7] user intent: greet | previous action name: action_listen
[state 8] user intent: greet | previous action name: utter_greet
[state 9] user intent: ask_architecture | previous action name: action_listen
[state 10] user intent: ask_architecture | previous action name: utter_architecture_response
[state 11] user intent: ask_architecture | previous action name: action_listen
[state 12] user intent: ask_architecture | previous action name: utter_architecture_response
[state 13] user intent: ask_architecture | previous action name: action_listen
[state 14] user intent: ask_architecture | previous action name: utter_architecture_response
[state 15] user intent: goodbye | previous action name: action_listen
[state 16] user intent: goodbye | previous action name: utter_goodbye
[state 17] user intent: greet | previous action name: action_listen
[state 18] user intent: greet | previous action name: utter_greet
[state 19] user intent: request_info | previous action name: action_listen
[state 20] user intent: request_info | previous action name: utter_ask_more
[state 21] user intent: ask_architecture | previous action name: action_listen
[state 22] user intent: ask_architecture | previous action name: utter_architecture_response
[state 23] user intent: ask_architecture | previous action name: action_listen
[state 24] user intent: ask_architecture | previous action name: utter_architecture_response
[state 25] user intent: greet | previous action name: action_listen
[state 26] user intent: greet | previous action name: utter_greet
[state 27] user intent: ask_architecture | previous action name: action_listen
[state 28] user intent: ask_architecture | previous action name: utter_architecture_response
[state 29] user intent: ask_architecture | previous action name: action_listen
[state 30] user intent: ask_architecture | previous action name: utter_architecture_response
[state 31] user intent: goodbye | previous action name: action_listen
[state 32] user intent: goodbye | previous action name: utter_goodbye
[state 33] user intent: greet | previous action name: action_listen
[state 34] user intent: greet | previous action name: utter_greet
[state 35] user intent: ask_architecture | previous action name: action_listen
[state 36] user intent: ask_architecture | previous action name: utter_architecture_response
[state 37] user intent: greet | previous action name: action_listen[0m
2025-03-16 19:11:33,173 [DEBUG]  There is a rule for the next action 'utter_greet'.
2025-03-16 19:11:33,174 [DEBUG]  Node 'run_TEDPolicy2' running 'TEDPolicy.predict_action_probabilities'.
2025-03-16 19:11:33,183 [DEBUG]  TED predicted 'utter_greet' based on user intent.
2025-03-16 19:11:33,184 [DEBUG]  Node 'select_prediction' running 'DefaultPolicyPredictionEnsemble.combine_predictions_from_kwargs'.
2025-03-16 19:11:33,185 [DEBUG]  Made prediction using user intent.
2025-03-16 19:11:33,186 [DEBUG]  Added `DefinePrevUserUtteredFeaturization(False)` event.
2025-03-16 19:11:33,187 [DEBUG]  Predicted next action using RulePolicy.
2025-03-16 19:11:33,187 [DEBUG]  Predicted next action 'utter_greet' with confidence 1.00.
2025-03-16 19:11:33,189 [DEBUG]  [[32m[1mdebug    [0m] [1mprocessor.actions.policy_prediction[0m [36mprediction_events[0m=[35m[<rasa.shared.core.events.DefinePrevUserUtteredFeaturization object at 0x000001821CE823B0>][0m
2025-03-16 19:11:33,191 [DEBUG]  [[32m[1mdebug    [0m] [1mprocessor.actions.log         [0m [36maction_name[0m=[35mutter_greet[0m [36mrasa_events[0m=[35m[BotUttered('Привет! Чем могу помочь в области архитектуры программного обеспечения?', {"elements": null, "quick_replies": null, "buttons": null, "attachment": null, "image": null, "custom": null}, {"utter_action": "utter_greet"}, 1742173893.189446)][0m
2025-03-16 19:11:33,192 [DEBUG]  Running graph with inputs: {'__tracker__': <rasa.shared.core.trackers.DialogueStateTracker object at 0x0000018215D554E0>}, targets: ['select_prediction'] and ExecutionContext(model_id='d1db3d04f01c4ec3a9986afa2e259d30', should_add_diagnostic_data=False, is_finetuning=False, node_name=None).
2025-03-16 19:11:33,194 [DEBUG]  Node 'rule_only_data_provider' running 'RuleOnlyDataProvider.provide'.
2025-03-16 19:11:33,195 [DEBUG]  Node 'domain_provider' running 'DomainProvider.provide_inference'.
2025-03-16 19:11:33,196 [DEBUG]  Node 'run_MemoizationPolicy0' running 'MemoizationPolicy.predict_action_probabilities'.
2025-03-16 19:11:33,200 [DEBUG]  [[32m[1mdebug    [0m] [1mmemoization.predict.actions   [0m [36mtracker_states[0m=[35m[{'user': {'intent': 'greet'}, 'prev_action': {'action_name': 'action_listen'}}, {'user': {'intent': 'greet'}, 'prev_action': {'action_name': 'utter_greet'}}][0m
2025-03-16 19:11:33,201 [DEBUG]  There is a memorised next action 'action_listen'
2025-03-16 19:11:33,202 [DEBUG]  Node 'run_RulePolicy1' running 'RulePolicy.predict_action_probabilities'.
2025-03-16 19:11:33,204 [DEBUG]  [[32m[1mdebug    [0m] [1mrule_policy.actions.find      [0m [36mcurrent_states[0m=[35m
[state 1] user intent: greet | previous action name: action_listen
[state 2] user intent: greet | previous action name: utter_greet
[state 3] user intent: request_info | previous action name: action_listen
[state 4] user intent: request_info | previous action name: utter_ask_more
[state 5] user intent: ask_architecture | previous action name: action_listen
[state 6] user intent: ask_architecture | previous action name: utter_architecture_response
[state 7] user intent: greet | previous action name: action_listen
[state 8] user intent: greet | previous action name: utter_greet
[state 9] user intent: ask_architecture | previous action name: action_listen
[state 10] user intent: ask_architecture | previous action name: utter_architecture_response
[state 11] user intent: ask_architecture | previous action name: action_listen
[state 12] user intent: ask_architecture | previous action name: utter_architecture_response
[state 13] user intent: ask_architecture | previous action name: action_listen
[state 14] user intent: ask_architecture | previous action name: utter_architecture_response
[state 15] user intent: goodbye | previous action name: action_listen
[state 16] user intent: goodbye | previous action name: utter_goodbye
[state 17] user intent: greet | previous action name: action_listen
[state 18] user intent: greet | previous action name: utter_greet
[state 19] user intent: request_info | previous action name: action_listen
[state 20] user intent: request_info | previous action name: utter_ask_more
[state 21] user intent: ask_architecture | previous action name: action_listen
[state 22] user intent: ask_architecture | previous action name: utter_architecture_response
[state 23] user intent: ask_architecture | previous action name: action_listen
[state 24] user intent: ask_architecture | previous action name: utter_architecture_response
[state 25] user intent: greet | previous action name: action_listen
[state 26] user intent: greet | previous action name: utter_greet
[state 27] user intent: ask_architecture | previous action name: action_listen
[state 28] user intent: ask_architecture | previous action name: utter_architecture_response
[state 29] user intent: ask_architecture | previous action name: action_listen
[state 30] user intent: ask_architecture | previous action name: utter_architecture_response
[state 31] user intent: goodbye | previous action name: action_listen
[state 32] user intent: goodbye | previous action name: utter_goodbye
[state 33] user intent: greet | previous action name: action_listen
[state 34] user intent: greet | previous action name: utter_greet
[state 35] user intent: ask_architecture | previous action name: action_listen
[state 36] user intent: ask_architecture | previous action name: utter_architecture_response
[state 37] user intent: greet | previous action name: action_listen
[state 38] user intent: greet | previous action name: utter_greet[0m
2025-03-16 19:11:33,212 [DEBUG]  There is a rule for the next action 'action_listen'.
2025-03-16 19:11:33,213 [DEBUG]  Node 'run_TEDPolicy2' running 'TEDPolicy.predict_action_probabilities'.
2025-03-16 19:11:33,222 [DEBUG]  TED predicted 'action_listen' based on user intent.
2025-03-16 19:11:33,223 [DEBUG]  Node 'select_prediction' running 'DefaultPolicyPredictionEnsemble.combine_predictions_from_kwargs'.
2025-03-16 19:11:33,224 [DEBUG]  Predicted next action using RulePolicy.
2025-03-16 19:11:33,225 [DEBUG]  Predicted next action 'action_listen' with confidence 1.00.
2025-03-16 19:11:33,227 [DEBUG]  [[32m[1mdebug    [0m] [1mprocessor.actions.policy_prediction[0m [36mprediction_events[0m=[35m[][0m
2025-03-16 19:11:33,228 [DEBUG]  [[32m[1mdebug    [0m] [1mprocessor.actions.log         [0m [36maction_name[0m=[35maction_listen[0m [36mrasa_events[0m=[35m[][0m
2025-03-16 19:11:33,229 [DEBUG]  No event broker configured. Skipping streaming events.
2025-03-16 19:11:33,232 [DEBUG]  Deleted lock for conversation 'PractikumStudent'.
2025-03-16 19:13:23,778 [DEBUG]  Issuing ticket for conversation 'PractikumStudent'.
2025-03-16 19:13:23,779 [DEBUG]  Acquiring lock for conversation 'PractikumStudent'.
2025-03-16 19:13:23,780 [DEBUG]  Acquired lock for conversation 'PractikumStudent'.
2025-03-16 19:13:23,781 [DEBUG]  Recreating tracker for id 'PractikumStudent'
2025-03-16 19:13:23,797 [DEBUG]  Running graph with inputs: {'__message__': [<rasa.core.channels.channel.UserMessage object at 0x0000018210F9BC70>], '__tracker__': <rasa.shared.core.trackers.DialogueStateTracker object at 0x0000018218979300>}, targets: ['run_RegexMessageHandler'] and ExecutionContext(model_id='d1db3d04f01c4ec3a9986afa2e259d30', should_add_diagnostic_data=False, is_finetuning=False, node_name=None).
2025-03-16 19:13:23,799 [DEBUG]  Node 'nlu_message_converter' running 'NLUMessageConverter.convert_user_message'.
2025-03-16 19:13:23,800 [DEBUG]  Node 'run_WhitespaceTokenizer0' running 'WhitespaceTokenizer.process'.
2025-03-16 19:13:23,801 [DEBUG]  Node 'run_RegexFeaturizer1' running 'RegexFeaturizer.process'.
2025-03-16 19:13:23,802 [DEBUG]  Node 'run_LexicalSyntacticFeaturizer2' running 'LexicalSyntacticFeaturizer.process'.
2025-03-16 19:13:23,803 [DEBUG]  Node 'run_CountVectorsFeaturizer3' running 'CountVectorsFeaturizer.process'.
2025-03-16 19:13:23,804 [DEBUG]  Node 'run_LanguageModelFeaturizer4' running 'LanguageModelFeaturizer.process'.
2025-03-16 19:13:24,184 [DEBUG]  Node 'run_DIETClassifier5' running 'DIETClassifier.process'.
2025-03-16 19:13:24,192 [DEBUG]  Node 'run_EntitySynonymMapper6' running 'EntitySynonymMapper.process'.
2025-03-16 19:13:24,192 [DEBUG]  Node 'run_ResponseSelector7' running 'ResponseSelector.process'.
2025-03-16 19:13:24,193 [DEBUG]  There is no trained model for 'ResponseSelector': The component is either not trained or didn't receive enough training data.
2025-03-16 19:13:24,194 [DEBUG]  Adding following selector key to message property: default
2025-03-16 19:13:24,195 [DEBUG]  Node 'domain_provider' running 'DomainProvider.provide_inference'.
2025-03-16 19:13:24,195 [DEBUG]  Node 'run_RegexMessageHandler' running 'RegexMessageHandler.process'.
2025-03-16 19:13:24,196 [DEBUG]  [[32m[1mdebug    [0m] [1mprocessor.message.parse       [0m [36mparse_data_entities[0m=[35m[][0m [36mparse_data_intent[0m=[35m{'name': 'ask_architecture', 'confidence': 0.5067861676216125}[0m [36mparse_data_text[0m=[35mа что ты знаешь?[0m
2025-03-16 19:13:24,198 [DEBUG]  Logged UserUtterance - tracker now has 136 events.
2025-03-16 19:13:24,199 [DEBUG]  Validating extracted slots: topic
2025-03-16 19:13:24,199 [DEBUG]  [[32m[1mdebug    [0m] [1mprocessor.extract.slots       [0m [36maction_extract_slot[0m=[35maction_extract_slots[0m [36mlen_extraction_events[0m=[35m1[0m [36mrasa_events[0m=[35m[SlotSet(key: topic, value: а что ты знаешь?)][0m
2025-03-16 19:13:24,200 [DEBUG]  Running graph with inputs: {'__tracker__': <rasa.shared.core.trackers.DialogueStateTracker object at 0x0000018218979300>}, targets: ['select_prediction'] and ExecutionContext(model_id='d1db3d04f01c4ec3a9986afa2e259d30', should_add_diagnostic_data=False, is_finetuning=False, node_name=None).
2025-03-16 19:13:24,202 [DEBUG]  Node 'rule_only_data_provider' running 'RuleOnlyDataProvider.provide'.
2025-03-16 19:13:24,203 [DEBUG]  Node 'domain_provider' running 'DomainProvider.provide_inference'.
2025-03-16 19:13:24,204 [DEBUG]  Node 'run_MemoizationPolicy0' running 'MemoizationPolicy.predict_action_probabilities'.
2025-03-16 19:13:24,207 [DEBUG]  [[32m[1mdebug    [0m] [1mmemoization.predict.actions   [0m [36mtracker_states[0m=[35m[{'user': {'intent': 'greet'}, 'prev_action': {'action_name': 'utter_greet'}}, {'user': {'intent': 'ask_architecture'}, 'prev_action': {'action_name': 'action_listen'}}][0m
2025-03-16 19:13:24,208 [DEBUG]  There is a memorised next action 'utter_architecture_response'
2025-03-16 19:13:24,208 [DEBUG]  Node 'run_RulePolicy1' running 'RulePolicy.predict_action_probabilities'.
2025-03-16 19:13:24,210 [DEBUG]  [[32m[1mdebug    [0m] [1mrule_policy.actions.find      [0m [36mcurrent_states[0m=[35m
[state 1] user intent: greet | previous action name: action_listen
[state 2] user intent: greet | previous action name: utter_greet
[state 3] user intent: request_info | previous action name: action_listen
[state 4] user intent: request_info | previous action name: utter_ask_more
[state 5] user intent: ask_architecture | previous action name: action_listen
[state 6] user intent: ask_architecture | previous action name: utter_architecture_response
[state 7] user intent: greet | previous action name: action_listen
[state 8] user intent: greet | previous action name: utter_greet
[state 9] user intent: ask_architecture | previous action name: action_listen
[state 10] user intent: ask_architecture | previous action name: utter_architecture_response
[state 11] user intent: ask_architecture | previous action name: action_listen
[state 12] user intent: ask_architecture | previous action name: utter_architecture_response
[state 13] user intent: ask_architecture | previous action name: action_listen
[state 14] user intent: ask_architecture | previous action name: utter_architecture_response
[state 15] user intent: goodbye | previous action name: action_listen
[state 16] user intent: goodbye | previous action name: utter_goodbye
[state 17] user intent: greet | previous action name: action_listen
[state 18] user intent: greet | previous action name: utter_greet
[state 19] user intent: request_info | previous action name: action_listen
[state 20] user intent: request_info | previous action name: utter_ask_more
[state 21] user intent: ask_architecture | previous action name: action_listen
[state 22] user intent: ask_architecture | previous action name: utter_architecture_response
[state 23] user intent: ask_architecture | previous action name: action_listen
[state 24] user intent: ask_architecture | previous action name: utter_architecture_response
[state 25] user intent: greet | previous action name: action_listen
[state 26] user intent: greet | previous action name: utter_greet
[state 27] user intent: ask_architecture | previous action name: action_listen
[state 28] user intent: ask_architecture | previous action name: utter_architecture_response
[state 29] user intent: ask_architecture | previous action name: action_listen
[state 30] user intent: ask_architecture | previous action name: utter_architecture_response
[state 31] user intent: goodbye | previous action name: action_listen
[state 32] user intent: goodbye | previous action name: utter_goodbye
[state 33] user intent: greet | previous action name: action_listen
[state 34] user intent: greet | previous action name: utter_greet
[state 35] user intent: ask_architecture | previous action name: action_listen
[state 36] user intent: ask_architecture | previous action name: utter_architecture_response
[state 37] user intent: greet | previous action name: action_listen
[state 38] user intent: greet | previous action name: utter_greet
[state 39] user text: а что ты знаешь? | previous action name: action_listen[0m
2025-03-16 19:13:24,218 [DEBUG]  There is no applicable rule.
2025-03-16 19:13:24,221 [DEBUG]  [[32m[1mdebug    [0m] [1mrule_policy.actions.find      [0m [36mcurrent_states[0m=[35m
[state 1] user intent: greet | previous action name: action_listen
[state 2] user intent: greet | previous action name: utter_greet
[state 3] user intent: request_info | previous action name: action_listen
[state 4] user intent: request_info | previous action name: utter_ask_more
[state 5] user intent: ask_architecture | previous action name: action_listen
[state 6] user intent: ask_architecture | previous action name: utter_architecture_response
[state 7] user intent: greet | previous action name: action_listen
[state 8] user intent: greet | previous action name: utter_greet
[state 9] user intent: ask_architecture | previous action name: action_listen
[state 10] user intent: ask_architecture | previous action name: utter_architecture_response
[state 11] user intent: ask_architecture | previous action name: action_listen
[state 12] user intent: ask_architecture | previous action name: utter_architecture_response
[state 13] user intent: ask_architecture | previous action name: action_listen
[state 14] user intent: ask_architecture | previous action name: utter_architecture_response
[state 15] user intent: goodbye | previous action name: action_listen
[state 16] user intent: goodbye | previous action name: utter_goodbye
[state 17] user intent: greet | previous action name: action_listen
[state 18] user intent: greet | previous action name: utter_greet
[state 19] user intent: request_info | previous action name: action_listen
[state 20] user intent: request_info | previous action name: utter_ask_more
[state 21] user intent: ask_architecture | previous action name: action_listen
[state 22] user intent: ask_architecture | previous action name: utter_architecture_response
[state 23] user intent: ask_architecture | previous action name: action_listen
[state 24] user intent: ask_architecture | previous action name: utter_architecture_response
[state 25] user intent: greet | previous action name: action_listen
[state 26] user intent: greet | previous action name: utter_greet
[state 27] user intent: ask_architecture | previous action name: action_listen
[state 28] user intent: ask_architecture | previous action name: utter_architecture_response
[state 29] user intent: ask_architecture | previous action name: action_listen
[state 30] user intent: ask_architecture | previous action name: utter_architecture_response
[state 31] user intent: goodbye | previous action name: action_listen
[state 32] user intent: goodbye | previous action name: utter_goodbye
[state 33] user intent: greet | previous action name: action_listen
[state 34] user intent: greet | previous action name: utter_greet
[state 35] user intent: ask_architecture | previous action name: action_listen
[state 36] user intent: ask_architecture | previous action name: utter_architecture_response
[state 37] user intent: greet | previous action name: action_listen
[state 38] user intent: greet | previous action name: utter_greet
[state 39] user intent: ask_architecture | previous action name: action_listen[0m
2025-03-16 19:13:24,227 [DEBUG]  There is a rule for the next action 'utter_architecture_response'.
2025-03-16 19:13:24,228 [DEBUG]  Node 'run_TEDPolicy2' running 'TEDPolicy.predict_action_probabilities'.
2025-03-16 19:13:24,238 [DEBUG]  TED predicted 'utter_architecture_response' based on user intent.
2025-03-16 19:13:24,239 [DEBUG]  Node 'select_prediction' running 'DefaultPolicyPredictionEnsemble.combine_predictions_from_kwargs'.
2025-03-16 19:13:24,239 [DEBUG]  Made prediction using user intent.
2025-03-16 19:13:24,240 [DEBUG]  Added `DefinePrevUserUtteredFeaturization(False)` event.
2025-03-16 19:13:24,240 [DEBUG]  Predicted next action using RulePolicy.
2025-03-16 19:13:24,241 [DEBUG]  Predicted next action 'utter_architecture_response' with confidence 1.00.
2025-03-16 19:13:24,244 [DEBUG]  [[32m[1mdebug    [0m] [1mprocessor.actions.policy_prediction[0m [36mprediction_events[0m=[35m[<rasa.shared.core.events.DefinePrevUserUtteredFeaturization object at 0x000001821CE813F0>][0m
2025-03-16 19:13:24,245 [DEBUG]  [[32m[1mdebug    [0m] [1mprocessor.actions.log         [0m [36maction_name[0m=[35mutter_architecture_response[0m [36mrasa_events[0m=[35m[BotUttered('Архитектура ПО включает выбор структур, которые обеспечивают масштабируемость, гибкость и поддерживаемость приложения. Задайте конкретный вопрос по этой теме, и я помогу вам с информацией.', {"elements": null, "quick_replies": null, "buttons": null, "attachment": null, "image": null, "custom": null}, {"utter_action": "utter_architecture_response"}, 1742174004.2435653)][0m
2025-03-16 19:13:24,246 [DEBUG]  Running graph with inputs: {'__tracker__': <rasa.shared.core.trackers.DialogueStateTracker object at 0x0000018218979300>}, targets: ['select_prediction'] and ExecutionContext(model_id='d1db3d04f01c4ec3a9986afa2e259d30', should_add_diagnostic_data=False, is_finetuning=False, node_name=None).
2025-03-16 19:13:24,248 [DEBUG]  Node 'rule_only_data_provider' running 'RuleOnlyDataProvider.provide'.
2025-03-16 19:13:24,249 [DEBUG]  Node 'domain_provider' running 'DomainProvider.provide_inference'.
2025-03-16 19:13:24,249 [DEBUG]  Node 'run_MemoizationPolicy0' running 'MemoizationPolicy.predict_action_probabilities'.
2025-03-16 19:13:24,253 [DEBUG]  [[32m[1mdebug    [0m] [1mmemoization.predict.actions   [0m [36mtracker_states[0m=[35m[{'user': {'intent': 'ask_architecture'}, 'prev_action': {'action_name': 'action_listen'}}, {'user': {'intent': 'ask_architecture'}, 'prev_action': {'action_name': 'utter_architecture_response'}}][0m
2025-03-16 19:13:24,254 [DEBUG]  There is a memorised next action 'action_listen'
2025-03-16 19:13:24,254 [DEBUG]  Node 'run_RulePolicy1' running 'RulePolicy.predict_action_probabilities'.
2025-03-16 19:13:24,257 [DEBUG]  [[32m[1mdebug    [0m] [1mrule_policy.actions.find      [0m [36mcurrent_states[0m=[35m
[state 1] user intent: greet | previous action name: action_listen
[state 2] user intent: greet | previous action name: utter_greet
[state 3] user intent: request_info | previous action name: action_listen
[state 4] user intent: request_info | previous action name: utter_ask_more
[state 5] user intent: ask_architecture | previous action name: action_listen
[state 6] user intent: ask_architecture | previous action name: utter_architecture_response
[state 7] user intent: greet | previous action name: action_listen
[state 8] user intent: greet | previous action name: utter_greet
[state 9] user intent: ask_architecture | previous action name: action_listen
[state 10] user intent: ask_architecture | previous action name: utter_architecture_response
[state 11] user intent: ask_architecture | previous action name: action_listen
[state 12] user intent: ask_architecture | previous action name: utter_architecture_response
[state 13] user intent: ask_architecture | previous action name: action_listen
[state 14] user intent: ask_architecture | previous action name: utter_architecture_response
[state 15] user intent: goodbye | previous action name: action_listen
[state 16] user intent: goodbye | previous action name: utter_goodbye
[state 17] user intent: greet | previous action name: action_listen
[state 18] user intent: greet | previous action name: utter_greet
[state 19] user intent: request_info | previous action name: action_listen
[state 20] user intent: request_info | previous action name: utter_ask_more
[state 21] user intent: ask_architecture | previous action name: action_listen
[state 22] user intent: ask_architecture | previous action name: utter_architecture_response
[state 23] user intent: ask_architecture | previous action name: action_listen
[state 24] user intent: ask_architecture | previous action name: utter_architecture_response
[state 25] user intent: greet | previous action name: action_listen
[state 26] user intent: greet | previous action name: utter_greet
[state 27] user intent: ask_architecture | previous action name: action_listen
[state 28] user intent: ask_architecture | previous action name: utter_architecture_response
[state 29] user intent: ask_architecture | previous action name: action_listen
[state 30] user intent: ask_architecture | previous action name: utter_architecture_response
[state 31] user intent: goodbye | previous action name: action_listen
[state 32] user intent: goodbye | previous action name: utter_goodbye
[state 33] user intent: greet | previous action name: action_listen
[state 34] user intent: greet | previous action name: utter_greet
[state 35] user intent: ask_architecture | previous action name: action_listen
[state 36] user intent: ask_architecture | previous action name: utter_architecture_response
[state 37] user intent: greet | previous action name: action_listen
[state 38] user intent: greet | previous action name: utter_greet
[state 39] user intent: ask_architecture | previous action name: action_listen
[state 40] user intent: ask_architecture | previous action name: utter_architecture_response[0m
2025-03-16 19:13:24,265 [DEBUG]  There is a rule for the next action 'action_listen'.
2025-03-16 19:13:24,267 [DEBUG]  Node 'run_TEDPolicy2' running 'TEDPolicy.predict_action_probabilities'.
2025-03-16 19:13:24,276 [DEBUG]  TED predicted 'action_listen' based on user intent.
2025-03-16 19:13:24,277 [DEBUG]  Node 'select_prediction' running 'DefaultPolicyPredictionEnsemble.combine_predictions_from_kwargs'.
2025-03-16 19:13:24,277 [DEBUG]  Predicted next action using RulePolicy.
2025-03-16 19:13:24,278 [DEBUG]  Predicted next action 'action_listen' with confidence 1.00.
2025-03-16 19:13:24,281 [DEBUG]  [[32m[1mdebug    [0m] [1mprocessor.actions.policy_prediction[0m [36mprediction_events[0m=[35m[][0m
2025-03-16 19:13:24,282 [DEBUG]  [[32m[1mdebug    [0m] [1mprocessor.actions.log         [0m [36maction_name[0m=[35maction_listen[0m [36mrasa_events[0m=[35m[][0m
2025-03-16 19:13:24,283 [DEBUG]  No event broker configured. Skipping streaming events.
2025-03-16 19:13:24,286 [DEBUG]  Deleted lock for conversation 'PractikumStudent'.
2025-03-16 19:13:38,704 [DEBUG]  Issuing ticket for conversation 'PractikumStudent'.
2025-03-16 19:13:38,704 [DEBUG]  Acquiring lock for conversation 'PractikumStudent'.
2025-03-16 19:13:38,705 [DEBUG]  Acquired lock for conversation 'PractikumStudent'.
2025-03-16 19:13:38,706 [DEBUG]  Recreating tracker for id 'PractikumStudent'
2025-03-16 19:13:38,725 [DEBUG]  Running graph with inputs: {'__message__': [<rasa.core.channels.channel.UserMessage object at 0x0000018215D54430>], '__tracker__': <rasa.shared.core.trackers.DialogueStateTracker object at 0x0000018215D56830>}, targets: ['run_RegexMessageHandler'] and ExecutionContext(model_id='d1db3d04f01c4ec3a9986afa2e259d30', should_add_diagnostic_data=False, is_finetuning=False, node_name=None).
2025-03-16 19:13:38,726 [DEBUG]  Node 'nlu_message_converter' running 'NLUMessageConverter.convert_user_message'.
2025-03-16 19:13:38,727 [DEBUG]  Node 'run_WhitespaceTokenizer0' running 'WhitespaceTokenizer.process'.
2025-03-16 19:13:38,728 [DEBUG]  Node 'run_RegexFeaturizer1' running 'RegexFeaturizer.process'.
2025-03-16 19:13:38,729 [DEBUG]  Node 'run_LexicalSyntacticFeaturizer2' running 'LexicalSyntacticFeaturizer.process'.
2025-03-16 19:13:38,730 [DEBUG]  Node 'run_CountVectorsFeaturizer3' running 'CountVectorsFeaturizer.process'.
2025-03-16 19:13:38,731 [DEBUG]  Node 'run_LanguageModelFeaturizer4' running 'LanguageModelFeaturizer.process'.
2025-03-16 19:13:39,086 [DEBUG]  Node 'run_DIETClassifier5' running 'DIETClassifier.process'.
2025-03-16 19:13:39,094 [DEBUG]  Node 'run_EntitySynonymMapper6' running 'EntitySynonymMapper.process'.
2025-03-16 19:13:39,094 [DEBUG]  Node 'run_ResponseSelector7' running 'ResponseSelector.process'.
2025-03-16 19:13:39,095 [DEBUG]  There is no trained model for 'ResponseSelector': The component is either not trained or didn't receive enough training data.
2025-03-16 19:13:39,096 [DEBUG]  Adding following selector key to message property: default
2025-03-16 19:13:39,097 [DEBUG]  Node 'domain_provider' running 'DomainProvider.provide_inference'.
2025-03-16 19:13:39,098 [DEBUG]  Node 'run_RegexMessageHandler' running 'RegexMessageHandler.process'.
2025-03-16 19:13:39,099 [DEBUG]  [[32m[1mdebug    [0m] [1mprocessor.message.parse       [0m [36mparse_data_entities[0m=[35m[][0m [36mparse_data_intent[0m=[35m{'name': 'request_info', 'confidence': 0.2112070620059967}[0m [36mparse_data_text[0m=[35mподробнее?[0m
2025-03-16 19:13:39,100 [DEBUG]  Logged UserUtterance - tracker now has 142 events.
2025-03-16 19:13:39,101 [DEBUG]  Validating extracted slots: topic
2025-03-16 19:13:39,103 [DEBUG]  [[32m[1mdebug    [0m] [1mprocessor.extract.slots       [0m [36maction_extract_slot[0m=[35maction_extract_slots[0m [36mlen_extraction_events[0m=[35m1[0m [36mrasa_events[0m=[35m[SlotSet(key: topic, value: подробнее?)][0m
2025-03-16 19:13:39,104 [DEBUG]  Running graph with inputs: {'__tracker__': <rasa.shared.core.trackers.DialogueStateTracker object at 0x0000018215D56830>}, targets: ['select_prediction'] and ExecutionContext(model_id='d1db3d04f01c4ec3a9986afa2e259d30', should_add_diagnostic_data=False, is_finetuning=False, node_name=None).
2025-03-16 19:13:39,105 [DEBUG]  Node 'rule_only_data_provider' running 'RuleOnlyDataProvider.provide'.
2025-03-16 19:13:39,106 [DEBUG]  Node 'domain_provider' running 'DomainProvider.provide_inference'.
2025-03-16 19:13:39,107 [DEBUG]  Node 'run_MemoizationPolicy0' running 'MemoizationPolicy.predict_action_probabilities'.
2025-03-16 19:13:39,109 [DEBUG]  [[32m[1mdebug    [0m] [1mmemoization.predict.actions   [0m [36mtracker_states[0m=[35m[{'user': {'intent': 'ask_architecture'}, 'prev_action': {'action_name': 'utter_architecture_response'}}, {'user': {'intent': 'request_info'}, 'prev_action': {'action_name': 'action_listen'}}][0m
2025-03-16 19:13:39,110 [DEBUG]  There is no memorised next action
2025-03-16 19:13:39,111 [DEBUG]  Node 'run_RulePolicy1' running 'RulePolicy.predict_action_probabilities'.
2025-03-16 19:13:39,114 [DEBUG]  [[32m[1mdebug    [0m] [1mrule_policy.actions.find      [0m [36mcurrent_states[0m=[35m
[state 1] user intent: greet | previous action name: action_listen
[state 2] user intent: greet | previous action name: utter_greet
[state 3] user intent: request_info | previous action name: action_listen
[state 4] user intent: request_info | previous action name: utter_ask_more
[state 5] user intent: ask_architecture | previous action name: action_listen
[state 6] user intent: ask_architecture | previous action name: utter_architecture_response
[state 7] user intent: greet | previous action name: action_listen
[state 8] user intent: greet | previous action name: utter_greet
[state 9] user intent: ask_architecture | previous action name: action_listen
[state 10] user intent: ask_architecture | previous action name: utter_architecture_response
[state 11] user intent: ask_architecture | previous action name: action_listen
[state 12] user intent: ask_architecture | previous action name: utter_architecture_response
[state 13] user intent: ask_architecture | previous action name: action_listen
[state 14] user intent: ask_architecture | previous action name: utter_architecture_response
[state 15] user intent: goodbye | previous action name: action_listen
[state 16] user intent: goodbye | previous action name: utter_goodbye
[state 17] user intent: greet | previous action name: action_listen
[state 18] user intent: greet | previous action name: utter_greet
[state 19] user intent: request_info | previous action name: action_listen
[state 20] user intent: request_info | previous action name: utter_ask_more
[state 21] user intent: ask_architecture | previous action name: action_listen
[state 22] user intent: ask_architecture | previous action name: utter_architecture_response
[state 23] user intent: ask_architecture | previous action name: action_listen
[state 24] user intent: ask_architecture | previous action name: utter_architecture_response
[state 25] user intent: greet | previous action name: action_listen
[state 26] user intent: greet | previous action name: utter_greet
[state 27] user intent: ask_architecture | previous action name: action_listen
[state 28] user intent: ask_architecture | previous action name: utter_architecture_response
[state 29] user intent: ask_architecture | previous action name: action_listen
[state 30] user intent: ask_architecture | previous action name: utter_architecture_response
[state 31] user intent: goodbye | previous action name: action_listen
[state 32] user intent: goodbye | previous action name: utter_goodbye
[state 33] user intent: greet | previous action name: action_listen
[state 34] user intent: greet | previous action name: utter_greet
[state 35] user intent: ask_architecture | previous action name: action_listen
[state 36] user intent: ask_architecture | previous action name: utter_architecture_response
[state 37] user intent: greet | previous action name: action_listen
[state 38] user intent: greet | previous action name: utter_greet
[state 39] user intent: ask_architecture | previous action name: action_listen
[state 40] user intent: ask_architecture | previous action name: utter_architecture_response
[state 41] user text: подробнее? | previous action name: action_listen[0m
2025-03-16 19:13:39,123 [DEBUG]  There is no applicable rule.
2025-03-16 19:13:39,125 [DEBUG]  [[32m[1mdebug    [0m] [1mrule_policy.actions.find      [0m [36mcurrent_states[0m=[35m
[state 1] user intent: greet | previous action name: action_listen
[state 2] user intent: greet | previous action name: utter_greet
[state 3] user intent: request_info | previous action name: action_listen
[state 4] user intent: request_info | previous action name: utter_ask_more
[state 5] user intent: ask_architecture | previous action name: action_listen
[state 6] user intent: ask_architecture | previous action name: utter_architecture_response
[state 7] user intent: greet | previous action name: action_listen
[state 8] user intent: greet | previous action name: utter_greet
[state 9] user intent: ask_architecture | previous action name: action_listen
[state 10] user intent: ask_architecture | previous action name: utter_architecture_response
[state 11] user intent: ask_architecture | previous action name: action_listen
[state 12] user intent: ask_architecture | previous action name: utter_architecture_response
[state 13] user intent: ask_architecture | previous action name: action_listen
[state 14] user intent: ask_architecture | previous action name: utter_architecture_response
[state 15] user intent: goodbye | previous action name: action_listen
[state 16] user intent: goodbye | previous action name: utter_goodbye
[state 17] user intent: greet | previous action name: action_listen
[state 18] user intent: greet | previous action name: utter_greet
[state 19] user intent: request_info | previous action name: action_listen
[state 20] user intent: request_info | previous action name: utter_ask_more
[state 21] user intent: ask_architecture | previous action name: action_listen
[state 22] user intent: ask_architecture | previous action name: utter_architecture_response
[state 23] user intent: ask_architecture | previous action name: action_listen
[state 24] user intent: ask_architecture | previous action name: utter_architecture_response
[state 25] user intent: greet | previous action name: action_listen
[state 26] user intent: greet | previous action name: utter_greet
[state 27] user intent: ask_architecture | previous action name: action_listen
[state 28] user intent: ask_architecture | previous action name: utter_architecture_response
[state 29] user intent: ask_architecture | previous action name: action_listen
[state 30] user intent: ask_architecture | previous action name: utter_architecture_response
[state 31] user intent: goodbye | previous action name: action_listen
[state 32] user intent: goodbye | previous action name: utter_goodbye
[state 33] user intent: greet | previous action name: action_listen
[state 34] user intent: greet | previous action name: utter_greet
[state 35] user intent: ask_architecture | previous action name: action_listen
[state 36] user intent: ask_architecture | previous action name: utter_architecture_response
[state 37] user intent: greet | previous action name: action_listen
[state 38] user intent: greet | previous action name: utter_greet
[state 39] user intent: ask_architecture | previous action name: action_listen
[state 40] user intent: ask_architecture | previous action name: utter_architecture_response
[state 41] user intent: request_info | previous action name: action_listen[0m
2025-03-16 19:13:39,133 [DEBUG]  There is a rule for the next action 'utter_ask_more'.
2025-03-16 19:13:39,134 [DEBUG]  Node 'run_TEDPolicy2' running 'TEDPolicy.predict_action_probabilities'.
2025-03-16 19:13:39,144 [DEBUG]  TED predicted 'utter_ask_more' based on user intent.
2025-03-16 19:13:39,145 [DEBUG]  Node 'select_prediction' running 'DefaultPolicyPredictionEnsemble.combine_predictions_from_kwargs'.
2025-03-16 19:13:39,146 [DEBUG]  Made prediction using user intent.
2025-03-16 19:13:39,146 [DEBUG]  Added `DefinePrevUserUtteredFeaturization(False)` event.
2025-03-16 19:13:39,147 [DEBUG]  Predicted next action using RulePolicy.
2025-03-16 19:13:39,148 [DEBUG]  Predicted next action 'utter_ask_more' with confidence 1.00.
2025-03-16 19:13:39,152 [DEBUG]  [[32m[1mdebug    [0m] [1mprocessor.actions.policy_prediction[0m [36mprediction_events[0m=[35m[<rasa.shared.core.events.DefinePrevUserUtteredFeaturization object at 0x000001821CE801F0>][0m
2025-03-16 19:13:39,153 [DEBUG]  [[32m[1mdebug    [0m] [1mprocessor.actions.log         [0m [36maction_name[0m=[35mutter_ask_more[0m [36mrasa_events[0m=[35m[BotUttered('Что именно вас интересует в архитектуре программного обеспечения?', {"elements": null, "quick_replies": null, "buttons": null, "attachment": null, "image": null, "custom": null}, {"utter_action": "utter_ask_more"}, 1742174019.1510231)][0m
2025-03-16 19:13:39,155 [DEBUG]  Running graph with inputs: {'__tracker__': <rasa.shared.core.trackers.DialogueStateTracker object at 0x0000018215D56830>}, targets: ['select_prediction'] and ExecutionContext(model_id='d1db3d04f01c4ec3a9986afa2e259d30', should_add_diagnostic_data=False, is_finetuning=False, node_name=None).
2025-03-16 19:13:39,156 [DEBUG]  Node 'rule_only_data_provider' running 'RuleOnlyDataProvider.provide'.
2025-03-16 19:13:39,157 [DEBUG]  Node 'domain_provider' running 'DomainProvider.provide_inference'.
2025-03-16 19:13:39,158 [DEBUG]  Node 'run_MemoizationPolicy0' running 'MemoizationPolicy.predict_action_probabilities'.
2025-03-16 19:13:39,160 [DEBUG]  [[32m[1mdebug    [0m] [1mmemoization.predict.actions   [0m [36mtracker_states[0m=[35m[{'user': {'intent': 'request_info'}, 'prev_action': {'action_name': 'action_listen'}}, {'user': {'intent': 'request_info'}, 'prev_action': {'action_name': 'utter_ask_more'}}][0m
2025-03-16 19:13:39,161 [DEBUG]  There is a memorised next action 'action_listen'
2025-03-16 19:13:39,162 [DEBUG]  Node 'run_RulePolicy1' running 'RulePolicy.predict_action_probabilities'.
2025-03-16 19:13:39,165 [DEBUG]  [[32m[1mdebug    [0m] [1mrule_policy.actions.find      [0m [36mcurrent_states[0m=[35m
[state 1] user intent: greet | previous action name: action_listen
[state 2] user intent: greet | previous action name: utter_greet
[state 3] user intent: request_info | previous action name: action_listen
[state 4] user intent: request_info | previous action name: utter_ask_more
[state 5] user intent: ask_architecture | previous action name: action_listen
[state 6] user intent: ask_architecture | previous action name: utter_architecture_response
[state 7] user intent: greet | previous action name: action_listen
[state 8] user intent: greet | previous action name: utter_greet
[state 9] user intent: ask_architecture | previous action name: action_listen
[state 10] user intent: ask_architecture | previous action name: utter_architecture_response
[state 11] user intent: ask_architecture | previous action name: action_listen
[state 12] user intent: ask_architecture | previous action name: utter_architecture_response
[state 13] user intent: ask_architecture | previous action name: action_listen
[state 14] user intent: ask_architecture | previous action name: utter_architecture_response
[state 15] user intent: goodbye | previous action name: action_listen
[state 16] user intent: goodbye | previous action name: utter_goodbye
[state 17] user intent: greet | previous action name: action_listen
[state 18] user intent: greet | previous action name: utter_greet
[state 19] user intent: request_info | previous action name: action_listen
[state 20] user intent: request_info | previous action name: utter_ask_more
[state 21] user intent: ask_architecture | previous action name: action_listen
[state 22] user intent: ask_architecture | previous action name: utter_architecture_response
[state 23] user intent: ask_architecture | previous action name: action_listen
[state 24] user intent: ask_architecture | previous action name: utter_architecture_response
[state 25] user intent: greet | previous action name: action_listen
[state 26] user intent: greet | previous action name: utter_greet
[state 27] user intent: ask_architecture | previous action name: action_listen
[state 28] user intent: ask_architecture | previous action name: utter_architecture_response
[state 29] user intent: ask_architecture | previous action name: action_listen
[state 30] user intent: ask_architecture | previous action name: utter_architecture_response
[state 31] user intent: goodbye | previous action name: action_listen
[state 32] user intent: goodbye | previous action name: utter_goodbye
[state 33] user intent: greet | previous action name: action_listen
[state 34] user intent: greet | previous action name: utter_greet
[state 35] user intent: ask_architecture | previous action name: action_listen
[state 36] user intent: ask_architecture | previous action name: utter_architecture_response
[state 37] user intent: greet | previous action name: action_listen
[state 38] user intent: greet | previous action name: utter_greet
[state 39] user intent: ask_architecture | previous action name: action_listen
[state 40] user intent: ask_architecture | previous action name: utter_architecture_response
[state 41] user intent: request_info | previous action name: action_listen
[state 42] user intent: request_info | previous action name: utter_ask_more[0m
2025-03-16 19:13:39,174 [DEBUG]  There is a rule for the next action 'action_listen'.
2025-03-16 19:13:39,175 [DEBUG]  Node 'run_TEDPolicy2' running 'TEDPolicy.predict_action_probabilities'.
2025-03-16 19:13:39,185 [DEBUG]  TED predicted 'action_listen' based on user intent.
2025-03-16 19:13:39,186 [DEBUG]  Node 'select_prediction' running 'DefaultPolicyPredictionEnsemble.combine_predictions_from_kwargs'.
2025-03-16 19:13:39,187 [DEBUG]  Predicted next action using RulePolicy.
2025-03-16 19:13:39,188 [DEBUG]  Predicted next action 'action_listen' with confidence 1.00.
2025-03-16 19:13:39,190 [DEBUG]  [[32m[1mdebug    [0m] [1mprocessor.actions.policy_prediction[0m [36mprediction_events[0m=[35m[][0m
2025-03-16 19:13:39,191 [DEBUG]  [[32m[1mdebug    [0m] [1mprocessor.actions.log         [0m [36maction_name[0m=[35maction_listen[0m [36mrasa_events[0m=[35m[][0m
2025-03-16 19:13:39,192 [DEBUG]  No event broker configured. Skipping streaming events.
2025-03-16 19:13:39,195 [DEBUG]  Deleted lock for conversation 'PractikumStudent'.
2025-03-16 19:13:51,574 [DEBUG]  Issuing ticket for conversation 'PractikumStudent'.
2025-03-16 19:13:51,575 [DEBUG]  Acquiring lock for conversation 'PractikumStudent'.
2025-03-16 19:13:51,576 [DEBUG]  Acquired lock for conversation 'PractikumStudent'.
2025-03-16 19:13:51,577 [DEBUG]  Recreating tracker for id 'PractikumStudent'
2025-03-16 19:13:51,595 [DEBUG]  Running graph with inputs: {'__message__': [<rasa.core.channels.channel.UserMessage object at 0x0000018218979900>], '__tracker__': <rasa.shared.core.trackers.DialogueStateTracker object at 0x00000182189782E0>}, targets: ['run_RegexMessageHandler'] and ExecutionContext(model_id='d1db3d04f01c4ec3a9986afa2e259d30', should_add_diagnostic_data=False, is_finetuning=False, node_name=None).
2025-03-16 19:13:51,596 [DEBUG]  Node 'nlu_message_converter' running 'NLUMessageConverter.convert_user_message'.
2025-03-16 19:13:51,597 [DEBUG]  Node 'run_WhitespaceTokenizer0' running 'WhitespaceTokenizer.process'.
2025-03-16 19:13:51,598 [DEBUG]  Node 'run_RegexFeaturizer1' running 'RegexFeaturizer.process'.
2025-03-16 19:13:51,599 [DEBUG]  Node 'run_LexicalSyntacticFeaturizer2' running 'LexicalSyntacticFeaturizer.process'.
2025-03-16 19:13:51,600 [DEBUG]  Node 'run_CountVectorsFeaturizer3' running 'CountVectorsFeaturizer.process'.
2025-03-16 19:13:51,602 [DEBUG]  Node 'run_LanguageModelFeaturizer4' running 'LanguageModelFeaturizer.process'.
2025-03-16 19:13:51,962 [DEBUG]  Node 'run_DIETClassifier5' running 'DIETClassifier.process'.
2025-03-16 19:13:51,970 [DEBUG]  Node 'run_EntitySynonymMapper6' running 'EntitySynonymMapper.process'.
2025-03-16 19:13:51,971 [DEBUG]  Node 'run_ResponseSelector7' running 'ResponseSelector.process'.
2025-03-16 19:13:51,971 [DEBUG]  There is no trained model for 'ResponseSelector': The component is either not trained or didn't receive enough training data.
2025-03-16 19:13:51,972 [DEBUG]  Adding following selector key to message property: default
2025-03-16 19:13:51,973 [DEBUG]  Node 'domain_provider' running 'DomainProvider.provide_inference'.
2025-03-16 19:13:51,974 [DEBUG]  Node 'run_RegexMessageHandler' running 'RegexMessageHandler.process'.
2025-03-16 19:13:51,975 [DEBUG]  [[32m[1mdebug    [0m] [1mprocessor.message.parse       [0m [36mparse_data_entities[0m=[35m[][0m [36mparse_data_intent[0m=[35m{'name': 'ask_architecture', 'confidence': 0.36676347255706787}[0m [36mparse_data_text[0m=[35mмикросервисы[0m
2025-03-16 19:13:51,976 [DEBUG]  Logged UserUtterance - tracker now has 148 events.
2025-03-16 19:13:51,977 [DEBUG]  Validating extracted slots: topic
2025-03-16 19:13:51,978 [DEBUG]  [[32m[1mdebug    [0m] [1mprocessor.extract.slots       [0m [36maction_extract_slot[0m=[35maction_extract_slots[0m [36mlen_extraction_events[0m=[35m1[0m [36mrasa_events[0m=[35m[SlotSet(key: topic, value: микросервисы)][0m
2025-03-16 19:13:51,979 [DEBUG]  Running graph with inputs: {'__tracker__': <rasa.shared.core.trackers.DialogueStateTracker object at 0x00000182189782E0>}, targets: ['select_prediction'] and ExecutionContext(model_id='d1db3d04f01c4ec3a9986afa2e259d30', should_add_diagnostic_data=False, is_finetuning=False, node_name=None).
2025-03-16 19:13:51,980 [DEBUG]  Node 'rule_only_data_provider' running 'RuleOnlyDataProvider.provide'.
2025-03-16 19:13:51,981 [DEBUG]  Node 'domain_provider' running 'DomainProvider.provide_inference'.
2025-03-16 19:13:51,982 [DEBUG]  Node 'run_MemoizationPolicy0' running 'MemoizationPolicy.predict_action_probabilities'.
2025-03-16 19:13:51,986 [DEBUG]  [[32m[1mdebug    [0m] [1mmemoization.predict.actions   [0m [36mtracker_states[0m=[35m[{'user': {'intent': 'request_info'}, 'prev_action': {'action_name': 'utter_ask_more'}}, {'user': {'intent': 'ask_architecture'}, 'prev_action': {'action_name': 'action_listen'}}][0m
2025-03-16 19:13:51,987 [DEBUG]  There is no memorised next action
2025-03-16 19:13:51,988 [DEBUG]  Node 'run_RulePolicy1' running 'RulePolicy.predict_action_probabilities'.
2025-03-16 19:13:51,991 [DEBUG]  [[32m[1mdebug    [0m] [1mrule_policy.actions.find      [0m [36mcurrent_states[0m=[35m
[state 1] user intent: greet | previous action name: action_listen
[state 2] user intent: greet | previous action name: utter_greet
[state 3] user intent: request_info | previous action name: action_listen
[state 4] user intent: request_info | previous action name: utter_ask_more
[state 5] user intent: ask_architecture | previous action name: action_listen
[state 6] user intent: ask_architecture | previous action name: utter_architecture_response
[state 7] user intent: greet | previous action name: action_listen
[state 8] user intent: greet | previous action name: utter_greet
[state 9] user intent: ask_architecture | previous action name: action_listen
[state 10] user intent: ask_architecture | previous action name: utter_architecture_response
[state 11] user intent: ask_architecture | previous action name: action_listen
[state 12] user intent: ask_architecture | previous action name: utter_architecture_response
[state 13] user intent: ask_architecture | previous action name: action_listen
[state 14] user intent: ask_architecture | previous action name: utter_architecture_response
[state 15] user intent: goodbye | previous action name: action_listen
[state 16] user intent: goodbye | previous action name: utter_goodbye
[state 17] user intent: greet | previous action name: action_listen
[state 18] user intent: greet | previous action name: utter_greet
[state 19] user intent: request_info | previous action name: action_listen
[state 20] user intent: request_info | previous action name: utter_ask_more
[state 21] user intent: ask_architecture | previous action name: action_listen
[state 22] user intent: ask_architecture | previous action name: utter_architecture_response
[state 23] user intent: ask_architecture | previous action name: action_listen
[state 24] user intent: ask_architecture | previous action name: utter_architecture_response
[state 25] user intent: greet | previous action name: action_listen
[state 26] user intent: greet | previous action name: utter_greet
[state 27] user intent: ask_architecture | previous action name: action_listen
[state 28] user intent: ask_architecture | previous action name: utter_architecture_response
[state 29] user intent: ask_architecture | previous action name: action_listen
[state 30] user intent: ask_architecture | previous action name: utter_architecture_response
[state 31] user intent: goodbye | previous action name: action_listen
[state 32] user intent: goodbye | previous action name: utter_goodbye
[state 33] user intent: greet | previous action name: action_listen
[state 34] user intent: greet | previous action name: utter_greet
[state 35] user intent: ask_architecture | previous action name: action_listen
[state 36] user intent: ask_architecture | previous action name: utter_architecture_response
[state 37] user intent: greet | previous action name: action_listen
[state 38] user intent: greet | previous action name: utter_greet
[state 39] user intent: ask_architecture | previous action name: action_listen
[state 40] user intent: ask_architecture | previous action name: utter_architecture_response
[state 41] user intent: request_info | previous action name: action_listen
[state 42] user intent: request_info | previous action name: utter_ask_more
[state 43] user text: микросервисы | previous action name: action_listen[0m
2025-03-16 19:13:51,999 [DEBUG]  There is no applicable rule.
2025-03-16 19:13:52,003 [DEBUG]  [[32m[1mdebug    [0m] [1mrule_policy.actions.find      [0m [36mcurrent_states[0m=[35m
[state 1] user intent: greet | previous action name: action_listen
[state 2] user intent: greet | previous action name: utter_greet
[state 3] user intent: request_info | previous action name: action_listen
[state 4] user intent: request_info | previous action name: utter_ask_more
[state 5] user intent: ask_architecture | previous action name: action_listen
[state 6] user intent: ask_architecture | previous action name: utter_architecture_response
[state 7] user intent: greet | previous action name: action_listen
[state 8] user intent: greet | previous action name: utter_greet
[state 9] user intent: ask_architecture | previous action name: action_listen
[state 10] user intent: ask_architecture | previous action name: utter_architecture_response
[state 11] user intent: ask_architecture | previous action name: action_listen
[state 12] user intent: ask_architecture | previous action name: utter_architecture_response
[state 13] user intent: ask_architecture | previous action name: action_listen
[state 14] user intent: ask_architecture | previous action name: utter_architecture_response
[state 15] user intent: goodbye | previous action name: action_listen
[state 16] user intent: goodbye | previous action name: utter_goodbye
[state 17] user intent: greet | previous action name: action_listen
[state 18] user intent: greet | previous action name: utter_greet
[state 19] user intent: request_info | previous action name: action_listen
[state 20] user intent: request_info | previous action name: utter_ask_more
[state 21] user intent: ask_architecture | previous action name: action_listen
[state 22] user intent: ask_architecture | previous action name: utter_architecture_response
[state 23] user intent: ask_architecture | previous action name: action_listen
[state 24] user intent: ask_architecture | previous action name: utter_architecture_response
[state 25] user intent: greet | previous action name: action_listen
[state 26] user intent: greet | previous action name: utter_greet
[state 27] user intent: ask_architecture | previous action name: action_listen
[state 28] user intent: ask_architecture | previous action name: utter_architecture_response
[state 29] user intent: ask_architecture | previous action name: action_listen
[state 30] user intent: ask_architecture | previous action name: utter_architecture_response
[state 31] user intent: goodbye | previous action name: action_listen
[state 32] user intent: goodbye | previous action name: utter_goodbye
[state 33] user intent: greet | previous action name: action_listen
[state 34] user intent: greet | previous action name: utter_greet
[state 35] user intent: ask_architecture | previous action name: action_listen
[state 36] user intent: ask_architecture | previous action name: utter_architecture_response
[state 37] user intent: greet | previous action name: action_listen
[state 38] user intent: greet | previous action name: utter_greet
[state 39] user intent: ask_architecture | previous action name: action_listen
[state 40] user intent: ask_architecture | previous action name: utter_architecture_response
[state 41] user intent: request_info | previous action name: action_listen
[state 42] user intent: request_info | previous action name: utter_ask_more
[state 43] user intent: ask_architecture | previous action name: action_listen[0m
2025-03-16 19:13:52,013 [DEBUG]  There is a rule for the next action 'utter_architecture_response'.
2025-03-16 19:13:52,013 [DEBUG]  Node 'run_TEDPolicy2' running 'TEDPolicy.predict_action_probabilities'.
2025-03-16 19:13:52,022 [DEBUG]  TED predicted 'utter_architecture_response' based on user intent.
2025-03-16 19:13:52,023 [DEBUG]  Node 'select_prediction' running 'DefaultPolicyPredictionEnsemble.combine_predictions_from_kwargs'.
2025-03-16 19:13:52,024 [DEBUG]  Made prediction using user intent.
2025-03-16 19:13:52,024 [DEBUG]  Added `DefinePrevUserUtteredFeaturization(False)` event.
2025-03-16 19:13:52,025 [DEBUG]  Predicted next action using RulePolicy.
2025-03-16 19:13:52,026 [DEBUG]  Predicted next action 'utter_architecture_response' with confidence 1.00.
2025-03-16 19:13:52,028 [DEBUG]  [[32m[1mdebug    [0m] [1mprocessor.actions.policy_prediction[0m [36mprediction_events[0m=[35m[<rasa.shared.core.events.DefinePrevUserUtteredFeaturization object at 0x000001821CE80CD0>][0m
2025-03-16 19:13:52,030 [DEBUG]  [[32m[1mdebug    [0m] [1mprocessor.actions.log         [0m [36maction_name[0m=[35mutter_architecture_response[0m [36mrasa_events[0m=[35m[BotUttered('Архитектура ПО включает выбор структур, которые обеспечивают масштабируемость, гибкость и поддерживаемость приложения. Задайте конкретный вопрос по этой теме, и я помогу вам с информацией.', {"elements": null, "quick_replies": null, "buttons": null, "attachment": null, "image": null, "custom": null}, {"utter_action": "utter_architecture_response"}, 1742174032.028576)][0m
2025-03-16 19:13:52,031 [DEBUG]  Running graph with inputs: {'__tracker__': <rasa.shared.core.trackers.DialogueStateTracker object at 0x00000182189782E0>}, targets: ['select_prediction'] and ExecutionContext(model_id='d1db3d04f01c4ec3a9986afa2e259d30', should_add_diagnostic_data=False, is_finetuning=False, node_name=None).
2025-03-16 19:13:52,033 [DEBUG]  Node 'rule_only_data_provider' running 'RuleOnlyDataProvider.provide'.
2025-03-16 19:13:52,034 [DEBUG]  Node 'domain_provider' running 'DomainProvider.provide_inference'.
2025-03-16 19:13:52,035 [DEBUG]  Node 'run_MemoizationPolicy0' running 'MemoizationPolicy.predict_action_probabilities'.
2025-03-16 19:13:52,038 [DEBUG]  [[32m[1mdebug    [0m] [1mmemoization.predict.actions   [0m [36mtracker_states[0m=[35m[{'user': {'intent': 'ask_architecture'}, 'prev_action': {'action_name': 'action_listen'}}, {'user': {'intent': 'ask_architecture'}, 'prev_action': {'action_name': 'utter_architecture_response'}}][0m
2025-03-16 19:13:52,039 [DEBUG]  There is a memorised next action 'action_listen'
2025-03-16 19:13:52,040 [DEBUG]  Node 'run_RulePolicy1' running 'RulePolicy.predict_action_probabilities'.
2025-03-16 19:13:52,043 [DEBUG]  [[32m[1mdebug    [0m] [1mrule_policy.actions.find      [0m [36mcurrent_states[0m=[35m
[state 1] user intent: greet | previous action name: action_listen
[state 2] user intent: greet | previous action name: utter_greet
[state 3] user intent: request_info | previous action name: action_listen
[state 4] user intent: request_info | previous action name: utter_ask_more
[state 5] user intent: ask_architecture | previous action name: action_listen
[state 6] user intent: ask_architecture | previous action name: utter_architecture_response
[state 7] user intent: greet | previous action name: action_listen
[state 8] user intent: greet | previous action name: utter_greet
[state 9] user intent: ask_architecture | previous action name: action_listen
[state 10] user intent: ask_architecture | previous action name: utter_architecture_response
[state 11] user intent: ask_architecture | previous action name: action_listen
[state 12] user intent: ask_architecture | previous action name: utter_architecture_response
[state 13] user intent: ask_architecture | previous action name: action_listen
[state 14] user intent: ask_architecture | previous action name: utter_architecture_response
[state 15] user intent: goodbye | previous action name: action_listen
[state 16] user intent: goodbye | previous action name: utter_goodbye
[state 17] user intent: greet | previous action name: action_listen
[state 18] user intent: greet | previous action name: utter_greet
[state 19] user intent: request_info | previous action name: action_listen
[state 20] user intent: request_info | previous action name: utter_ask_more
[state 21] user intent: ask_architecture | previous action name: action_listen
[state 22] user intent: ask_architecture | previous action name: utter_architecture_response
[state 23] user intent: ask_architecture | previous action name: action_listen
[state 24] user intent: ask_architecture | previous action name: utter_architecture_response
[state 25] user intent: greet | previous action name: action_listen
[state 26] user intent: greet | previous action name: utter_greet
[state 27] user intent: ask_architecture | previous action name: action_listen
[state 28] user intent: ask_architecture | previous action name: utter_architecture_response
[state 29] user intent: ask_architecture | previous action name: action_listen
[state 30] user intent: ask_architecture | previous action name: utter_architecture_response
[state 31] user intent: goodbye | previous action name: action_listen
[state 32] user intent: goodbye | previous action name: utter_goodbye
[state 33] user intent: greet | previous action name: action_listen
[state 34] user intent: greet | previous action name: utter_greet
[state 35] user intent: ask_architecture | previous action name: action_listen
[state 36] user intent: ask_architecture | previous action name: utter_architecture_response
[state 37] user intent: greet | previous action name: action_listen
[state 38] user intent: greet | previous action name: utter_greet
[state 39] user intent: ask_architecture | previous action name: action_listen
[state 40] user intent: ask_architecture | previous action name: utter_architecture_response
[state 41] user intent: request_info | previous action name: action_listen
[state 42] user intent: request_info | previous action name: utter_ask_more
[state 43] user intent: ask_architecture | previous action name: action_listen
[state 44] user intent: ask_architecture | previous action name: utter_architecture_response[0m
2025-03-16 19:13:52,051 [DEBUG]  There is a rule for the next action 'action_listen'.
2025-03-16 19:13:52,052 [DEBUG]  Node 'run_TEDPolicy2' running 'TEDPolicy.predict_action_probabilities'.
2025-03-16 19:13:52,062 [DEBUG]  TED predicted 'action_listen' based on user intent.
2025-03-16 19:13:52,063 [DEBUG]  Node 'select_prediction' running 'DefaultPolicyPredictionEnsemble.combine_predictions_from_kwargs'.
2025-03-16 19:13:52,063 [DEBUG]  Predicted next action using RulePolicy.
2025-03-16 19:13:52,064 [DEBUG]  Predicted next action 'action_listen' with confidence 1.00.
2025-03-16 19:13:52,068 [DEBUG]  [[32m[1mdebug    [0m] [1mprocessor.actions.policy_prediction[0m [36mprediction_events[0m=[35m[][0m
2025-03-16 19:13:52,069 [DEBUG]  [[32m[1mdebug    [0m] [1mprocessor.actions.log         [0m [36maction_name[0m=[35maction_listen[0m [36mrasa_events[0m=[35m[][0m
2025-03-16 19:13:52,070 [DEBUG]  No event broker configured. Skipping streaming events.
2025-03-16 19:13:52,073 [DEBUG]  Deleted lock for conversation 'PractikumStudent'.
2025-03-16 19:14:01,977 [DEBUG]  Issuing ticket for conversation 'PractikumStudent'.
2025-03-16 19:14:01,978 [DEBUG]  Acquiring lock for conversation 'PractikumStudent'.
2025-03-16 19:14:01,979 [DEBUG]  Acquired lock for conversation 'PractikumStudent'.
2025-03-16 19:14:01,979 [DEBUG]  Recreating tracker for id 'PractikumStudent'
2025-03-16 19:14:02,000 [DEBUG]  Running graph with inputs: {'__message__': [<rasa.core.channels.channel.UserMessage object at 0x0000018215D56E60>], '__tracker__': <rasa.shared.core.trackers.DialogueStateTracker object at 0x0000018215D554B0>}, targets: ['run_RegexMessageHandler'] and ExecutionContext(model_id='d1db3d04f01c4ec3a9986afa2e259d30', should_add_diagnostic_data=False, is_finetuning=False, node_name=None).
2025-03-16 19:14:02,001 [DEBUG]  Node 'nlu_message_converter' running 'NLUMessageConverter.convert_user_message'.
2025-03-16 19:14:02,002 [DEBUG]  Node 'run_WhitespaceTokenizer0' running 'WhitespaceTokenizer.process'.
2025-03-16 19:14:02,003 [DEBUG]  Node 'run_RegexFeaturizer1' running 'RegexFeaturizer.process'.
2025-03-16 19:14:02,004 [DEBUG]  Node 'run_LexicalSyntacticFeaturizer2' running 'LexicalSyntacticFeaturizer.process'.
2025-03-16 19:14:02,005 [DEBUG]  Node 'run_CountVectorsFeaturizer3' running 'CountVectorsFeaturizer.process'.
2025-03-16 19:14:02,007 [DEBUG]  Node 'run_LanguageModelFeaturizer4' running 'LanguageModelFeaturizer.process'.
2025-03-16 19:14:02,375 [DEBUG]  Node 'run_DIETClassifier5' running 'DIETClassifier.process'.
2025-03-16 19:14:02,382 [DEBUG]  Node 'run_EntitySynonymMapper6' running 'EntitySynonymMapper.process'.
2025-03-16 19:14:02,383 [DEBUG]  Node 'run_ResponseSelector7' running 'ResponseSelector.process'.
2025-03-16 19:14:02,384 [DEBUG]  There is no trained model for 'ResponseSelector': The component is either not trained or didn't receive enough training data.
2025-03-16 19:14:02,385 [DEBUG]  Adding following selector key to message property: default
2025-03-16 19:14:02,385 [DEBUG]  Node 'domain_provider' running 'DomainProvider.provide_inference'.
2025-03-16 19:14:02,386 [DEBUG]  Node 'run_RegexMessageHandler' running 'RegexMessageHandler.process'.
2025-03-16 19:14:02,387 [DEBUG]  [[32m[1mdebug    [0m] [1mprocessor.message.parse       [0m [36mparse_data_entities[0m=[35m[][0m [36mparse_data_intent[0m=[35m{'name': 'greet', 'confidence': 0.28750917315483093}[0m [36mparse_data_text[0m=[35mисчерпывающий ответ![0m
2025-03-16 19:14:02,389 [DEBUG]  Logged UserUtterance - tracker now has 154 events.
2025-03-16 19:14:02,390 [DEBUG]  Validating extracted slots: topic
2025-03-16 19:14:02,390 [DEBUG]  [[32m[1mdebug    [0m] [1mprocessor.extract.slots       [0m [36maction_extract_slot[0m=[35maction_extract_slots[0m [36mlen_extraction_events[0m=[35m1[0m [36mrasa_events[0m=[35m[SlotSet(key: topic, value: исчерпывающий ответ!)][0m
2025-03-16 19:14:02,391 [DEBUG]  Running graph with inputs: {'__tracker__': <rasa.shared.core.trackers.DialogueStateTracker object at 0x0000018215D554B0>}, targets: ['select_prediction'] and ExecutionContext(model_id='d1db3d04f01c4ec3a9986afa2e259d30', should_add_diagnostic_data=False, is_finetuning=False, node_name=None).
2025-03-16 19:14:02,393 [DEBUG]  Node 'rule_only_data_provider' running 'RuleOnlyDataProvider.provide'.
2025-03-16 19:14:02,393 [DEBUG]  Node 'domain_provider' running 'DomainProvider.provide_inference'.
2025-03-16 19:14:02,394 [DEBUG]  Node 'run_MemoizationPolicy0' running 'MemoizationPolicy.predict_action_probabilities'.
2025-03-16 19:14:02,397 [DEBUG]  [[32m[1mdebug    [0m] [1mmemoization.predict.actions   [0m [36mtracker_states[0m=[35m[{'user': {'intent': 'ask_architecture'}, 'prev_action': {'action_name': 'utter_architecture_response'}}, {'user': {'intent': 'greet'}, 'prev_action': {'action_name': 'action_listen'}}][0m
2025-03-16 19:14:02,398 [DEBUG]  There is no memorised next action
2025-03-16 19:14:02,399 [DEBUG]  Node 'run_RulePolicy1' running 'RulePolicy.predict_action_probabilities'.
2025-03-16 19:14:02,402 [DEBUG]  [[32m[1mdebug    [0m] [1mrule_policy.actions.find      [0m [36mcurrent_states[0m=[35m
[state 1] user intent: greet | previous action name: action_listen
[state 2] user intent: greet | previous action name: utter_greet
[state 3] user intent: request_info | previous action name: action_listen
[state 4] user intent: request_info | previous action name: utter_ask_more
[state 5] user intent: ask_architecture | previous action name: action_listen
[state 6] user intent: ask_architecture | previous action name: utter_architecture_response
[state 7] user intent: greet | previous action name: action_listen
[state 8] user intent: greet | previous action name: utter_greet
[state 9] user intent: ask_architecture | previous action name: action_listen
[state 10] user intent: ask_architecture | previous action name: utter_architecture_response
[state 11] user intent: ask_architecture | previous action name: action_listen
[state 12] user intent: ask_architecture | previous action name: utter_architecture_response
[state 13] user intent: ask_architecture | previous action name: action_listen
[state 14] user intent: ask_architecture | previous action name: utter_architecture_response
[state 15] user intent: goodbye | previous action name: action_listen
[state 16] user intent: goodbye | previous action name: utter_goodbye
[state 17] user intent: greet | previous action name: action_listen
[state 18] user intent: greet | previous action name: utter_greet
[state 19] user intent: request_info | previous action name: action_listen
[state 20] user intent: request_info | previous action name: utter_ask_more
[state 21] user intent: ask_architecture | previous action name: action_listen
[state 22] user intent: ask_architecture | previous action name: utter_architecture_response
[state 23] user intent: ask_architecture | previous action name: action_listen
[state 24] user intent: ask_architecture | previous action name: utter_architecture_response
[state 25] user intent: greet | previous action name: action_listen
[state 26] user intent: greet | previous action name: utter_greet
[state 27] user intent: ask_architecture | previous action name: action_listen
[state 28] user intent: ask_architecture | previous action name: utter_architecture_response
[state 29] user intent: ask_architecture | previous action name: action_listen
[state 30] user intent: ask_architecture | previous action name: utter_architecture_response
[state 31] user intent: goodbye | previous action name: action_listen
[state 32] user intent: goodbye | previous action name: utter_goodbye
[state 33] user intent: greet | previous action name: action_listen
[state 34] user intent: greet | previous action name: utter_greet
[state 35] user intent: ask_architecture | previous action name: action_listen
[state 36] user intent: ask_architecture | previous action name: utter_architecture_response
[state 37] user intent: greet | previous action name: action_listen
[state 38] user intent: greet | previous action name: utter_greet
[state 39] user intent: ask_architecture | previous action name: action_listen
[state 40] user intent: ask_architecture | previous action name: utter_architecture_response
[state 41] user intent: request_info | previous action name: action_listen
[state 42] user intent: request_info | previous action name: utter_ask_more
[state 43] user intent: ask_architecture | previous action name: action_listen
[state 44] user intent: ask_architecture | previous action name: utter_architecture_response
[state 45] user text: исчерпывающий ответ! | previous action name: action_listen[0m
2025-03-16 19:14:02,410 [DEBUG]  There is no applicable rule.
2025-03-16 19:14:02,413 [DEBUG]  [[32m[1mdebug    [0m] [1mrule_policy.actions.find      [0m [36mcurrent_states[0m=[35m
[state 1] user intent: greet | previous action name: action_listen
[state 2] user intent: greet | previous action name: utter_greet
[state 3] user intent: request_info | previous action name: action_listen
[state 4] user intent: request_info | previous action name: utter_ask_more
[state 5] user intent: ask_architecture | previous action name: action_listen
[state 6] user intent: ask_architecture | previous action name: utter_architecture_response
[state 7] user intent: greet | previous action name: action_listen
[state 8] user intent: greet | previous action name: utter_greet
[state 9] user intent: ask_architecture | previous action name: action_listen
[state 10] user intent: ask_architecture | previous action name: utter_architecture_response
[state 11] user intent: ask_architecture | previous action name: action_listen
[state 12] user intent: ask_architecture | previous action name: utter_architecture_response
[state 13] user intent: ask_architecture | previous action name: action_listen
[state 14] user intent: ask_architecture | previous action name: utter_architecture_response
[state 15] user intent: goodbye | previous action name: action_listen
[state 16] user intent: goodbye | previous action name: utter_goodbye
[state 17] user intent: greet | previous action name: action_listen
[state 18] user intent: greet | previous action name: utter_greet
[state 19] user intent: request_info | previous action name: action_listen
[state 20] user intent: request_info | previous action name: utter_ask_more
[state 21] user intent: ask_architecture | previous action name: action_listen
[state 22] user intent: ask_architecture | previous action name: utter_architecture_response
[state 23] user intent: ask_architecture | previous action name: action_listen
[state 24] user intent: ask_architecture | previous action name: utter_architecture_response
[state 25] user intent: greet | previous action name: action_listen
[state 26] user intent: greet | previous action name: utter_greet
[state 27] user intent: ask_architecture | previous action name: action_listen
[state 28] user intent: ask_architecture | previous action name: utter_architecture_response
[state 29] user intent: ask_architecture | previous action name: action_listen
[state 30] user intent: ask_architecture | previous action name: utter_architecture_response
[state 31] user intent: goodbye | previous action name: action_listen
[state 32] user intent: goodbye | previous action name: utter_goodbye
[state 33] user intent: greet | previous action name: action_listen
[state 34] user intent: greet | previous action name: utter_greet
[state 35] user intent: ask_architecture | previous action name: action_listen
[state 36] user intent: ask_architecture | previous action name: utter_architecture_response
[state 37] user intent: greet | previous action name: action_listen
[state 38] user intent: greet | previous action name: utter_greet
[state 39] user intent: ask_architecture | previous action name: action_listen
[state 40] user intent: ask_architecture | previous action name: utter_architecture_response
[state 41] user intent: request_info | previous action name: action_listen
[state 42] user intent: request_info | previous action name: utter_ask_more
[state 43] user intent: ask_architecture | previous action name: action_listen
[state 44] user intent: ask_architecture | previous action name: utter_architecture_response
[state 45] user intent: greet | previous action name: action_listen[0m
2025-03-16 19:14:02,421 [DEBUG]  There is a rule for the next action 'utter_greet'.
2025-03-16 19:14:02,422 [DEBUG]  Node 'run_TEDPolicy2' running 'TEDPolicy.predict_action_probabilities'.
2025-03-16 19:14:02,431 [DEBUG]  TED predicted 'utter_greet' based on user intent.
2025-03-16 19:14:02,432 [DEBUG]  Node 'select_prediction' running 'DefaultPolicyPredictionEnsemble.combine_predictions_from_kwargs'.
2025-03-16 19:14:02,432 [DEBUG]  Made prediction using user intent.
2025-03-16 19:14:02,433 [DEBUG]  Added `DefinePrevUserUtteredFeaturization(False)` event.
2025-03-16 19:14:02,434 [DEBUG]  Predicted next action using RulePolicy.
2025-03-16 19:14:02,435 [DEBUG]  Predicted next action 'utter_greet' with confidence 1.00.
2025-03-16 19:14:02,437 [DEBUG]  [[32m[1mdebug    [0m] [1mprocessor.actions.policy_prediction[0m [36mprediction_events[0m=[35m[<rasa.shared.core.events.DefinePrevUserUtteredFeaturization object at 0x000001821CE81330>][0m
2025-03-16 19:14:02,438 [DEBUG]  [[32m[1mdebug    [0m] [1mprocessor.actions.log         [0m [36maction_name[0m=[35mutter_greet[0m [36mrasa_events[0m=[35m[BotUttered('Привет! Чем могу помочь в области архитектуры программного обеспечения?', {"elements": null, "quick_replies": null, "buttons": null, "attachment": null, "image": null, "custom": null}, {"utter_action": "utter_greet"}, 1742174042.4376378)][0m
2025-03-16 19:14:02,440 [DEBUG]  Running graph with inputs: {'__tracker__': <rasa.shared.core.trackers.DialogueStateTracker object at 0x0000018215D554B0>}, targets: ['select_prediction'] and ExecutionContext(model_id='d1db3d04f01c4ec3a9986afa2e259d30', should_add_diagnostic_data=False, is_finetuning=False, node_name=None).
2025-03-16 19:14:02,441 [DEBUG]  Node 'rule_only_data_provider' running 'RuleOnlyDataProvider.provide'.
2025-03-16 19:14:02,442 [DEBUG]  Node 'domain_provider' running 'DomainProvider.provide_inference'.
2025-03-16 19:14:02,442 [DEBUG]  Node 'run_MemoizationPolicy0' running 'MemoizationPolicy.predict_action_probabilities'.
2025-03-16 19:14:02,445 [DEBUG]  [[32m[1mdebug    [0m] [1mmemoization.predict.actions   [0m [36mtracker_states[0m=[35m[{'user': {'intent': 'greet'}, 'prev_action': {'action_name': 'action_listen'}}, {'user': {'intent': 'greet'}, 'prev_action': {'action_name': 'utter_greet'}}][0m
2025-03-16 19:14:02,446 [DEBUG]  There is a memorised next action 'action_listen'
2025-03-16 19:14:02,447 [DEBUG]  Node 'run_RulePolicy1' running 'RulePolicy.predict_action_probabilities'.
2025-03-16 19:14:02,451 [DEBUG]  [[32m[1mdebug    [0m] [1mrule_policy.actions.find      [0m [36mcurrent_states[0m=[35m
[state 1] user intent: greet | previous action name: action_listen
[state 2] user intent: greet | previous action name: utter_greet
[state 3] user intent: request_info | previous action name: action_listen
[state 4] user intent: request_info | previous action name: utter_ask_more
[state 5] user intent: ask_architecture | previous action name: action_listen
[state 6] user intent: ask_architecture | previous action name: utter_architecture_response
[state 7] user intent: greet | previous action name: action_listen
[state 8] user intent: greet | previous action name: utter_greet
[state 9] user intent: ask_architecture | previous action name: action_listen
[state 10] user intent: ask_architecture | previous action name: utter_architecture_response
[state 11] user intent: ask_architecture | previous action name: action_listen
[state 12] user intent: ask_architecture | previous action name: utter_architecture_response
[state 13] user intent: ask_architecture | previous action name: action_listen
[state 14] user intent: ask_architecture | previous action name: utter_architecture_response
[state 15] user intent: goodbye | previous action name: action_listen
[state 16] user intent: goodbye | previous action name: utter_goodbye
[state 17] user intent: greet | previous action name: action_listen
[state 18] user intent: greet | previous action name: utter_greet
[state 19] user intent: request_info | previous action name: action_listen
[state 20] user intent: request_info | previous action name: utter_ask_more
[state 21] user intent: ask_architecture | previous action name: action_listen
[state 22] user intent: ask_architecture | previous action name: utter_architecture_response
[state 23] user intent: ask_architecture | previous action name: action_listen
[state 24] user intent: ask_architecture | previous action name: utter_architecture_response
[state 25] user intent: greet | previous action name: action_listen
[state 26] user intent: greet | previous action name: utter_greet
[state 27] user intent: ask_architecture | previous action name: action_listen
[state 28] user intent: ask_architecture | previous action name: utter_architecture_response
[state 29] user intent: ask_architecture | previous action name: action_listen
[state 30] user intent: ask_architecture | previous action name: utter_architecture_response
[state 31] user intent: goodbye | previous action name: action_listen
[state 32] user intent: goodbye | previous action name: utter_goodbye
[state 33] user intent: greet | previous action name: action_listen
[state 34] user intent: greet | previous action name: utter_greet
[state 35] user intent: ask_architecture | previous action name: action_listen
[state 36] user intent: ask_architecture | previous action name: utter_architecture_response
[state 37] user intent: greet | previous action name: action_listen
[state 38] user intent: greet | previous action name: utter_greet
[state 39] user intent: ask_architecture | previous action name: action_listen
[state 40] user intent: ask_architecture | previous action name: utter_architecture_response
[state 41] user intent: request_info | previous action name: action_listen
[state 42] user intent: request_info | previous action name: utter_ask_more
[state 43] user intent: ask_architecture | previous action name: action_listen
[state 44] user intent: ask_architecture | previous action name: utter_architecture_response
[state 45] user intent: greet | previous action name: action_listen
[state 46] user intent: greet | previous action name: utter_greet[0m
2025-03-16 19:14:02,463 [DEBUG]  There is a rule for the next action 'action_listen'.
2025-03-16 19:14:02,463 [DEBUG]  Node 'run_TEDPolicy2' running 'TEDPolicy.predict_action_probabilities'.
2025-03-16 19:14:02,472 [DEBUG]  TED predicted 'action_listen' based on user intent.
2025-03-16 19:14:02,474 [DEBUG]  Node 'select_prediction' running 'DefaultPolicyPredictionEnsemble.combine_predictions_from_kwargs'.
2025-03-16 19:14:02,474 [DEBUG]  Predicted next action using RulePolicy.
2025-03-16 19:14:02,475 [DEBUG]  Predicted next action 'action_listen' with confidence 1.00.
2025-03-16 19:14:02,477 [DEBUG]  [[32m[1mdebug    [0m] [1mprocessor.actions.policy_prediction[0m [36mprediction_events[0m=[35m[][0m
2025-03-16 19:14:02,478 [DEBUG]  [[32m[1mdebug    [0m] [1mprocessor.actions.log         [0m [36maction_name[0m=[35maction_listen[0m [36mrasa_events[0m=[35m[][0m
2025-03-16 19:14:02,479 [DEBUG]  No event broker configured. Skipping streaming events.
2025-03-16 19:14:02,482 [DEBUG]  Deleted lock for conversation 'PractikumStudent'.
2025-03-16 19:14:35,744 [DEBUG]  Issuing ticket for conversation 'PractikumStudent'.
2025-03-16 19:14:35,745 [DEBUG]  Acquiring lock for conversation 'PractikumStudent'.
2025-03-16 19:14:35,745 [DEBUG]  Acquired lock for conversation 'PractikumStudent'.
2025-03-16 19:14:35,746 [DEBUG]  Recreating tracker for id 'PractikumStudent'
2025-03-16 19:14:35,766 [DEBUG]  Running graph with inputs: {'__message__': [<rasa.core.channels.channel.UserMessage object at 0x0000018218978D90>], '__tracker__': <rasa.shared.core.trackers.DialogueStateTracker object at 0x0000018218979E70>}, targets: ['run_RegexMessageHandler'] and ExecutionContext(model_id='d1db3d04f01c4ec3a9986afa2e259d30', should_add_diagnostic_data=False, is_finetuning=False, node_name=None).
2025-03-16 19:14:35,768 [DEBUG]  Node 'nlu_message_converter' running 'NLUMessageConverter.convert_user_message'.
2025-03-16 19:14:35,769 [DEBUG]  Node 'run_WhitespaceTokenizer0' running 'WhitespaceTokenizer.process'.
2025-03-16 19:14:35,770 [DEBUG]  Node 'run_RegexFeaturizer1' running 'RegexFeaturizer.process'.
2025-03-16 19:14:35,770 [DEBUG]  Node 'run_LexicalSyntacticFeaturizer2' running 'LexicalSyntacticFeaturizer.process'.
2025-03-16 19:14:35,772 [DEBUG]  Node 'run_CountVectorsFeaturizer3' running 'CountVectorsFeaturizer.process'.
2025-03-16 19:14:35,773 [DEBUG]  Node 'run_LanguageModelFeaturizer4' running 'LanguageModelFeaturizer.process'.
2025-03-16 19:14:36,201 [DEBUG]  Node 'run_DIETClassifier5' running 'DIETClassifier.process'.
2025-03-16 19:14:36,209 [DEBUG]  Node 'run_EntitySynonymMapper6' running 'EntitySynonymMapper.process'.
2025-03-16 19:14:36,210 [DEBUG]  Node 'run_ResponseSelector7' running 'ResponseSelector.process'.
2025-03-16 19:14:36,210 [DEBUG]  There is no trained model for 'ResponseSelector': The component is either not trained or didn't receive enough training data.
2025-03-16 19:14:36,211 [DEBUG]  Adding following selector key to message property: default
2025-03-16 19:14:36,212 [DEBUG]  Node 'domain_provider' running 'DomainProvider.provide_inference'.
2025-03-16 19:14:36,213 [DEBUG]  Node 'run_RegexMessageHandler' running 'RegexMessageHandler.process'.
2025-03-16 19:14:36,214 [DEBUG]  [[32m[1mdebug    [0m] [1mprocessor.message.parse       [0m [36mparse_data_entities[0m=[35m[][0m [36mparse_data_intent[0m=[35m{'name': 'ask_architecture', 'confidence': 0.7243844270706177}[0m [36mparse_data_text[0m=[35mчто такое программное обеспечение?[0m
2025-03-16 19:14:36,216 [DEBUG]  Logged UserUtterance - tracker now has 160 events.
2025-03-16 19:14:36,217 [DEBUG]  Validating extracted slots: topic
2025-03-16 19:14:36,218 [DEBUG]  [[32m[1mdebug    [0m] [1mprocessor.extract.slots       [0m [36maction_extract_slot[0m=[35maction_extract_slots[0m [36mlen_extraction_events[0m=[35m1[0m [36mrasa_events[0m=[35m[SlotSet(key: topic, value: что такое программное обеспечение?)][0m
2025-03-16 19:14:36,219 [DEBUG]  Running graph with inputs: {'__tracker__': <rasa.shared.core.trackers.DialogueStateTracker object at 0x0000018218979E70>}, targets: ['select_prediction'] and ExecutionContext(model_id='d1db3d04f01c4ec3a9986afa2e259d30', should_add_diagnostic_data=False, is_finetuning=False, node_name=None).
2025-03-16 19:14:36,220 [DEBUG]  Node 'rule_only_data_provider' running 'RuleOnlyDataProvider.provide'.
2025-03-16 19:14:36,221 [DEBUG]  Node 'domain_provider' running 'DomainProvider.provide_inference'.
2025-03-16 19:14:36,222 [DEBUG]  Node 'run_MemoizationPolicy0' running 'MemoizationPolicy.predict_action_probabilities'.
2025-03-16 19:14:36,225 [DEBUG]  [[32m[1mdebug    [0m] [1mmemoization.predict.actions   [0m [36mtracker_states[0m=[35m[{'user': {'intent': 'greet'}, 'prev_action': {'action_name': 'utter_greet'}}, {'user': {'intent': 'ask_architecture'}, 'prev_action': {'action_name': 'action_listen'}}][0m
2025-03-16 19:14:36,226 [DEBUG]  There is a memorised next action 'utter_architecture_response'
2025-03-16 19:14:36,227 [DEBUG]  Node 'run_RulePolicy1' running 'RulePolicy.predict_action_probabilities'.
2025-03-16 19:14:36,230 [DEBUG]  [[32m[1mdebug    [0m] [1mrule_policy.actions.find      [0m [36mcurrent_states[0m=[35m
[state 1] user intent: greet | previous action name: action_listen
[state 2] user intent: greet | previous action name: utter_greet
[state 3] user intent: request_info | previous action name: action_listen
[state 4] user intent: request_info | previous action name: utter_ask_more
[state 5] user intent: ask_architecture | previous action name: action_listen
[state 6] user intent: ask_architecture | previous action name: utter_architecture_response
[state 7] user intent: greet | previous action name: action_listen
[state 8] user intent: greet | previous action name: utter_greet
[state 9] user intent: ask_architecture | previous action name: action_listen
[state 10] user intent: ask_architecture | previous action name: utter_architecture_response
[state 11] user intent: ask_architecture | previous action name: action_listen
[state 12] user intent: ask_architecture | previous action name: utter_architecture_response
[state 13] user intent: ask_architecture | previous action name: action_listen
[state 14] user intent: ask_architecture | previous action name: utter_architecture_response
[state 15] user intent: goodbye | previous action name: action_listen
[state 16] user intent: goodbye | previous action name: utter_goodbye
[state 17] user intent: greet | previous action name: action_listen
[state 18] user intent: greet | previous action name: utter_greet
[state 19] user intent: request_info | previous action name: action_listen
[state 20] user intent: request_info | previous action name: utter_ask_more
[state 21] user intent: ask_architecture | previous action name: action_listen
[state 22] user intent: ask_architecture | previous action name: utter_architecture_response
[state 23] user intent: ask_architecture | previous action name: action_listen
[state 24] user intent: ask_architecture | previous action name: utter_architecture_response
[state 25] user intent: greet | previous action name: action_listen
[state 26] user intent: greet | previous action name: utter_greet
[state 27] user intent: ask_architecture | previous action name: action_listen
[state 28] user intent: ask_architecture | previous action name: utter_architecture_response
[state 29] user intent: ask_architecture | previous action name: action_listen
[state 30] user intent: ask_architecture | previous action name: utter_architecture_response
[state 31] user intent: goodbye | previous action name: action_listen
[state 32] user intent: goodbye | previous action name: utter_goodbye
[state 33] user intent: greet | previous action name: action_listen
[state 34] user intent: greet | previous action name: utter_greet
[state 35] user intent: ask_architecture | previous action name: action_listen
[state 36] user intent: ask_architecture | previous action name: utter_architecture_response
[state 37] user intent: greet | previous action name: action_listen
[state 38] user intent: greet | previous action name: utter_greet
[state 39] user intent: ask_architecture | previous action name: action_listen
[state 40] user intent: ask_architecture | previous action name: utter_architecture_response
[state 41] user intent: request_info | previous action name: action_listen
[state 42] user intent: request_info | previous action name: utter_ask_more
[state 43] user intent: ask_architecture | previous action name: action_listen
[state 44] user intent: ask_architecture | previous action name: utter_architecture_response
[state 45] user intent: greet | previous action name: action_listen
[state 46] user intent: greet | previous action name: utter_greet
[state 47] user text: что такое программное обеспечение? | previous action name: action_listen[0m
2025-03-16 19:14:36,239 [DEBUG]  There is no applicable rule.
2025-03-16 19:14:36,242 [DEBUG]  [[32m[1mdebug    [0m] [1mrule_policy.actions.find      [0m [36mcurrent_states[0m=[35m
[state 1] user intent: greet | previous action name: action_listen
[state 2] user intent: greet | previous action name: utter_greet
[state 3] user intent: request_info | previous action name: action_listen
[state 4] user intent: request_info | previous action name: utter_ask_more
[state 5] user intent: ask_architecture | previous action name: action_listen
[state 6] user intent: ask_architecture | previous action name: utter_architecture_response
[state 7] user intent: greet | previous action name: action_listen
[state 8] user intent: greet | previous action name: utter_greet
[state 9] user intent: ask_architecture | previous action name: action_listen
[state 10] user intent: ask_architecture | previous action name: utter_architecture_response
[state 11] user intent: ask_architecture | previous action name: action_listen
[state 12] user intent: ask_architecture | previous action name: utter_architecture_response
[state 13] user intent: ask_architecture | previous action name: action_listen
[state 14] user intent: ask_architecture | previous action name: utter_architecture_response
[state 15] user intent: goodbye | previous action name: action_listen
[state 16] user intent: goodbye | previous action name: utter_goodbye
[state 17] user intent: greet | previous action name: action_listen
[state 18] user intent: greet | previous action name: utter_greet
[state 19] user intent: request_info | previous action name: action_listen
[state 20] user intent: request_info | previous action name: utter_ask_more
[state 21] user intent: ask_architecture | previous action name: action_listen
[state 22] user intent: ask_architecture | previous action name: utter_architecture_response
[state 23] user intent: ask_architecture | previous action name: action_listen
[state 24] user intent: ask_architecture | previous action name: utter_architecture_response
[state 25] user intent: greet | previous action name: action_listen
[state 26] user intent: greet | previous action name: utter_greet
[state 27] user intent: ask_architecture | previous action name: action_listen
[state 28] user intent: ask_architecture | previous action name: utter_architecture_response
[state 29] user intent: ask_architecture | previous action name: action_listen
[state 30] user intent: ask_architecture | previous action name: utter_architecture_response
[state 31] user intent: goodbye | previous action name: action_listen
[state 32] user intent: goodbye | previous action name: utter_goodbye
[state 33] user intent: greet | previous action name: action_listen
[state 34] user intent: greet | previous action name: utter_greet
[state 35] user intent: ask_architecture | previous action name: action_listen
[state 36] user intent: ask_architecture | previous action name: utter_architecture_response
[state 37] user intent: greet | previous action name: action_listen
[state 38] user intent: greet | previous action name: utter_greet
[state 39] user intent: ask_architecture | previous action name: action_listen
[state 40] user intent: ask_architecture | previous action name: utter_architecture_response
[state 41] user intent: request_info | previous action name: action_listen
[state 42] user intent: request_info | previous action name: utter_ask_more
[state 43] user intent: ask_architecture | previous action name: action_listen
[state 44] user intent: ask_architecture | previous action name: utter_architecture_response
[state 45] user intent: greet | previous action name: action_listen
[state 46] user intent: greet | previous action name: utter_greet
[state 47] user intent: ask_architecture | previous action name: action_listen[0m
2025-03-16 19:14:36,250 [DEBUG]  There is a rule for the next action 'utter_architecture_response'.
2025-03-16 19:14:36,251 [DEBUG]  Node 'run_TEDPolicy2' running 'TEDPolicy.predict_action_probabilities'.
2025-03-16 19:14:36,260 [DEBUG]  TED predicted 'utter_architecture_response' based on user intent.
2025-03-16 19:14:36,261 [DEBUG]  Node 'select_prediction' running 'DefaultPolicyPredictionEnsemble.combine_predictions_from_kwargs'.
2025-03-16 19:14:36,262 [DEBUG]  Made prediction using user intent.
2025-03-16 19:14:36,262 [DEBUG]  Added `DefinePrevUserUtteredFeaturization(False)` event.
2025-03-16 19:14:36,263 [DEBUG]  Predicted next action using RulePolicy.
2025-03-16 19:14:36,264 [DEBUG]  Predicted next action 'utter_architecture_response' with confidence 1.00.
2025-03-16 19:14:36,267 [DEBUG]  [[32m[1mdebug    [0m] [1mprocessor.actions.policy_prediction[0m [36mprediction_events[0m=[35m[<rasa.shared.core.events.DefinePrevUserUtteredFeaturization object at 0x000001821CE82AA0>][0m
2025-03-16 19:14:36,268 [DEBUG]  [[32m[1mdebug    [0m] [1mprocessor.actions.log         [0m [36maction_name[0m=[35mutter_architecture_response[0m [36mrasa_events[0m=[35m[BotUttered('Архитектура ПО включает выбор структур, которые обеспечивают масштабируемость, гибкость и поддерживаемость приложения. Задайте конкретный вопрос по этой теме, и я помогу вам с информацией.', {"elements": null, "quick_replies": null, "buttons": null, "attachment": null, "image": null, "custom": null}, {"utter_action": "utter_architecture_response"}, 1742174076.2661276)][0m
2025-03-16 19:14:36,270 [DEBUG]  Running graph with inputs: {'__tracker__': <rasa.shared.core.trackers.DialogueStateTracker object at 0x0000018218979E70>}, targets: ['select_prediction'] and ExecutionContext(model_id='d1db3d04f01c4ec3a9986afa2e259d30', should_add_diagnostic_data=False, is_finetuning=False, node_name=None).
2025-03-16 19:14:36,271 [DEBUG]  Node 'rule_only_data_provider' running 'RuleOnlyDataProvider.provide'.
2025-03-16 19:14:36,272 [DEBUG]  Node 'domain_provider' running 'DomainProvider.provide_inference'.
2025-03-16 19:14:36,272 [DEBUG]  Node 'run_MemoizationPolicy0' running 'MemoizationPolicy.predict_action_probabilities'.
2025-03-16 19:14:36,275 [DEBUG]  [[32m[1mdebug    [0m] [1mmemoization.predict.actions   [0m [36mtracker_states[0m=[35m[{'user': {'intent': 'ask_architecture'}, 'prev_action': {'action_name': 'action_listen'}}, {'user': {'intent': 'ask_architecture'}, 'prev_action': {'action_name': 'utter_architecture_response'}}][0m
2025-03-16 19:14:36,276 [DEBUG]  There is a memorised next action 'action_listen'
2025-03-16 19:14:36,277 [DEBUG]  Node 'run_RulePolicy1' running 'RulePolicy.predict_action_probabilities'.
2025-03-16 19:14:36,280 [DEBUG]  [[32m[1mdebug    [0m] [1mrule_policy.actions.find      [0m [36mcurrent_states[0m=[35m
[state 1] user intent: greet | previous action name: action_listen
[state 2] user intent: greet | previous action name: utter_greet
[state 3] user intent: request_info | previous action name: action_listen
[state 4] user intent: request_info | previous action name: utter_ask_more
[state 5] user intent: ask_architecture | previous action name: action_listen
[state 6] user intent: ask_architecture | previous action name: utter_architecture_response
[state 7] user intent: greet | previous action name: action_listen
[state 8] user intent: greet | previous action name: utter_greet
[state 9] user intent: ask_architecture | previous action name: action_listen
[state 10] user intent: ask_architecture | previous action name: utter_architecture_response
[state 11] user intent: ask_architecture | previous action name: action_listen
[state 12] user intent: ask_architecture | previous action name: utter_architecture_response
[state 13] user intent: ask_architecture | previous action name: action_listen
[state 14] user intent: ask_architecture | previous action name: utter_architecture_response
[state 15] user intent: goodbye | previous action name: action_listen
[state 16] user intent: goodbye | previous action name: utter_goodbye
[state 17] user intent: greet | previous action name: action_listen
[state 18] user intent: greet | previous action name: utter_greet
[state 19] user intent: request_info | previous action name: action_listen
[state 20] user intent: request_info | previous action name: utter_ask_more
[state 21] user intent: ask_architecture | previous action name: action_listen
[state 22] user intent: ask_architecture | previous action name: utter_architecture_response
[state 23] user intent: ask_architecture | previous action name: action_listen
[state 24] user intent: ask_architecture | previous action name: utter_architecture_response
[state 25] user intent: greet | previous action name: action_listen
[state 26] user intent: greet | previous action name: utter_greet
[state 27] user intent: ask_architecture | previous action name: action_listen
[state 28] user intent: ask_architecture | previous action name: utter_architecture_response
[state 29] user intent: ask_architecture | previous action name: action_listen
[state 30] user intent: ask_architecture | previous action name: utter_architecture_response
[state 31] user intent: goodbye | previous action name: action_listen
[state 32] user intent: goodbye | previous action name: utter_goodbye
[state 33] user intent: greet | previous action name: action_listen
[state 34] user intent: greet | previous action name: utter_greet
[state 35] user intent: ask_architecture | previous action name: action_listen
[state 36] user intent: ask_architecture | previous action name: utter_architecture_response
[state 37] user intent: greet | previous action name: action_listen
[state 38] user intent: greet | previous action name: utter_greet
[state 39] user intent: ask_architecture | previous action name: action_listen
[state 40] user intent: ask_architecture | previous action name: utter_architecture_response
[state 41] user intent: request_info | previous action name: action_listen
[state 42] user intent: request_info | previous action name: utter_ask_more
[state 43] user intent: ask_architecture | previous action name: action_listen
[state 44] user intent: ask_architecture | previous action name: utter_architecture_response
[state 45] user intent: greet | previous action name: action_listen
[state 46] user intent: greet | previous action name: utter_greet
[state 47] user intent: ask_architecture | previous action name: action_listen
[state 48] user intent: ask_architecture | previous action name: utter_architecture_response[0m
2025-03-16 19:14:36,289 [DEBUG]  There is a rule for the next action 'action_listen'.
2025-03-16 19:14:36,290 [DEBUG]  Node 'run_TEDPolicy2' running 'TEDPolicy.predict_action_probabilities'.
2025-03-16 19:14:36,302 [DEBUG]  TED predicted 'action_listen' based on user intent.
2025-03-16 19:14:36,303 [DEBUG]  Node 'select_prediction' running 'DefaultPolicyPredictionEnsemble.combine_predictions_from_kwargs'.
2025-03-16 19:14:36,304 [DEBUG]  Predicted next action using RulePolicy.
2025-03-16 19:14:36,304 [DEBUG]  Predicted next action 'action_listen' with confidence 1.00.
2025-03-16 19:14:36,307 [DEBUG]  [[32m[1mdebug    [0m] [1mprocessor.actions.policy_prediction[0m [36mprediction_events[0m=[35m[][0m
2025-03-16 19:14:36,307 [DEBUG]  [[32m[1mdebug    [0m] [1mprocessor.actions.log         [0m [36maction_name[0m=[35maction_listen[0m [36mrasa_events[0m=[35m[][0m
2025-03-16 19:14:36,308 [DEBUG]  No event broker configured. Skipping streaming events.
2025-03-16 19:14:36,312 [DEBUG]  Deleted lock for conversation 'PractikumStudent'.
2025-03-16 19:14:48,847 [DEBUG]  Issuing ticket for conversation 'PractikumStudent'.
2025-03-16 19:14:48,848 [DEBUG]  Acquiring lock for conversation 'PractikumStudent'.
2025-03-16 19:14:48,849 [DEBUG]  Acquired lock for conversation 'PractikumStudent'.
2025-03-16 19:14:48,849 [DEBUG]  Recreating tracker for id 'PractikumStudent'
2025-03-16 19:14:48,869 [DEBUG]  Running graph with inputs: {'__message__': [<rasa.core.channels.channel.UserMessage object at 0x0000018215D55510>], '__tracker__': <rasa.shared.core.trackers.DialogueStateTracker object at 0x0000018215D56DA0>}, targets: ['run_RegexMessageHandler'] and ExecutionContext(model_id='d1db3d04f01c4ec3a9986afa2e259d30', should_add_diagnostic_data=False, is_finetuning=False, node_name=None).
2025-03-16 19:14:48,871 [DEBUG]  Node 'nlu_message_converter' running 'NLUMessageConverter.convert_user_message'.
2025-03-16 19:14:48,871 [DEBUG]  Node 'run_WhitespaceTokenizer0' running 'WhitespaceTokenizer.process'.
2025-03-16 19:14:48,872 [DEBUG]  Node 'run_RegexFeaturizer1' running 'RegexFeaturizer.process'.
2025-03-16 19:14:48,873 [DEBUG]  Node 'run_LexicalSyntacticFeaturizer2' running 'LexicalSyntacticFeaturizer.process'.
2025-03-16 19:14:48,874 [DEBUG]  Node 'run_CountVectorsFeaturizer3' running 'CountVectorsFeaturizer.process'.
2025-03-16 19:14:48,876 [DEBUG]  Node 'run_LanguageModelFeaturizer4' running 'LanguageModelFeaturizer.process'.
2025-03-16 19:14:49,232 [DEBUG]  Node 'run_DIETClassifier5' running 'DIETClassifier.process'.
2025-03-16 19:14:49,240 [DEBUG]  Node 'run_EntitySynonymMapper6' running 'EntitySynonymMapper.process'.
2025-03-16 19:14:49,240 [DEBUG]  Node 'run_ResponseSelector7' running 'ResponseSelector.process'.
2025-03-16 19:14:49,241 [DEBUG]  There is no trained model for 'ResponseSelector': The component is either not trained or didn't receive enough training data.
2025-03-16 19:14:49,242 [DEBUG]  Adding following selector key to message property: default
2025-03-16 19:14:49,243 [DEBUG]  Node 'domain_provider' running 'DomainProvider.provide_inference'.
2025-03-16 19:14:49,244 [DEBUG]  Node 'run_RegexMessageHandler' running 'RegexMessageHandler.process'.
2025-03-16 19:14:49,245 [DEBUG]  [[32m[1mdebug    [0m] [1mprocessor.message.parse       [0m [36mparse_data_entities[0m=[35m[][0m [36mparse_data_intent[0m=[35m{'name': 'ask_architecture', 'confidence': 0.28485050797462463}[0m [36mparse_data_text[0m=[35mочень интересно[0m
2025-03-16 19:14:49,247 [DEBUG]  Logged UserUtterance - tracker now has 166 events.
2025-03-16 19:14:49,248 [DEBUG]  Validating extracted slots: topic
2025-03-16 19:14:49,248 [DEBUG]  [[32m[1mdebug    [0m] [1mprocessor.extract.slots       [0m [36maction_extract_slot[0m=[35maction_extract_slots[0m [36mlen_extraction_events[0m=[35m1[0m [36mrasa_events[0m=[35m[SlotSet(key: topic, value: очень интересно)][0m
2025-03-16 19:14:49,250 [DEBUG]  Running graph with inputs: {'__tracker__': <rasa.shared.core.trackers.DialogueStateTracker object at 0x0000018215D56DA0>}, targets: ['select_prediction'] and ExecutionContext(model_id='d1db3d04f01c4ec3a9986afa2e259d30', should_add_diagnostic_data=False, is_finetuning=False, node_name=None).
2025-03-16 19:14:49,251 [DEBUG]  Node 'rule_only_data_provider' running 'RuleOnlyDataProvider.provide'.
2025-03-16 19:14:49,252 [DEBUG]  Node 'domain_provider' running 'DomainProvider.provide_inference'.
2025-03-16 19:14:49,253 [DEBUG]  Node 'run_MemoizationPolicy0' running 'MemoizationPolicy.predict_action_probabilities'.
2025-03-16 19:14:49,255 [DEBUG]  [[32m[1mdebug    [0m] [1mmemoization.predict.actions   [0m [36mtracker_states[0m=[35m[{'user': {'intent': 'ask_architecture'}, 'prev_action': {'action_name': 'utter_architecture_response'}}, {'user': {'intent': 'ask_architecture'}, 'prev_action': {'action_name': 'action_listen'}}][0m
2025-03-16 19:14:49,256 [DEBUG]  There is no memorised next action
2025-03-16 19:14:49,257 [DEBUG]  Node 'run_RulePolicy1' running 'RulePolicy.predict_action_probabilities'.
2025-03-16 19:14:49,260 [DEBUG]  [[32m[1mdebug    [0m] [1mrule_policy.actions.find      [0m [36mcurrent_states[0m=[35m
[state 1] user intent: greet | previous action name: action_listen
[state 2] user intent: greet | previous action name: utter_greet
[state 3] user intent: request_info | previous action name: action_listen
[state 4] user intent: request_info | previous action name: utter_ask_more
[state 5] user intent: ask_architecture | previous action name: action_listen
[state 6] user intent: ask_architecture | previous action name: utter_architecture_response
[state 7] user intent: greet | previous action name: action_listen
[state 8] user intent: greet | previous action name: utter_greet
[state 9] user intent: ask_architecture | previous action name: action_listen
[state 10] user intent: ask_architecture | previous action name: utter_architecture_response
[state 11] user intent: ask_architecture | previous action name: action_listen
[state 12] user intent: ask_architecture | previous action name: utter_architecture_response
[state 13] user intent: ask_architecture | previous action name: action_listen
[state 14] user intent: ask_architecture | previous action name: utter_architecture_response
[state 15] user intent: goodbye | previous action name: action_listen
[state 16] user intent: goodbye | previous action name: utter_goodbye
[state 17] user intent: greet | previous action name: action_listen
[state 18] user intent: greet | previous action name: utter_greet
[state 19] user intent: request_info | previous action name: action_listen
[state 20] user intent: request_info | previous action name: utter_ask_more
[state 21] user intent: ask_architecture | previous action name: action_listen
[state 22] user intent: ask_architecture | previous action name: utter_architecture_response
[state 23] user intent: ask_architecture | previous action name: action_listen
[state 24] user intent: ask_architecture | previous action name: utter_architecture_response
[state 25] user intent: greet | previous action name: action_listen
[state 26] user intent: greet | previous action name: utter_greet
[state 27] user intent: ask_architecture | previous action name: action_listen
[state 28] user intent: ask_architecture | previous action name: utter_architecture_response
[state 29] user intent: ask_architecture | previous action name: action_listen
[state 30] user intent: ask_architecture | previous action name: utter_architecture_response
[state 31] user intent: goodbye | previous action name: action_listen
[state 32] user intent: goodbye | previous action name: utter_goodbye
[state 33] user intent: greet | previous action name: action_listen
[state 34] user intent: greet | previous action name: utter_greet
[state 35] user intent: ask_architecture | previous action name: action_listen
[state 36] user intent: ask_architecture | previous action name: utter_architecture_response
[state 37] user intent: greet | previous action name: action_listen
[state 38] user intent: greet | previous action name: utter_greet
[state 39] user intent: ask_architecture | previous action name: action_listen
[state 40] user intent: ask_architecture | previous action name: utter_architecture_response
[state 41] user intent: request_info | previous action name: action_listen
[state 42] user intent: request_info | previous action name: utter_ask_more
[state 43] user intent: ask_architecture | previous action name: action_listen
[state 44] user intent: ask_architecture | previous action name: utter_architecture_response
[state 45] user intent: greet | previous action name: action_listen
[state 46] user intent: greet | previous action name: utter_greet
[state 47] user intent: ask_architecture | previous action name: action_listen
[state 48] user intent: ask_architecture | previous action name: utter_architecture_response
[state 49] user text: очень интересно | previous action name: action_listen[0m
2025-03-16 19:14:49,269 [DEBUG]  There is no applicable rule.
2025-03-16 19:14:49,272 [DEBUG]  [[32m[1mdebug    [0m] [1mrule_policy.actions.find      [0m [36mcurrent_states[0m=[35m
[state 1] user intent: greet | previous action name: action_listen
[state 2] user intent: greet | previous action name: utter_greet
[state 3] user intent: request_info | previous action name: action_listen
[state 4] user intent: request_info | previous action name: utter_ask_more
[state 5] user intent: ask_architecture | previous action name: action_listen
[state 6] user intent: ask_architecture | previous action name: utter_architecture_response
[state 7] user intent: greet | previous action name: action_listen
[state 8] user intent: greet | previous action name: utter_greet
[state 9] user intent: ask_architecture | previous action name: action_listen
[state 10] user intent: ask_architecture | previous action name: utter_architecture_response
[state 11] user intent: ask_architecture | previous action name: action_listen
[state 12] user intent: ask_architecture | previous action name: utter_architecture_response
[state 13] user intent: ask_architecture | previous action name: action_listen
[state 14] user intent: ask_architecture | previous action name: utter_architecture_response
[state 15] user intent: goodbye | previous action name: action_listen
[state 16] user intent: goodbye | previous action name: utter_goodbye
[state 17] user intent: greet | previous action name: action_listen
[state 18] user intent: greet | previous action name: utter_greet
[state 19] user intent: request_info | previous action name: action_listen
[state 20] user intent: request_info | previous action name: utter_ask_more
[state 21] user intent: ask_architecture | previous action name: action_listen
[state 22] user intent: ask_architecture | previous action name: utter_architecture_response
[state 23] user intent: ask_architecture | previous action name: action_listen
[state 24] user intent: ask_architecture | previous action name: utter_architecture_response
[state 25] user intent: greet | previous action name: action_listen
[state 26] user intent: greet | previous action name: utter_greet
[state 27] user intent: ask_architecture | previous action name: action_listen
[state 28] user intent: ask_architecture | previous action name: utter_architecture_response
[state 29] user intent: ask_architecture | previous action name: action_listen
[state 30] user intent: ask_architecture | previous action name: utter_architecture_response
[state 31] user intent: goodbye | previous action name: action_listen
[state 32] user intent: goodbye | previous action name: utter_goodbye
[state 33] user intent: greet | previous action name: action_listen
[state 34] user intent: greet | previous action name: utter_greet
[state 35] user intent: ask_architecture | previous action name: action_listen
[state 36] user intent: ask_architecture | previous action name: utter_architecture_response
[state 37] user intent: greet | previous action name: action_listen
[state 38] user intent: greet | previous action name: utter_greet
[state 39] user intent: ask_architecture | previous action name: action_listen
[state 40] user intent: ask_architecture | previous action name: utter_architecture_response
[state 41] user intent: request_info | previous action name: action_listen
[state 42] user intent: request_info | previous action name: utter_ask_more
[state 43] user intent: ask_architecture | previous action name: action_listen
[state 44] user intent: ask_architecture | previous action name: utter_architecture_response
[state 45] user intent: greet | previous action name: action_listen
[state 46] user intent: greet | previous action name: utter_greet
[state 47] user intent: ask_architecture | previous action name: action_listen
[state 48] user intent: ask_architecture | previous action name: utter_architecture_response
[state 49] user intent: ask_architecture | previous action name: action_listen[0m
2025-03-16 19:14:49,282 [DEBUG]  There is a rule for the next action 'utter_architecture_response'.
2025-03-16 19:14:49,283 [DEBUG]  Node 'run_TEDPolicy2' running 'TEDPolicy.predict_action_probabilities'.
2025-03-16 19:14:49,292 [DEBUG]  TED predicted 'utter_architecture_response' based on user intent.
2025-03-16 19:14:49,293 [DEBUG]  Node 'select_prediction' running 'DefaultPolicyPredictionEnsemble.combine_predictions_from_kwargs'.
2025-03-16 19:14:49,294 [DEBUG]  Made prediction using user intent.
2025-03-16 19:14:49,294 [DEBUG]  Added `DefinePrevUserUtteredFeaturization(False)` event.
2025-03-16 19:14:49,295 [DEBUG]  Predicted next action using RulePolicy.
2025-03-16 19:14:49,296 [DEBUG]  Predicted next action 'utter_architecture_response' with confidence 1.00.
2025-03-16 19:14:49,298 [DEBUG]  [[32m[1mdebug    [0m] [1mprocessor.actions.policy_prediction[0m [36mprediction_events[0m=[35m[<rasa.shared.core.events.DefinePrevUserUtteredFeaturization object at 0x000001821CE81D20>][0m
2025-03-16 19:14:49,300 [DEBUG]  [[32m[1mdebug    [0m] [1mprocessor.actions.log         [0m [36maction_name[0m=[35mutter_architecture_response[0m [36mrasa_events[0m=[35m[BotUttered('Архитектура ПО включает выбор структур, которые обеспечивают масштабируемость, гибкость и поддерживаемость приложения. Задайте конкретный вопрос по этой теме, и я помогу вам с информацией.', {"elements": null, "quick_replies": null, "buttons": null, "attachment": null, "image": null, "custom": null}, {"utter_action": "utter_architecture_response"}, 1742174089.298292)][0m
2025-03-16 19:14:49,301 [DEBUG]  Running graph with inputs: {'__tracker__': <rasa.shared.core.trackers.DialogueStateTracker object at 0x0000018215D56DA0>}, targets: ['select_prediction'] and ExecutionContext(model_id='d1db3d04f01c4ec3a9986afa2e259d30', should_add_diagnostic_data=False, is_finetuning=False, node_name=None).
2025-03-16 19:14:49,302 [DEBUG]  Node 'rule_only_data_provider' running 'RuleOnlyDataProvider.provide'.
2025-03-16 19:14:49,303 [DEBUG]  Node 'domain_provider' running 'DomainProvider.provide_inference'.
2025-03-16 19:14:49,304 [DEBUG]  Node 'run_MemoizationPolicy0' running 'MemoizationPolicy.predict_action_probabilities'.
2025-03-16 19:14:49,306 [DEBUG]  [[32m[1mdebug    [0m] [1mmemoization.predict.actions   [0m [36mtracker_states[0m=[35m[{'user': {'intent': 'ask_architecture'}, 'prev_action': {'action_name': 'action_listen'}}, {'user': {'intent': 'ask_architecture'}, 'prev_action': {'action_name': 'utter_architecture_response'}}][0m
2025-03-16 19:14:49,307 [DEBUG]  There is a memorised next action 'action_listen'
2025-03-16 19:14:49,308 [DEBUG]  Node 'run_RulePolicy1' running 'RulePolicy.predict_action_probabilities'.
2025-03-16 19:14:49,311 [DEBUG]  [[32m[1mdebug    [0m] [1mrule_policy.actions.find      [0m [36mcurrent_states[0m=[35m
[state 1] user intent: greet | previous action name: action_listen
[state 2] user intent: greet | previous action name: utter_greet
[state 3] user intent: request_info | previous action name: action_listen
[state 4] user intent: request_info | previous action name: utter_ask_more
[state 5] user intent: ask_architecture | previous action name: action_listen
[state 6] user intent: ask_architecture | previous action name: utter_architecture_response
[state 7] user intent: greet | previous action name: action_listen
[state 8] user intent: greet | previous action name: utter_greet
[state 9] user intent: ask_architecture | previous action name: action_listen
[state 10] user intent: ask_architecture | previous action name: utter_architecture_response
[state 11] user intent: ask_architecture | previous action name: action_listen
[state 12] user intent: ask_architecture | previous action name: utter_architecture_response
[state 13] user intent: ask_architecture | previous action name: action_listen
[state 14] user intent: ask_architecture | previous action name: utter_architecture_response
[state 15] user intent: goodbye | previous action name: action_listen
[state 16] user intent: goodbye | previous action name: utter_goodbye
[state 17] user intent: greet | previous action name: action_listen
[state 18] user intent: greet | previous action name: utter_greet
[state 19] user intent: request_info | previous action name: action_listen
[state 20] user intent: request_info | previous action name: utter_ask_more
[state 21] user intent: ask_architecture | previous action name: action_listen
[state 22] user intent: ask_architecture | previous action name: utter_architecture_response
[state 23] user intent: ask_architecture | previous action name: action_listen
[state 24] user intent: ask_architecture | previous action name: utter_architecture_response
[state 25] user intent: greet | previous action name: action_listen
[state 26] user intent: greet | previous action name: utter_greet
[state 27] user intent: ask_architecture | previous action name: action_listen
[state 28] user intent: ask_architecture | previous action name: utter_architecture_response
[state 29] user intent: ask_architecture | previous action name: action_listen
[state 30] user intent: ask_architecture | previous action name: utter_architecture_response
[state 31] user intent: goodbye | previous action name: action_listen
[state 32] user intent: goodbye | previous action name: utter_goodbye
[state 33] user intent: greet | previous action name: action_listen
[state 34] user intent: greet | previous action name: utter_greet
[state 35] user intent: ask_architecture | previous action name: action_listen
[state 36] user intent: ask_architecture | previous action name: utter_architecture_response
[state 37] user intent: greet | previous action name: action_listen
[state 38] user intent: greet | previous action name: utter_greet
[state 39] user intent: ask_architecture | previous action name: action_listen
[state 40] user intent: ask_architecture | previous action name: utter_architecture_response
[state 41] user intent: request_info | previous action name: action_listen
[state 42] user intent: request_info | previous action name: utter_ask_more
[state 43] user intent: ask_architecture | previous action name: action_listen
[state 44] user intent: ask_architecture | previous action name: utter_architecture_response
[state 45] user intent: greet | previous action name: action_listen
[state 46] user intent: greet | previous action name: utter_greet
[state 47] user intent: ask_architecture | previous action name: action_listen
[state 48] user intent: ask_architecture | previous action name: utter_architecture_response
[state 49] user intent: ask_architecture | previous action name: action_listen
[state 50] user intent: ask_architecture | previous action name: utter_architecture_response[0m
2025-03-16 19:14:49,320 [DEBUG]  There is a rule for the next action 'action_listen'.
2025-03-16 19:14:49,321 [DEBUG]  Node 'run_TEDPolicy2' running 'TEDPolicy.predict_action_probabilities'.
2025-03-16 19:14:49,332 [DEBUG]  TED predicted 'action_listen' based on user intent.
2025-03-16 19:14:49,333 [DEBUG]  Node 'select_prediction' running 'DefaultPolicyPredictionEnsemble.combine_predictions_from_kwargs'.
2025-03-16 19:14:49,333 [DEBUG]  Predicted next action using RulePolicy.
2025-03-16 19:14:49,334 [DEBUG]  Predicted next action 'action_listen' with confidence 1.00.
2025-03-16 19:14:49,336 [DEBUG]  [[32m[1mdebug    [0m] [1mprocessor.actions.policy_prediction[0m [36mprediction_events[0m=[35m[][0m
2025-03-16 19:14:49,337 [DEBUG]  [[32m[1mdebug    [0m] [1mprocessor.actions.log         [0m [36maction_name[0m=[35maction_listen[0m [36mrasa_events[0m=[35m[][0m
2025-03-16 19:14:49,338 [DEBUG]  No event broker configured. Skipping streaming events.
2025-03-16 19:14:49,342 [DEBUG]  Deleted lock for conversation 'PractikumStudent'.
2025-03-16 19:14:54,043 [DEBUG]  Issuing ticket for conversation 'PractikumStudent'.
2025-03-16 19:14:54,044 [DEBUG]  Acquiring lock for conversation 'PractikumStudent'.
2025-03-16 19:14:54,045 [DEBUG]  Acquired lock for conversation 'PractikumStudent'.
2025-03-16 19:14:54,046 [DEBUG]  Recreating tracker for id 'PractikumStudent'
2025-03-16 19:14:54,067 [DEBUG]  Running graph with inputs: {'__message__': [<rasa.core.channels.channel.UserMessage object at 0x0000018218979930>], '__tracker__': <rasa.shared.core.trackers.DialogueStateTracker object at 0x00000182189791B0>}, targets: ['run_RegexMessageHandler'] and ExecutionContext(model_id='d1db3d04f01c4ec3a9986afa2e259d30', should_add_diagnostic_data=False, is_finetuning=False, node_name=None).
2025-03-16 19:14:54,068 [DEBUG]  Node 'nlu_message_converter' running 'NLUMessageConverter.convert_user_message'.
2025-03-16 19:14:54,069 [DEBUG]  Node 'run_WhitespaceTokenizer0' running 'WhitespaceTokenizer.process'.
2025-03-16 19:14:54,070 [DEBUG]  Node 'run_RegexFeaturizer1' running 'RegexFeaturizer.process'.
2025-03-16 19:14:54,071 [DEBUG]  Node 'run_LexicalSyntacticFeaturizer2' running 'LexicalSyntacticFeaturizer.process'.
2025-03-16 19:14:54,072 [DEBUG]  Node 'run_CountVectorsFeaturizer3' running 'CountVectorsFeaturizer.process'.
2025-03-16 19:14:54,073 [DEBUG]  Node 'run_LanguageModelFeaturizer4' running 'LanguageModelFeaturizer.process'.
2025-03-16 19:14:54,410 [DEBUG]  Node 'run_DIETClassifier5' running 'DIETClassifier.process'.
2025-03-16 19:14:54,417 [DEBUG]  Node 'run_EntitySynonymMapper6' running 'EntitySynonymMapper.process'.
2025-03-16 19:14:54,418 [DEBUG]  Node 'run_ResponseSelector7' running 'ResponseSelector.process'.
2025-03-16 19:14:54,419 [DEBUG]  There is no trained model for 'ResponseSelector': The component is either not trained or didn't receive enough training data.
2025-03-16 19:14:54,420 [DEBUG]  Adding following selector key to message property: default
2025-03-16 19:14:54,421 [DEBUG]  Node 'domain_provider' running 'DomainProvider.provide_inference'.
2025-03-16 19:14:54,422 [DEBUG]  Node 'run_RegexMessageHandler' running 'RegexMessageHandler.process'.
2025-03-16 19:14:54,423 [DEBUG]  [[32m[1mdebug    [0m] [1mprocessor.message.parse       [0m [36mparse_data_entities[0m=[35m[][0m [36mparse_data_intent[0m=[35m{'name': 'greet', 'confidence': 0.22828812897205353}[0m [36mparse_data_text[0m=[35mда да[0m
2025-03-16 19:14:54,424 [DEBUG]  Logged UserUtterance - tracker now has 172 events.
2025-03-16 19:14:54,425 [DEBUG]  Validating extracted slots: topic
2025-03-16 19:14:54,426 [DEBUG]  [[32m[1mdebug    [0m] [1mprocessor.extract.slots       [0m [36maction_extract_slot[0m=[35maction_extract_slots[0m [36mlen_extraction_events[0m=[35m1[0m [36mrasa_events[0m=[35m[SlotSet(key: topic, value: да да)][0m
2025-03-16 19:14:54,427 [DEBUG]  Running graph with inputs: {'__tracker__': <rasa.shared.core.trackers.DialogueStateTracker object at 0x00000182189791B0>}, targets: ['select_prediction'] and ExecutionContext(model_id='d1db3d04f01c4ec3a9986afa2e259d30', should_add_diagnostic_data=False, is_finetuning=False, node_name=None).
2025-03-16 19:14:54,428 [DEBUG]  Node 'rule_only_data_provider' running 'RuleOnlyDataProvider.provide'.
2025-03-16 19:14:54,429 [DEBUG]  Node 'domain_provider' running 'DomainProvider.provide_inference'.
2025-03-16 19:14:54,430 [DEBUG]  Node 'run_MemoizationPolicy0' running 'MemoizationPolicy.predict_action_probabilities'.
2025-03-16 19:14:54,435 [DEBUG]  [[32m[1mdebug    [0m] [1mmemoization.predict.actions   [0m [36mtracker_states[0m=[35m[{'user': {'intent': 'ask_architecture'}, 'prev_action': {'action_name': 'utter_architecture_response'}}, {'user': {'intent': 'greet'}, 'prev_action': {'action_name': 'action_listen'}}][0m
2025-03-16 19:14:54,437 [DEBUG]  There is no memorised next action
2025-03-16 19:14:54,438 [DEBUG]  Node 'run_RulePolicy1' running 'RulePolicy.predict_action_probabilities'.
2025-03-16 19:14:54,440 [DEBUG]  [[32m[1mdebug    [0m] [1mrule_policy.actions.find      [0m [36mcurrent_states[0m=[35m
[state 1] user intent: greet | previous action name: action_listen
[state 2] user intent: greet | previous action name: utter_greet
[state 3] user intent: request_info | previous action name: action_listen
[state 4] user intent: request_info | previous action name: utter_ask_more
[state 5] user intent: ask_architecture | previous action name: action_listen
[state 6] user intent: ask_architecture | previous action name: utter_architecture_response
[state 7] user intent: greet | previous action name: action_listen
[state 8] user intent: greet | previous action name: utter_greet
[state 9] user intent: ask_architecture | previous action name: action_listen
[state 10] user intent: ask_architecture | previous action name: utter_architecture_response
[state 11] user intent: ask_architecture | previous action name: action_listen
[state 12] user intent: ask_architecture | previous action name: utter_architecture_response
[state 13] user intent: ask_architecture | previous action name: action_listen
[state 14] user intent: ask_architecture | previous action name: utter_architecture_response
[state 15] user intent: goodbye | previous action name: action_listen
[state 16] user intent: goodbye | previous action name: utter_goodbye
[state 17] user intent: greet | previous action name: action_listen
[state 18] user intent: greet | previous action name: utter_greet
[state 19] user intent: request_info | previous action name: action_listen
[state 20] user intent: request_info | previous action name: utter_ask_more
[state 21] user intent: ask_architecture | previous action name: action_listen
[state 22] user intent: ask_architecture | previous action name: utter_architecture_response
[state 23] user intent: ask_architecture | previous action name: action_listen
[state 24] user intent: ask_architecture | previous action name: utter_architecture_response
[state 25] user intent: greet | previous action name: action_listen
[state 26] user intent: greet | previous action name: utter_greet
[state 27] user intent: ask_architecture | previous action name: action_listen
[state 28] user intent: ask_architecture | previous action name: utter_architecture_response
[state 29] user intent: ask_architecture | previous action name: action_listen
[state 30] user intent: ask_architecture | previous action name: utter_architecture_response
[state 31] user intent: goodbye | previous action name: action_listen
[state 32] user intent: goodbye | previous action name: utter_goodbye
[state 33] user intent: greet | previous action name: action_listen
[state 34] user intent: greet | previous action name: utter_greet
[state 35] user intent: ask_architecture | previous action name: action_listen
[state 36] user intent: ask_architecture | previous action name: utter_architecture_response
[state 37] user intent: greet | previous action name: action_listen
[state 38] user intent: greet | previous action name: utter_greet
[state 39] user intent: ask_architecture | previous action name: action_listen
[state 40] user intent: ask_architecture | previous action name: utter_architecture_response
[state 41] user intent: request_info | previous action name: action_listen
[state 42] user intent: request_info | previous action name: utter_ask_more
[state 43] user intent: ask_architecture | previous action name: action_listen
[state 44] user intent: ask_architecture | previous action name: utter_architecture_response
[state 45] user intent: greet | previous action name: action_listen
[state 46] user intent: greet | previous action name: utter_greet
[state 47] user intent: ask_architecture | previous action name: action_listen
[state 48] user intent: ask_architecture | previous action name: utter_architecture_response
[state 49] user intent: ask_architecture | previous action name: action_listen
[state 50] user intent: ask_architecture | previous action name: utter_architecture_response
[state 51] user text: да да | previous action name: action_listen[0m
2025-03-16 19:14:54,449 [DEBUG]  There is no applicable rule.
2025-03-16 19:14:54,453 [DEBUG]  [[32m[1mdebug    [0m] [1mrule_policy.actions.find      [0m [36mcurrent_states[0m=[35m
[state 1] user intent: greet | previous action name: action_listen
[state 2] user intent: greet | previous action name: utter_greet
[state 3] user intent: request_info | previous action name: action_listen
[state 4] user intent: request_info | previous action name: utter_ask_more
[state 5] user intent: ask_architecture | previous action name: action_listen
[state 6] user intent: ask_architecture | previous action name: utter_architecture_response
[state 7] user intent: greet | previous action name: action_listen
[state 8] user intent: greet | previous action name: utter_greet
[state 9] user intent: ask_architecture | previous action name: action_listen
[state 10] user intent: ask_architecture | previous action name: utter_architecture_response
[state 11] user intent: ask_architecture | previous action name: action_listen
[state 12] user intent: ask_architecture | previous action name: utter_architecture_response
[state 13] user intent: ask_architecture | previous action name: action_listen
[state 14] user intent: ask_architecture | previous action name: utter_architecture_response
[state 15] user intent: goodbye | previous action name: action_listen
[state 16] user intent: goodbye | previous action name: utter_goodbye
[state 17] user intent: greet | previous action name: action_listen
[state 18] user intent: greet | previous action name: utter_greet
[state 19] user intent: request_info | previous action name: action_listen
[state 20] user intent: request_info | previous action name: utter_ask_more
[state 21] user intent: ask_architecture | previous action name: action_listen
[state 22] user intent: ask_architecture | previous action name: utter_architecture_response
[state 23] user intent: ask_architecture | previous action name: action_listen
[state 24] user intent: ask_architecture | previous action name: utter_architecture_response
[state 25] user intent: greet | previous action name: action_listen
[state 26] user intent: greet | previous action name: utter_greet
[state 27] user intent: ask_architecture | previous action name: action_listen
[state 28] user intent: ask_architecture | previous action name: utter_architecture_response
[state 29] user intent: ask_architecture | previous action name: action_listen
[state 30] user intent: ask_architecture | previous action name: utter_architecture_response
[state 31] user intent: goodbye | previous action name: action_listen
[state 32] user intent: goodbye | previous action name: utter_goodbye
[state 33] user intent: greet | previous action name: action_listen
[state 34] user intent: greet | previous action name: utter_greet
[state 35] user intent: ask_architecture | previous action name: action_listen
[state 36] user intent: ask_architecture | previous action name: utter_architecture_response
[state 37] user intent: greet | previous action name: action_listen
[state 38] user intent: greet | previous action name: utter_greet
[state 39] user intent: ask_architecture | previous action name: action_listen
[state 40] user intent: ask_architecture | previous action name: utter_architecture_response
[state 41] user intent: request_info | previous action name: action_listen
[state 42] user intent: request_info | previous action name: utter_ask_more
[state 43] user intent: ask_architecture | previous action name: action_listen
[state 44] user intent: ask_architecture | previous action name: utter_architecture_response
[state 45] user intent: greet | previous action name: action_listen
[state 46] user intent: greet | previous action name: utter_greet
[state 47] user intent: ask_architecture | previous action name: action_listen
[state 48] user intent: ask_architecture | previous action name: utter_architecture_response
[state 49] user intent: ask_architecture | previous action name: action_listen
[state 50] user intent: ask_architecture | previous action name: utter_architecture_response
[state 51] user intent: greet | previous action name: action_listen[0m
2025-03-16 19:14:54,462 [DEBUG]  There is a rule for the next action 'utter_greet'.
2025-03-16 19:14:54,463 [DEBUG]  Node 'run_TEDPolicy2' running 'TEDPolicy.predict_action_probabilities'.
2025-03-16 19:14:54,473 [DEBUG]  TED predicted 'utter_greet' based on user intent.
2025-03-16 19:14:54,474 [DEBUG]  Node 'select_prediction' running 'DefaultPolicyPredictionEnsemble.combine_predictions_from_kwargs'.
2025-03-16 19:14:54,474 [DEBUG]  Made prediction using user intent.
2025-03-16 19:14:54,475 [DEBUG]  Added `DefinePrevUserUtteredFeaturization(False)` event.
2025-03-16 19:14:54,476 [DEBUG]  Predicted next action using RulePolicy.
2025-03-16 19:14:54,476 [DEBUG]  Predicted next action 'utter_greet' with confidence 1.00.
2025-03-16 19:14:54,480 [DEBUG]  [[32m[1mdebug    [0m] [1mprocessor.actions.policy_prediction[0m [36mprediction_events[0m=[35m[<rasa.shared.core.events.DefinePrevUserUtteredFeaturization object at 0x000001821CE81CC0>][0m
2025-03-16 19:14:54,481 [DEBUG]  [[32m[1mdebug    [0m] [1mprocessor.actions.log         [0m [36maction_name[0m=[35mutter_greet[0m [36mrasa_events[0m=[35m[BotUttered('Привет! Чем могу помочь в области архитектуры программного обеспечения?', {"elements": null, "quick_replies": null, "buttons": null, "attachment": null, "image": null, "custom": null}, {"utter_action": "utter_greet"}, 1742174094.4792194)][0m
2025-03-16 19:14:54,483 [DEBUG]  Running graph with inputs: {'__tracker__': <rasa.shared.core.trackers.DialogueStateTracker object at 0x00000182189791B0>}, targets: ['select_prediction'] and ExecutionContext(model_id='d1db3d04f01c4ec3a9986afa2e259d30', should_add_diagnostic_data=False, is_finetuning=False, node_name=None).
2025-03-16 19:14:54,485 [DEBUG]  Node 'rule_only_data_provider' running 'RuleOnlyDataProvider.provide'.
2025-03-16 19:14:54,485 [DEBUG]  Node 'domain_provider' running 'DomainProvider.provide_inference'.
2025-03-16 19:14:54,486 [DEBUG]  Node 'run_MemoizationPolicy0' running 'MemoizationPolicy.predict_action_probabilities'.
2025-03-16 19:14:54,490 [DEBUG]  [[32m[1mdebug    [0m] [1mmemoization.predict.actions   [0m [36mtracker_states[0m=[35m[{'user': {'intent': 'greet'}, 'prev_action': {'action_name': 'action_listen'}}, {'user': {'intent': 'greet'}, 'prev_action': {'action_name': 'utter_greet'}}][0m
2025-03-16 19:14:54,492 [DEBUG]  There is a memorised next action 'action_listen'
2025-03-16 19:14:54,492 [DEBUG]  Node 'run_RulePolicy1' running 'RulePolicy.predict_action_probabilities'.
2025-03-16 19:14:54,495 [DEBUG]  [[32m[1mdebug    [0m] [1mrule_policy.actions.find      [0m [36mcurrent_states[0m=[35m
[state 1] user intent: greet | previous action name: action_listen
[state 2] user intent: greet | previous action name: utter_greet
[state 3] user intent: request_info | previous action name: action_listen
[state 4] user intent: request_info | previous action name: utter_ask_more
[state 5] user intent: ask_architecture | previous action name: action_listen
[state 6] user intent: ask_architecture | previous action name: utter_architecture_response
[state 7] user intent: greet | previous action name: action_listen
[state 8] user intent: greet | previous action name: utter_greet
[state 9] user intent: ask_architecture | previous action name: action_listen
[state 10] user intent: ask_architecture | previous action name: utter_architecture_response
[state 11] user intent: ask_architecture | previous action name: action_listen
[state 12] user intent: ask_architecture | previous action name: utter_architecture_response
[state 13] user intent: ask_architecture | previous action name: action_listen
[state 14] user intent: ask_architecture | previous action name: utter_architecture_response
[state 15] user intent: goodbye | previous action name: action_listen
[state 16] user intent: goodbye | previous action name: utter_goodbye
[state 17] user intent: greet | previous action name: action_listen
[state 18] user intent: greet | previous action name: utter_greet
[state 19] user intent: request_info | previous action name: action_listen
[state 20] user intent: request_info | previous action name: utter_ask_more
[state 21] user intent: ask_architecture | previous action name: action_listen
[state 22] user intent: ask_architecture | previous action name: utter_architecture_response
[state 23] user intent: ask_architecture | previous action name: action_listen
[state 24] user intent: ask_architecture | previous action name: utter_architecture_response
[state 25] user intent: greet | previous action name: action_listen
[state 26] user intent: greet | previous action name: utter_greet
[state 27] user intent: ask_architecture | previous action name: action_listen
[state 28] user intent: ask_architecture | previous action name: utter_architecture_response
[state 29] user intent: ask_architecture | previous action name: action_listen
[state 30] user intent: ask_architecture | previous action name: utter_architecture_response
[state 31] user intent: goodbye | previous action name: action_listen
[state 32] user intent: goodbye | previous action name: utter_goodbye
[state 33] user intent: greet | previous action name: action_listen
[state 34] user intent: greet | previous action name: utter_greet
[state 35] user intent: ask_architecture | previous action name: action_listen
[state 36] user intent: ask_architecture | previous action name: utter_architecture_response
[state 37] user intent: greet | previous action name: action_listen
[state 38] user intent: greet | previous action name: utter_greet
[state 39] user intent: ask_architecture | previous action name: action_listen
[state 40] user intent: ask_architecture | previous action name: utter_architecture_response
[state 41] user intent: request_info | previous action name: action_listen
[state 42] user intent: request_info | previous action name: utter_ask_more
[state 43] user intent: ask_architecture | previous action name: action_listen
[state 44] user intent: ask_architecture | previous action name: utter_architecture_response
[state 45] user intent: greet | previous action name: action_listen
[state 46] user intent: greet | previous action name: utter_greet
[state 47] user intent: ask_architecture | previous action name: action_listen
[state 48] user intent: ask_architecture | previous action name: utter_architecture_response
[state 49] user intent: ask_architecture | previous action name: action_listen
[state 50] user intent: ask_architecture | previous action name: utter_architecture_response
[state 51] user intent: greet | previous action name: action_listen
[state 52] user intent: greet | previous action name: utter_greet[0m
2025-03-16 19:14:54,505 [DEBUG]  There is a rule for the next action 'action_listen'.
2025-03-16 19:14:54,506 [DEBUG]  Node 'run_TEDPolicy2' running 'TEDPolicy.predict_action_probabilities'.
2025-03-16 19:14:54,516 [DEBUG]  TED predicted 'action_listen' based on user intent.
2025-03-16 19:14:54,517 [DEBUG]  Node 'select_prediction' running 'DefaultPolicyPredictionEnsemble.combine_predictions_from_kwargs'.
2025-03-16 19:14:54,518 [DEBUG]  Predicted next action using RulePolicy.
2025-03-16 19:14:54,519 [DEBUG]  Predicted next action 'action_listen' with confidence 1.00.
2025-03-16 19:14:54,521 [DEBUG]  [[32m[1mdebug    [0m] [1mprocessor.actions.policy_prediction[0m [36mprediction_events[0m=[35m[][0m
2025-03-16 19:14:54,522 [DEBUG]  [[32m[1mdebug    [0m] [1mprocessor.actions.log         [0m [36maction_name[0m=[35maction_listen[0m [36mrasa_events[0m=[35m[][0m
2025-03-16 19:14:54,523 [DEBUG]  No event broker configured. Skipping streaming events.
2025-03-16 19:14:54,527 [DEBUG]  Deleted lock for conversation 'PractikumStudent'.
2025-03-16 19:15:23,938 [DEBUG]  Issuing ticket for conversation 'PractikumStudent'.
2025-03-16 19:15:23,939 [DEBUG]  Acquiring lock for conversation 'PractikumStudent'.
2025-03-16 19:15:23,940 [DEBUG]  Acquired lock for conversation 'PractikumStudent'.
2025-03-16 19:15:23,940 [DEBUG]  Recreating tracker for id 'PractikumStudent'
2025-03-16 19:15:23,963 [DEBUG]  Running graph with inputs: {'__message__': [<rasa.core.channels.channel.UserMessage object at 0x0000018210F9AA40>], '__tracker__': <rasa.shared.core.trackers.DialogueStateTracker object at 0x0000018215D57010>}, targets: ['run_RegexMessageHandler'] and ExecutionContext(model_id='d1db3d04f01c4ec3a9986afa2e259d30', should_add_diagnostic_data=False, is_finetuning=False, node_name=None).
2025-03-16 19:15:23,965 [DEBUG]  Node 'nlu_message_converter' running 'NLUMessageConverter.convert_user_message'.
2025-03-16 19:15:23,966 [DEBUG]  Node 'run_WhitespaceTokenizer0' running 'WhitespaceTokenizer.process'.
2025-03-16 19:15:23,967 [DEBUG]  Node 'run_RegexFeaturizer1' running 'RegexFeaturizer.process'.
2025-03-16 19:15:23,968 [DEBUG]  Node 'run_LexicalSyntacticFeaturizer2' running 'LexicalSyntacticFeaturizer.process'.
2025-03-16 19:15:23,969 [DEBUG]  Node 'run_CountVectorsFeaturizer3' running 'CountVectorsFeaturizer.process'.
2025-03-16 19:15:23,970 [DEBUG]  Node 'run_LanguageModelFeaturizer4' running 'LanguageModelFeaturizer.process'.
2025-03-16 19:15:24,333 [DEBUG]  Node 'run_DIETClassifier5' running 'DIETClassifier.process'.
2025-03-16 19:15:24,340 [DEBUG]  Node 'run_EntitySynonymMapper6' running 'EntitySynonymMapper.process'.
2025-03-16 19:15:24,341 [DEBUG]  Node 'run_ResponseSelector7' running 'ResponseSelector.process'.
2025-03-16 19:15:24,342 [DEBUG]  There is no trained model for 'ResponseSelector': The component is either not trained or didn't receive enough training data.
2025-03-16 19:15:24,343 [DEBUG]  Adding following selector key to message property: default
2025-03-16 19:15:24,343 [DEBUG]  Node 'domain_provider' running 'DomainProvider.provide_inference'.
2025-03-16 19:15:24,344 [DEBUG]  Node 'run_RegexMessageHandler' running 'RegexMessageHandler.process'.
2025-03-16 19:15:24,345 [DEBUG]  [[32m[1mdebug    [0m] [1mprocessor.message.parse       [0m [36mparse_data_entities[0m=[35m[][0m [36mparse_data_intent[0m=[35m{'name': 'request_info', 'confidence': 0.2591044008731842}[0m [36mparse_data_text[0m=[35mрасскажи поподробнее[0m
2025-03-16 19:15:24,347 [DEBUG]  Logged UserUtterance - tracker now has 178 events.
2025-03-16 19:15:24,347 [DEBUG]  Validating extracted slots: topic
2025-03-16 19:15:24,348 [DEBUG]  [[32m[1mdebug    [0m] [1mprocessor.extract.slots       [0m [36maction_extract_slot[0m=[35maction_extract_slots[0m [36mlen_extraction_events[0m=[35m1[0m [36mrasa_events[0m=[35m[SlotSet(key: topic, value: расскажи поподробнее)][0m
2025-03-16 19:15:24,349 [DEBUG]  Running graph with inputs: {'__tracker__': <rasa.shared.core.trackers.DialogueStateTracker object at 0x0000018215D57010>}, targets: ['select_prediction'] and ExecutionContext(model_id='d1db3d04f01c4ec3a9986afa2e259d30', should_add_diagnostic_data=False, is_finetuning=False, node_name=None).
2025-03-16 19:15:24,351 [DEBUG]  Node 'rule_only_data_provider' running 'RuleOnlyDataProvider.provide'.
2025-03-16 19:15:24,351 [DEBUG]  Node 'domain_provider' running 'DomainProvider.provide_inference'.
2025-03-16 19:15:24,352 [DEBUG]  Node 'run_MemoizationPolicy0' running 'MemoizationPolicy.predict_action_probabilities'.
2025-03-16 19:15:24,355 [DEBUG]  [[32m[1mdebug    [0m] [1mmemoization.predict.actions   [0m [36mtracker_states[0m=[35m[{'user': {'intent': 'greet'}, 'prev_action': {'action_name': 'utter_greet'}}, {'user': {'intent': 'request_info'}, 'prev_action': {'action_name': 'action_listen'}}][0m
2025-03-16 19:15:24,356 [DEBUG]  There is no memorised next action
2025-03-16 19:15:24,357 [DEBUG]  Node 'run_RulePolicy1' running 'RulePolicy.predict_action_probabilities'.
2025-03-16 19:15:24,360 [DEBUG]  [[32m[1mdebug    [0m] [1mrule_policy.actions.find      [0m [36mcurrent_states[0m=[35m
[state 1] user intent: greet | previous action name: action_listen
[state 2] user intent: greet | previous action name: utter_greet
[state 3] user intent: request_info | previous action name: action_listen
[state 4] user intent: request_info | previous action name: utter_ask_more
[state 5] user intent: ask_architecture | previous action name: action_listen
[state 6] user intent: ask_architecture | previous action name: utter_architecture_response
[state 7] user intent: greet | previous action name: action_listen
[state 8] user intent: greet | previous action name: utter_greet
[state 9] user intent: ask_architecture | previous action name: action_listen
[state 10] user intent: ask_architecture | previous action name: utter_architecture_response
[state 11] user intent: ask_architecture | previous action name: action_listen
[state 12] user intent: ask_architecture | previous action name: utter_architecture_response
[state 13] user intent: ask_architecture | previous action name: action_listen
[state 14] user intent: ask_architecture | previous action name: utter_architecture_response
[state 15] user intent: goodbye | previous action name: action_listen
[state 16] user intent: goodbye | previous action name: utter_goodbye
[state 17] user intent: greet | previous action name: action_listen
[state 18] user intent: greet | previous action name: utter_greet
[state 19] user intent: request_info | previous action name: action_listen
[state 20] user intent: request_info | previous action name: utter_ask_more
[state 21] user intent: ask_architecture | previous action name: action_listen
[state 22] user intent: ask_architecture | previous action name: utter_architecture_response
[state 23] user intent: ask_architecture | previous action name: action_listen
[state 24] user intent: ask_architecture | previous action name: utter_architecture_response
[state 25] user intent: greet | previous action name: action_listen
[state 26] user intent: greet | previous action name: utter_greet
[state 27] user intent: ask_architecture | previous action name: action_listen
[state 28] user intent: ask_architecture | previous action name: utter_architecture_response
[state 29] user intent: ask_architecture | previous action name: action_listen
[state 30] user intent: ask_architecture | previous action name: utter_architecture_response
[state 31] user intent: goodbye | previous action name: action_listen
[state 32] user intent: goodbye | previous action name: utter_goodbye
[state 33] user intent: greet | previous action name: action_listen
[state 34] user intent: greet | previous action name: utter_greet
[state 35] user intent: ask_architecture | previous action name: action_listen
[state 36] user intent: ask_architecture | previous action name: utter_architecture_response
[state 37] user intent: greet | previous action name: action_listen
[state 38] user intent: greet | previous action name: utter_greet
[state 39] user intent: ask_architecture | previous action name: action_listen
[state 40] user intent: ask_architecture | previous action name: utter_architecture_response
[state 41] user intent: request_info | previous action name: action_listen
[state 42] user intent: request_info | previous action name: utter_ask_more
[state 43] user intent: ask_architecture | previous action name: action_listen
[state 44] user intent: ask_architecture | previous action name: utter_architecture_response
[state 45] user intent: greet | previous action name: action_listen
[state 46] user intent: greet | previous action name: utter_greet
[state 47] user intent: ask_architecture | previous action name: action_listen
[state 48] user intent: ask_architecture | previous action name: utter_architecture_response
[state 49] user intent: ask_architecture | previous action name: action_listen
[state 50] user intent: ask_architecture | previous action name: utter_architecture_response
[state 51] user intent: greet | previous action name: action_listen
[state 52] user intent: greet | previous action name: utter_greet
[state 53] user text: расскажи поподробнее | previous action name: action_listen[0m
2025-03-16 19:15:24,370 [DEBUG]  There is no applicable rule.
2025-03-16 19:15:24,374 [DEBUG]  [[32m[1mdebug    [0m] [1mrule_policy.actions.find      [0m [36mcurrent_states[0m=[35m
[state 1] user intent: greet | previous action name: action_listen
[state 2] user intent: greet | previous action name: utter_greet
[state 3] user intent: request_info | previous action name: action_listen
[state 4] user intent: request_info | previous action name: utter_ask_more
[state 5] user intent: ask_architecture | previous action name: action_listen
[state 6] user intent: ask_architecture | previous action name: utter_architecture_response
[state 7] user intent: greet | previous action name: action_listen
[state 8] user intent: greet | previous action name: utter_greet
[state 9] user intent: ask_architecture | previous action name: action_listen
[state 10] user intent: ask_architecture | previous action name: utter_architecture_response
[state 11] user intent: ask_architecture | previous action name: action_listen
[state 12] user intent: ask_architecture | previous action name: utter_architecture_response
[state 13] user intent: ask_architecture | previous action name: action_listen
[state 14] user intent: ask_architecture | previous action name: utter_architecture_response
[state 15] user intent: goodbye | previous action name: action_listen
[state 16] user intent: goodbye | previous action name: utter_goodbye
[state 17] user intent: greet | previous action name: action_listen
[state 18] user intent: greet | previous action name: utter_greet
[state 19] user intent: request_info | previous action name: action_listen
[state 20] user intent: request_info | previous action name: utter_ask_more
[state 21] user intent: ask_architecture | previous action name: action_listen
[state 22] user intent: ask_architecture | previous action name: utter_architecture_response
[state 23] user intent: ask_architecture | previous action name: action_listen
[state 24] user intent: ask_architecture | previous action name: utter_architecture_response
[state 25] user intent: greet | previous action name: action_listen
[state 26] user intent: greet | previous action name: utter_greet
[state 27] user intent: ask_architecture | previous action name: action_listen
[state 28] user intent: ask_architecture | previous action name: utter_architecture_response
[state 29] user intent: ask_architecture | previous action name: action_listen
[state 30] user intent: ask_architecture | previous action name: utter_architecture_response
[state 31] user intent: goodbye | previous action name: action_listen
[state 32] user intent: goodbye | previous action name: utter_goodbye
[state 33] user intent: greet | previous action name: action_listen
[state 34] user intent: greet | previous action name: utter_greet
[state 35] user intent: ask_architecture | previous action name: action_listen
[state 36] user intent: ask_architecture | previous action name: utter_architecture_response
[state 37] user intent: greet | previous action name: action_listen
[state 38] user intent: greet | previous action name: utter_greet
[state 39] user intent: ask_architecture | previous action name: action_listen
[state 40] user intent: ask_architecture | previous action name: utter_architecture_response
[state 41] user intent: request_info | previous action name: action_listen
[state 42] user intent: request_info | previous action name: utter_ask_more
[state 43] user intent: ask_architecture | previous action name: action_listen
[state 44] user intent: ask_architecture | previous action name: utter_architecture_response
[state 45] user intent: greet | previous action name: action_listen
[state 46] user intent: greet | previous action name: utter_greet
[state 47] user intent: ask_architecture | previous action name: action_listen
[state 48] user intent: ask_architecture | previous action name: utter_architecture_response
[state 49] user intent: ask_architecture | previous action name: action_listen
[state 50] user intent: ask_architecture | previous action name: utter_architecture_response
[state 51] user intent: greet | previous action name: action_listen
[state 52] user intent: greet | previous action name: utter_greet
[state 53] user intent: request_info | previous action name: action_listen[0m
2025-03-16 19:15:24,384 [DEBUG]  There is a rule for the next action 'utter_ask_more'.
2025-03-16 19:15:24,385 [DEBUG]  Node 'run_TEDPolicy2' running 'TEDPolicy.predict_action_probabilities'.
2025-03-16 19:15:24,394 [DEBUG]  TED predicted 'utter_ask_more' based on user intent.
2025-03-16 19:15:24,396 [DEBUG]  Node 'select_prediction' running 'DefaultPolicyPredictionEnsemble.combine_predictions_from_kwargs'.
2025-03-16 19:15:24,396 [DEBUG]  Made prediction using user intent.
2025-03-16 19:15:24,397 [DEBUG]  Added `DefinePrevUserUtteredFeaturization(False)` event.
2025-03-16 19:15:24,398 [DEBUG]  Predicted next action using RulePolicy.
2025-03-16 19:15:24,398 [DEBUG]  Predicted next action 'utter_ask_more' with confidence 1.00.
2025-03-16 19:15:24,401 [DEBUG]  [[32m[1mdebug    [0m] [1mprocessor.actions.policy_prediction[0m [36mprediction_events[0m=[35m[<rasa.shared.core.events.DefinePrevUserUtteredFeaturization object at 0x000001821CE80070>][0m
2025-03-16 19:15:24,402 [DEBUG]  [[32m[1mdebug    [0m] [1mprocessor.actions.log         [0m [36maction_name[0m=[35mutter_ask_more[0m [36mrasa_events[0m=[35m[BotUttered('Что именно вас интересует в архитектуре программного обеспечения?', {"elements": null, "quick_replies": null, "buttons": null, "attachment": null, "image": null, "custom": null}, {"utter_action": "utter_ask_more"}, 1742174124.4015348)][0m
2025-03-16 19:15:24,403 [DEBUG]  Running graph with inputs: {'__tracker__': <rasa.shared.core.trackers.DialogueStateTracker object at 0x0000018215D57010>}, targets: ['select_prediction'] and ExecutionContext(model_id='d1db3d04f01c4ec3a9986afa2e259d30', should_add_diagnostic_data=False, is_finetuning=False, node_name=None).
2025-03-16 19:15:24,405 [DEBUG]  Node 'rule_only_data_provider' running 'RuleOnlyDataProvider.provide'.
2025-03-16 19:15:24,405 [DEBUG]  Node 'domain_provider' running 'DomainProvider.provide_inference'.
2025-03-16 19:15:24,406 [DEBUG]  Node 'run_MemoizationPolicy0' running 'MemoizationPolicy.predict_action_probabilities'.
2025-03-16 19:15:24,409 [DEBUG]  [[32m[1mdebug    [0m] [1mmemoization.predict.actions   [0m [36mtracker_states[0m=[35m[{'user': {'intent': 'request_info'}, 'prev_action': {'action_name': 'action_listen'}}, {'user': {'intent': 'request_info'}, 'prev_action': {'action_name': 'utter_ask_more'}}][0m
2025-03-16 19:15:24,411 [DEBUG]  There is a memorised next action 'action_listen'
2025-03-16 19:15:24,412 [DEBUG]  Node 'run_RulePolicy1' running 'RulePolicy.predict_action_probabilities'.
2025-03-16 19:15:24,415 [DEBUG]  [[32m[1mdebug    [0m] [1mrule_policy.actions.find      [0m [36mcurrent_states[0m=[35m
[state 1] user intent: greet | previous action name: action_listen
[state 2] user intent: greet | previous action name: utter_greet
[state 3] user intent: request_info | previous action name: action_listen
[state 4] user intent: request_info | previous action name: utter_ask_more
[state 5] user intent: ask_architecture | previous action name: action_listen
[state 6] user intent: ask_architecture | previous action name: utter_architecture_response
[state 7] user intent: greet | previous action name: action_listen
[state 8] user intent: greet | previous action name: utter_greet
[state 9] user intent: ask_architecture | previous action name: action_listen
[state 10] user intent: ask_architecture | previous action name: utter_architecture_response
[state 11] user intent: ask_architecture | previous action name: action_listen
[state 12] user intent: ask_architecture | previous action name: utter_architecture_response
[state 13] user intent: ask_architecture | previous action name: action_listen
[state 14] user intent: ask_architecture | previous action name: utter_architecture_response
[state 15] user intent: goodbye | previous action name: action_listen
[state 16] user intent: goodbye | previous action name: utter_goodbye
[state 17] user intent: greet | previous action name: action_listen
[state 18] user intent: greet | previous action name: utter_greet
[state 19] user intent: request_info | previous action name: action_listen
[state 20] user intent: request_info | previous action name: utter_ask_more
[state 21] user intent: ask_architecture | previous action name: action_listen
[state 22] user intent: ask_architecture | previous action name: utter_architecture_response
[state 23] user intent: ask_architecture | previous action name: action_listen
[state 24] user intent: ask_architecture | previous action name: utter_architecture_response
[state 25] user intent: greet | previous action name: action_listen
[state 26] user intent: greet | previous action name: utter_greet
[state 27] user intent: ask_architecture | previous action name: action_listen
[state 28] user intent: ask_architecture | previous action name: utter_architecture_response
[state 29] user intent: ask_architecture | previous action name: action_listen
[state 30] user intent: ask_architecture | previous action name: utter_architecture_response
[state 31] user intent: goodbye | previous action name: action_listen
[state 32] user intent: goodbye | previous action name: utter_goodbye
[state 33] user intent: greet | previous action name: action_listen
[state 34] user intent: greet | previous action name: utter_greet
[state 35] user intent: ask_architecture | previous action name: action_listen
[state 36] user intent: ask_architecture | previous action name: utter_architecture_response
[state 37] user intent: greet | previous action name: action_listen
[state 38] user intent: greet | previous action name: utter_greet
[state 39] user intent: ask_architecture | previous action name: action_listen
[state 40] user intent: ask_architecture | previous action name: utter_architecture_response
[state 41] user intent: request_info | previous action name: action_listen
[state 42] user intent: request_info | previous action name: utter_ask_more
[state 43] user intent: ask_architecture | previous action name: action_listen
[state 44] user intent: ask_architecture | previous action name: utter_architecture_response
[state 45] user intent: greet | previous action name: action_listen
[state 46] user intent: greet | previous action name: utter_greet
[state 47] user intent: ask_architecture | previous action name: action_listen
[state 48] user intent: ask_architecture | previous action name: utter_architecture_response
[state 49] user intent: ask_architecture | previous action name: action_listen
[state 50] user intent: ask_architecture | previous action name: utter_architecture_response
[state 51] user intent: greet | previous action name: action_listen
[state 52] user intent: greet | previous action name: utter_greet
[state 53] user intent: request_info | previous action name: action_listen
[state 54] user intent: request_info | previous action name: utter_ask_more[0m
2025-03-16 19:15:24,425 [DEBUG]  There is a rule for the next action 'action_listen'.
2025-03-16 19:15:24,426 [DEBUG]  Node 'run_TEDPolicy2' running 'TEDPolicy.predict_action_probabilities'.
2025-03-16 19:15:24,436 [DEBUG]  TED predicted 'action_listen' based on user intent.
2025-03-16 19:15:24,437 [DEBUG]  Node 'select_prediction' running 'DefaultPolicyPredictionEnsemble.combine_predictions_from_kwargs'.
2025-03-16 19:15:24,438 [DEBUG]  Predicted next action using RulePolicy.
2025-03-16 19:15:24,439 [DEBUG]  Predicted next action 'action_listen' with confidence 1.00.
2025-03-16 19:15:24,441 [DEBUG]  [[32m[1mdebug    [0m] [1mprocessor.actions.policy_prediction[0m [36mprediction_events[0m=[35m[][0m
2025-03-16 19:15:24,442 [DEBUG]  [[32m[1mdebug    [0m] [1mprocessor.actions.log         [0m [36maction_name[0m=[35maction_listen[0m [36mrasa_events[0m=[35m[][0m
2025-03-16 19:15:24,443 [DEBUG]  No event broker configured. Skipping streaming events.
2025-03-16 19:15:24,447 [DEBUG]  Deleted lock for conversation 'PractikumStudent'.
2025-03-16 19:15:46,643 [DEBUG]  Issuing ticket for conversation 'PractikumStudent'.
2025-03-16 19:15:46,644 [DEBUG]  Acquiring lock for conversation 'PractikumStudent'.
2025-03-16 19:15:46,645 [DEBUG]  Acquired lock for conversation 'PractikumStudent'.
2025-03-16 19:15:46,645 [DEBUG]  Recreating tracker for id 'PractikumStudent'
2025-03-16 19:15:46,668 [DEBUG]  Running graph with inputs: {'__message__': [<rasa.core.channels.channel.UserMessage object at 0x0000018210F9BD90>], '__tracker__': <rasa.shared.core.trackers.DialogueStateTracker object at 0x000001821897B8E0>}, targets: ['run_RegexMessageHandler'] and ExecutionContext(model_id='d1db3d04f01c4ec3a9986afa2e259d30', should_add_diagnostic_data=False, is_finetuning=False, node_name=None).
2025-03-16 19:15:46,670 [DEBUG]  Node 'nlu_message_converter' running 'NLUMessageConverter.convert_user_message'.
2025-03-16 19:15:46,671 [DEBUG]  Node 'run_WhitespaceTokenizer0' running 'WhitespaceTokenizer.process'.
2025-03-16 19:15:46,672 [DEBUG]  Node 'run_RegexFeaturizer1' running 'RegexFeaturizer.process'.
2025-03-16 19:15:46,672 [DEBUG]  Node 'run_LexicalSyntacticFeaturizer2' running 'LexicalSyntacticFeaturizer.process'.
2025-03-16 19:15:46,674 [DEBUG]  Node 'run_CountVectorsFeaturizer3' running 'CountVectorsFeaturizer.process'.
2025-03-16 19:15:46,676 [DEBUG]  Node 'run_LanguageModelFeaturizer4' running 'LanguageModelFeaturizer.process'.
2025-03-16 19:15:47,038 [DEBUG]  Node 'run_DIETClassifier5' running 'DIETClassifier.process'.
2025-03-16 19:15:47,046 [DEBUG]  Node 'run_EntitySynonymMapper6' running 'EntitySynonymMapper.process'.
2025-03-16 19:15:47,047 [DEBUG]  Node 'run_ResponseSelector7' running 'ResponseSelector.process'.
2025-03-16 19:15:47,048 [DEBUG]  There is no trained model for 'ResponseSelector': The component is either not trained or didn't receive enough training data.
2025-03-16 19:15:47,049 [DEBUG]  Adding following selector key to message property: default
2025-03-16 19:15:47,050 [DEBUG]  Node 'domain_provider' running 'DomainProvider.provide_inference'.
2025-03-16 19:15:47,051 [DEBUG]  Node 'run_RegexMessageHandler' running 'RegexMessageHandler.process'.
2025-03-16 19:15:47,052 [DEBUG]  [[32m[1mdebug    [0m] [1mprocessor.message.parse       [0m [36mparse_data_entities[0m=[35m[][0m [36mparse_data_intent[0m=[35m{'name': 'request_info', 'confidence': 0.2556765675544739}[0m [36mparse_data_text[0m=[35mгде она применяется?[0m
2025-03-16 19:15:47,054 [DEBUG]  Logged UserUtterance - tracker now has 184 events.
2025-03-16 19:15:47,055 [DEBUG]  Validating extracted slots: topic
2025-03-16 19:15:47,056 [DEBUG]  [[32m[1mdebug    [0m] [1mprocessor.extract.slots       [0m [36maction_extract_slot[0m=[35maction_extract_slots[0m [36mlen_extraction_events[0m=[35m1[0m [36mrasa_events[0m=[35m[SlotSet(key: topic, value: где она применяется?)][0m
2025-03-16 19:15:47,057 [DEBUG]  Running graph with inputs: {'__tracker__': <rasa.shared.core.trackers.DialogueStateTracker object at 0x000001821897B8E0>}, targets: ['select_prediction'] and ExecutionContext(model_id='d1db3d04f01c4ec3a9986afa2e259d30', should_add_diagnostic_data=False, is_finetuning=False, node_name=None).
2025-03-16 19:15:47,059 [DEBUG]  Node 'rule_only_data_provider' running 'RuleOnlyDataProvider.provide'.
2025-03-16 19:15:47,060 [DEBUG]  Node 'domain_provider' running 'DomainProvider.provide_inference'.
2025-03-16 19:15:47,061 [DEBUG]  Node 'run_MemoizationPolicy0' running 'MemoizationPolicy.predict_action_probabilities'.
2025-03-16 19:15:47,065 [DEBUG]  [[32m[1mdebug    [0m] [1mmemoization.predict.actions   [0m [36mtracker_states[0m=[35m[{'user': {'intent': 'request_info'}, 'prev_action': {'action_name': 'utter_ask_more'}}, {'user': {'intent': 'request_info'}, 'prev_action': {'action_name': 'action_listen'}}][0m
2025-03-16 19:15:47,066 [DEBUG]  There is no memorised next action
2025-03-16 19:15:47,067 [DEBUG]  Node 'run_RulePolicy1' running 'RulePolicy.predict_action_probabilities'.
2025-03-16 19:15:47,070 [DEBUG]  [[32m[1mdebug    [0m] [1mrule_policy.actions.find      [0m [36mcurrent_states[0m=[35m
[state 1] user intent: greet | previous action name: action_listen
[state 2] user intent: greet | previous action name: utter_greet
[state 3] user intent: request_info | previous action name: action_listen
[state 4] user intent: request_info | previous action name: utter_ask_more
[state 5] user intent: ask_architecture | previous action name: action_listen
[state 6] user intent: ask_architecture | previous action name: utter_architecture_response
[state 7] user intent: greet | previous action name: action_listen
[state 8] user intent: greet | previous action name: utter_greet
[state 9] user intent: ask_architecture | previous action name: action_listen
[state 10] user intent: ask_architecture | previous action name: utter_architecture_response
[state 11] user intent: ask_architecture | previous action name: action_listen
[state 12] user intent: ask_architecture | previous action name: utter_architecture_response
[state 13] user intent: ask_architecture | previous action name: action_listen
[state 14] user intent: ask_architecture | previous action name: utter_architecture_response
[state 15] user intent: goodbye | previous action name: action_listen
[state 16] user intent: goodbye | previous action name: utter_goodbye
[state 17] user intent: greet | previous action name: action_listen
[state 18] user intent: greet | previous action name: utter_greet
[state 19] user intent: request_info | previous action name: action_listen
[state 20] user intent: request_info | previous action name: utter_ask_more
[state 21] user intent: ask_architecture | previous action name: action_listen
[state 22] user intent: ask_architecture | previous action name: utter_architecture_response
[state 23] user intent: ask_architecture | previous action name: action_listen
[state 24] user intent: ask_architecture | previous action name: utter_architecture_response
[state 25] user intent: greet | previous action name: action_listen
[state 26] user intent: greet | previous action name: utter_greet
[state 27] user intent: ask_architecture | previous action name: action_listen
[state 28] user intent: ask_architecture | previous action name: utter_architecture_response
[state 29] user intent: ask_architecture | previous action name: action_listen
[state 30] user intent: ask_architecture | previous action name: utter_architecture_response
[state 31] user intent: goodbye | previous action name: action_listen
[state 32] user intent: goodbye | previous action name: utter_goodbye
[state 33] user intent: greet | previous action name: action_listen
[state 34] user intent: greet | previous action name: utter_greet
[state 35] user intent: ask_architecture | previous action name: action_listen
[state 36] user intent: ask_architecture | previous action name: utter_architecture_response
[state 37] user intent: greet | previous action name: action_listen
[state 38] user intent: greet | previous action name: utter_greet
[state 39] user intent: ask_architecture | previous action name: action_listen
[state 40] user intent: ask_architecture | previous action name: utter_architecture_response
[state 41] user intent: request_info | previous action name: action_listen
[state 42] user intent: request_info | previous action name: utter_ask_more
[state 43] user intent: ask_architecture | previous action name: action_listen
[state 44] user intent: ask_architecture | previous action name: utter_architecture_response
[state 45] user intent: greet | previous action name: action_listen
[state 46] user intent: greet | previous action name: utter_greet
[state 47] user intent: ask_architecture | previous action name: action_listen
[state 48] user intent: ask_architecture | previous action name: utter_architecture_response
[state 49] user intent: ask_architecture | previous action name: action_listen
[state 50] user intent: ask_architecture | previous action name: utter_architecture_response
[state 51] user intent: greet | previous action name: action_listen
[state 52] user intent: greet | previous action name: utter_greet
[state 53] user intent: request_info | previous action name: action_listen
[state 54] user intent: request_info | previous action name: utter_ask_more
[state 55] user text: где она применяется? | previous action name: action_listen[0m
2025-03-16 19:15:47,080 [DEBUG]  There is no applicable rule.
2025-03-16 19:15:47,083 [DEBUG]  [[32m[1mdebug    [0m] [1mrule_policy.actions.find      [0m [36mcurrent_states[0m=[35m
[state 1] user intent: greet | previous action name: action_listen
[state 2] user intent: greet | previous action name: utter_greet
[state 3] user intent: request_info | previous action name: action_listen
[state 4] user intent: request_info | previous action name: utter_ask_more
[state 5] user intent: ask_architecture | previous action name: action_listen
[state 6] user intent: ask_architecture | previous action name: utter_architecture_response
[state 7] user intent: greet | previous action name: action_listen
[state 8] user intent: greet | previous action name: utter_greet
[state 9] user intent: ask_architecture | previous action name: action_listen
[state 10] user intent: ask_architecture | previous action name: utter_architecture_response
[state 11] user intent: ask_architecture | previous action name: action_listen
[state 12] user intent: ask_architecture | previous action name: utter_architecture_response
[state 13] user intent: ask_architecture | previous action name: action_listen
[state 14] user intent: ask_architecture | previous action name: utter_architecture_response
[state 15] user intent: goodbye | previous action name: action_listen
[state 16] user intent: goodbye | previous action name: utter_goodbye
[state 17] user intent: greet | previous action name: action_listen
[state 18] user intent: greet | previous action name: utter_greet
[state 19] user intent: request_info | previous action name: action_listen
[state 20] user intent: request_info | previous action name: utter_ask_more
[state 21] user intent: ask_architecture | previous action name: action_listen
[state 22] user intent: ask_architecture | previous action name: utter_architecture_response
[state 23] user intent: ask_architecture | previous action name: action_listen
[state 24] user intent: ask_architecture | previous action name: utter_architecture_response
[state 25] user intent: greet | previous action name: action_listen
[state 26] user intent: greet | previous action name: utter_greet
[state 27] user intent: ask_architecture | previous action name: action_listen
[state 28] user intent: ask_architecture | previous action name: utter_architecture_response
[state 29] user intent: ask_architecture | previous action name: action_listen
[state 30] user intent: ask_architecture | previous action name: utter_architecture_response
[state 31] user intent: goodbye | previous action name: action_listen
[state 32] user intent: goodbye | previous action name: utter_goodbye
[state 33] user intent: greet | previous action name: action_listen
[state 34] user intent: greet | previous action name: utter_greet
[state 35] user intent: ask_architecture | previous action name: action_listen
[state 36] user intent: ask_architecture | previous action name: utter_architecture_response
[state 37] user intent: greet | previous action name: action_listen
[state 38] user intent: greet | previous action name: utter_greet
[state 39] user intent: ask_architecture | previous action name: action_listen
[state 40] user intent: ask_architecture | previous action name: utter_architecture_response
[state 41] user intent: request_info | previous action name: action_listen
[state 42] user intent: request_info | previous action name: utter_ask_more
[state 43] user intent: ask_architecture | previous action name: action_listen
[state 44] user intent: ask_architecture | previous action name: utter_architecture_response
[state 45] user intent: greet | previous action name: action_listen
[state 46] user intent: greet | previous action name: utter_greet
[state 47] user intent: ask_architecture | previous action name: action_listen
[state 48] user intent: ask_architecture | previous action name: utter_architecture_response
[state 49] user intent: ask_architecture | previous action name: action_listen
[state 50] user intent: ask_architecture | previous action name: utter_architecture_response
[state 51] user intent: greet | previous action name: action_listen
[state 52] user intent: greet | previous action name: utter_greet
[state 53] user intent: request_info | previous action name: action_listen
[state 54] user intent: request_info | previous action name: utter_ask_more
[state 55] user intent: request_info | previous action name: action_listen[0m
2025-03-16 19:15:47,096 [DEBUG]  There is a rule for the next action 'utter_ask_more'.
2025-03-16 19:15:47,097 [DEBUG]  Node 'run_TEDPolicy2' running 'TEDPolicy.predict_action_probabilities'.
2025-03-16 19:15:47,106 [DEBUG]  TED predicted 'utter_ask_more' based on user intent.
2025-03-16 19:15:47,107 [DEBUG]  Node 'select_prediction' running 'DefaultPolicyPredictionEnsemble.combine_predictions_from_kwargs'.
2025-03-16 19:15:47,108 [DEBUG]  Made prediction using user intent.
2025-03-16 19:15:47,109 [DEBUG]  Added `DefinePrevUserUtteredFeaturization(False)` event.
2025-03-16 19:15:47,109 [DEBUG]  Predicted next action using RulePolicy.
2025-03-16 19:15:47,110 [DEBUG]  Predicted next action 'utter_ask_more' with confidence 1.00.
2025-03-16 19:15:47,113 [DEBUG]  [[32m[1mdebug    [0m] [1mprocessor.actions.policy_prediction[0m [36mprediction_events[0m=[35m[<rasa.shared.core.events.DefinePrevUserUtteredFeaturization object at 0x000001821CE82C20>][0m
2025-03-16 19:15:47,114 [DEBUG]  [[32m[1mdebug    [0m] [1mprocessor.actions.log         [0m [36maction_name[0m=[35mutter_ask_more[0m [36mrasa_events[0m=[35m[BotUttered('Что именно вас интересует в архитектуре программного обеспечения?', {"elements": null, "quick_replies": null, "buttons": null, "attachment": null, "image": null, "custom": null}, {"utter_action": "utter_ask_more"}, 1742174147.1136224)][0m
2025-03-16 19:15:47,115 [DEBUG]  Running graph with inputs: {'__tracker__': <rasa.shared.core.trackers.DialogueStateTracker object at 0x000001821897B8E0>}, targets: ['select_prediction'] and ExecutionContext(model_id='d1db3d04f01c4ec3a9986afa2e259d30', should_add_diagnostic_data=False, is_finetuning=False, node_name=None).
2025-03-16 19:15:47,117 [DEBUG]  Node 'rule_only_data_provider' running 'RuleOnlyDataProvider.provide'.
2025-03-16 19:15:47,118 [DEBUG]  Node 'domain_provider' running 'DomainProvider.provide_inference'.
2025-03-16 19:15:47,119 [DEBUG]  Node 'run_MemoizationPolicy0' running 'MemoizationPolicy.predict_action_probabilities'.
2025-03-16 19:15:47,122 [DEBUG]  [[32m[1mdebug    [0m] [1mmemoization.predict.actions   [0m [36mtracker_states[0m=[35m[{'user': {'intent': 'request_info'}, 'prev_action': {'action_name': 'action_listen'}}, {'user': {'intent': 'request_info'}, 'prev_action': {'action_name': 'utter_ask_more'}}][0m
2025-03-16 19:15:47,123 [DEBUG]  There is a memorised next action 'action_listen'
2025-03-16 19:15:47,124 [DEBUG]  Node 'run_RulePolicy1' running 'RulePolicy.predict_action_probabilities'.
2025-03-16 19:15:47,127 [DEBUG]  [[32m[1mdebug    [0m] [1mrule_policy.actions.find      [0m [36mcurrent_states[0m=[35m
[state 1] user intent: greet | previous action name: action_listen
[state 2] user intent: greet | previous action name: utter_greet
[state 3] user intent: request_info | previous action name: action_listen
[state 4] user intent: request_info | previous action name: utter_ask_more
[state 5] user intent: ask_architecture | previous action name: action_listen
[state 6] user intent: ask_architecture | previous action name: utter_architecture_response
[state 7] user intent: greet | previous action name: action_listen
[state 8] user intent: greet | previous action name: utter_greet
[state 9] user intent: ask_architecture | previous action name: action_listen
[state 10] user intent: ask_architecture | previous action name: utter_architecture_response
[state 11] user intent: ask_architecture | previous action name: action_listen
[state 12] user intent: ask_architecture | previous action name: utter_architecture_response
[state 13] user intent: ask_architecture | previous action name: action_listen
[state 14] user intent: ask_architecture | previous action name: utter_architecture_response
[state 15] user intent: goodbye | previous action name: action_listen
[state 16] user intent: goodbye | previous action name: utter_goodbye
[state 17] user intent: greet | previous action name: action_listen
[state 18] user intent: greet | previous action name: utter_greet
[state 19] user intent: request_info | previous action name: action_listen
[state 20] user intent: request_info | previous action name: utter_ask_more
[state 21] user intent: ask_architecture | previous action name: action_listen
[state 22] user intent: ask_architecture | previous action name: utter_architecture_response
[state 23] user intent: ask_architecture | previous action name: action_listen
[state 24] user intent: ask_architecture | previous action name: utter_architecture_response
[state 25] user intent: greet | previous action name: action_listen
[state 26] user intent: greet | previous action name: utter_greet
[state 27] user intent: ask_architecture | previous action name: action_listen
[state 28] user intent: ask_architecture | previous action name: utter_architecture_response
[state 29] user intent: ask_architecture | previous action name: action_listen
[state 30] user intent: ask_architecture | previous action name: utter_architecture_response
[state 31] user intent: goodbye | previous action name: action_listen
[state 32] user intent: goodbye | previous action name: utter_goodbye
[state 33] user intent: greet | previous action name: action_listen
[state 34] user intent: greet | previous action name: utter_greet
[state 35] user intent: ask_architecture | previous action name: action_listen
[state 36] user intent: ask_architecture | previous action name: utter_architecture_response
[state 37] user intent: greet | previous action name: action_listen
[state 38] user intent: greet | previous action name: utter_greet
[state 39] user intent: ask_architecture | previous action name: action_listen
[state 40] user intent: ask_architecture | previous action name: utter_architecture_response
[state 41] user intent: request_info | previous action name: action_listen
[state 42] user intent: request_info | previous action name: utter_ask_more
[state 43] user intent: ask_architecture | previous action name: action_listen
[state 44] user intent: ask_architecture | previous action name: utter_architecture_response
[state 45] user intent: greet | previous action name: action_listen
[state 46] user intent: greet | previous action name: utter_greet
[state 47] user intent: ask_architecture | previous action name: action_listen
[state 48] user intent: ask_architecture | previous action name: utter_architecture_response
[state 49] user intent: ask_architecture | previous action name: action_listen
[state 50] user intent: ask_architecture | previous action name: utter_architecture_response
[state 51] user intent: greet | previous action name: action_listen
[state 52] user intent: greet | previous action name: utter_greet
[state 53] user intent: request_info | previous action name: action_listen
[state 54] user intent: request_info | previous action name: utter_ask_more
[state 55] user intent: request_info | previous action name: action_listen
[state 56] user intent: request_info | previous action name: utter_ask_more[0m
2025-03-16 19:15:47,138 [DEBUG]  There is a rule for the next action 'action_listen'.
2025-03-16 19:15:47,139 [DEBUG]  Node 'run_TEDPolicy2' running 'TEDPolicy.predict_action_probabilities'.
2025-03-16 19:15:47,148 [DEBUG]  TED predicted 'action_listen' based on user intent.
2025-03-16 19:15:47,150 [DEBUG]  Node 'select_prediction' running 'DefaultPolicyPredictionEnsemble.combine_predictions_from_kwargs'.
2025-03-16 19:15:47,151 [DEBUG]  Predicted next action using RulePolicy.
2025-03-16 19:15:47,152 [DEBUG]  Predicted next action 'action_listen' with confidence 1.00.
2025-03-16 19:15:47,154 [DEBUG]  [[32m[1mdebug    [0m] [1mprocessor.actions.policy_prediction[0m [36mprediction_events[0m=[35m[][0m
2025-03-16 19:15:47,155 [DEBUG]  [[32m[1mdebug    [0m] [1mprocessor.actions.log         [0m [36maction_name[0m=[35maction_listen[0m [36mrasa_events[0m=[35m[][0m
2025-03-16 19:15:47,156 [DEBUG]  No event broker configured. Skipping streaming events.
2025-03-16 19:15:47,160 [DEBUG]  Deleted lock for conversation 'PractikumStudent'.
2025-03-16 19:15:59,397 [DEBUG]  Issuing ticket for conversation 'PractikumStudent'.
2025-03-16 19:15:59,398 [DEBUG]  Acquiring lock for conversation 'PractikumStudent'.
2025-03-16 19:15:59,398 [DEBUG]  Acquired lock for conversation 'PractikumStudent'.
2025-03-16 19:15:59,399 [DEBUG]  Recreating tracker for id 'PractikumStudent'
2025-03-16 19:15:59,422 [DEBUG]  Running graph with inputs: {'__message__': [<rasa.core.channels.channel.UserMessage object at 0x0000018216D896C0>], '__tracker__': <rasa.shared.core.trackers.DialogueStateTracker object at 0x0000018215D57610>}, targets: ['run_RegexMessageHandler'] and ExecutionContext(model_id='d1db3d04f01c4ec3a9986afa2e259d30', should_add_diagnostic_data=False, is_finetuning=False, node_name=None).
2025-03-16 19:15:59,424 [DEBUG]  Node 'nlu_message_converter' running 'NLUMessageConverter.convert_user_message'.
2025-03-16 19:15:59,425 [DEBUG]  Node 'run_WhitespaceTokenizer0' running 'WhitespaceTokenizer.process'.
2025-03-16 19:15:59,426 [DEBUG]  Node 'run_RegexFeaturizer1' running 'RegexFeaturizer.process'.
2025-03-16 19:15:59,427 [DEBUG]  Node 'run_LexicalSyntacticFeaturizer2' running 'LexicalSyntacticFeaturizer.process'.
2025-03-16 19:15:59,428 [DEBUG]  Node 'run_CountVectorsFeaturizer3' running 'CountVectorsFeaturizer.process'.
2025-03-16 19:15:59,430 [DEBUG]  Node 'run_LanguageModelFeaturizer4' running 'LanguageModelFeaturizer.process'.
2025-03-16 19:15:59,886 [DEBUG]  Node 'run_DIETClassifier5' running 'DIETClassifier.process'.
2025-03-16 19:15:59,893 [DEBUG]  Node 'run_EntitySynonymMapper6' running 'EntitySynonymMapper.process'.
2025-03-16 19:15:59,895 [DEBUG]  Node 'run_ResponseSelector7' running 'ResponseSelector.process'.
2025-03-16 19:15:59,895 [DEBUG]  There is no trained model for 'ResponseSelector': The component is either not trained or didn't receive enough training data.
2025-03-16 19:15:59,897 [DEBUG]  Adding following selector key to message property: default
2025-03-16 19:15:59,897 [DEBUG]  Node 'domain_provider' running 'DomainProvider.provide_inference'.
2025-03-16 19:15:59,897 [DEBUG]  Node 'run_RegexMessageHandler' running 'RegexMessageHandler.process'.
2025-03-16 19:15:59,900 [DEBUG]  [[32m[1mdebug    [0m] [1mprocessor.message.parse       [0m [36mparse_data_entities[0m=[35m[][0m [36mparse_data_intent[0m=[35m{'name': 'deny', 'confidence': 0.2733019292354584}[0m [36mparse_data_text[0m=[35mименно[0m
2025-03-16 19:15:59,900 [DEBUG]  Logged UserUtterance - tracker now has 190 events.
2025-03-16 19:15:59,902 [DEBUG]  Validating extracted slots: topic
2025-03-16 19:15:59,902 [DEBUG]  [[32m[1mdebug    [0m] [1mprocessor.extract.slots       [0m [36maction_extract_slot[0m=[35maction_extract_slots[0m [36mlen_extraction_events[0m=[35m1[0m [36mrasa_events[0m=[35m[SlotSet(key: topic, value: именно)][0m
2025-03-16 19:15:59,904 [DEBUG]  Running graph with inputs: {'__tracker__': <rasa.shared.core.trackers.DialogueStateTracker object at 0x0000018215D57610>}, targets: ['select_prediction'] and ExecutionContext(model_id='d1db3d04f01c4ec3a9986afa2e259d30', should_add_diagnostic_data=False, is_finetuning=False, node_name=None).
2025-03-16 19:15:59,904 [DEBUG]  Node 'rule_only_data_provider' running 'RuleOnlyDataProvider.provide'.
2025-03-16 19:15:59,906 [DEBUG]  Node 'domain_provider' running 'DomainProvider.provide_inference'.
2025-03-16 19:15:59,907 [DEBUG]  Node 'run_MemoizationPolicy0' running 'MemoizationPolicy.predict_action_probabilities'.
2025-03-16 19:15:59,910 [DEBUG]  [[32m[1mdebug    [0m] [1mmemoization.predict.actions   [0m [36mtracker_states[0m=[35m[{'user': {'intent': 'request_info'}, 'prev_action': {'action_name': 'utter_ask_more'}}, {'user': {'intent': 'deny'}, 'prev_action': {'action_name': 'action_listen'}}][0m
2025-03-16 19:15:59,911 [DEBUG]  There is no memorised next action
2025-03-16 19:15:59,911 [DEBUG]  Node 'run_RulePolicy1' running 'RulePolicy.predict_action_probabilities'.
2025-03-16 19:15:59,914 [DEBUG]  [[32m[1mdebug    [0m] [1mrule_policy.actions.find      [0m [36mcurrent_states[0m=[35m
[state 1] user intent: greet | previous action name: action_listen
[state 2] user intent: greet | previous action name: utter_greet
[state 3] user intent: request_info | previous action name: action_listen
[state 4] user intent: request_info | previous action name: utter_ask_more
[state 5] user intent: ask_architecture | previous action name: action_listen
[state 6] user intent: ask_architecture | previous action name: utter_architecture_response
[state 7] user intent: greet | previous action name: action_listen
[state 8] user intent: greet | previous action name: utter_greet
[state 9] user intent: ask_architecture | previous action name: action_listen
[state 10] user intent: ask_architecture | previous action name: utter_architecture_response
[state 11] user intent: ask_architecture | previous action name: action_listen
[state 12] user intent: ask_architecture | previous action name: utter_architecture_response
[state 13] user intent: ask_architecture | previous action name: action_listen
[state 14] user intent: ask_architecture | previous action name: utter_architecture_response
[state 15] user intent: goodbye | previous action name: action_listen
[state 16] user intent: goodbye | previous action name: utter_goodbye
[state 17] user intent: greet | previous action name: action_listen
[state 18] user intent: greet | previous action name: utter_greet
[state 19] user intent: request_info | previous action name: action_listen
[state 20] user intent: request_info | previous action name: utter_ask_more
[state 21] user intent: ask_architecture | previous action name: action_listen
[state 22] user intent: ask_architecture | previous action name: utter_architecture_response
[state 23] user intent: ask_architecture | previous action name: action_listen
[state 24] user intent: ask_architecture | previous action name: utter_architecture_response
[state 25] user intent: greet | previous action name: action_listen
[state 26] user intent: greet | previous action name: utter_greet
[state 27] user intent: ask_architecture | previous action name: action_listen
[state 28] user intent: ask_architecture | previous action name: utter_architecture_response
[state 29] user intent: ask_architecture | previous action name: action_listen
[state 30] user intent: ask_architecture | previous action name: utter_architecture_response
[state 31] user intent: goodbye | previous action name: action_listen
[state 32] user intent: goodbye | previous action name: utter_goodbye
[state 33] user intent: greet | previous action name: action_listen
[state 34] user intent: greet | previous action name: utter_greet
[state 35] user intent: ask_architecture | previous action name: action_listen
[state 36] user intent: ask_architecture | previous action name: utter_architecture_response
[state 37] user intent: greet | previous action name: action_listen
[state 38] user intent: greet | previous action name: utter_greet
[state 39] user intent: ask_architecture | previous action name: action_listen
[state 40] user intent: ask_architecture | previous action name: utter_architecture_response
[state 41] user intent: request_info | previous action name: action_listen
[state 42] user intent: request_info | previous action name: utter_ask_more
[state 43] user intent: ask_architecture | previous action name: action_listen
[state 44] user intent: ask_architecture | previous action name: utter_architecture_response
[state 45] user intent: greet | previous action name: action_listen
[state 46] user intent: greet | previous action name: utter_greet
[state 47] user intent: ask_architecture | previous action name: action_listen
[state 48] user intent: ask_architecture | previous action name: utter_architecture_response
[state 49] user intent: ask_architecture | previous action name: action_listen
[state 50] user intent: ask_architecture | previous action name: utter_architecture_response
[state 51] user intent: greet | previous action name: action_listen
[state 52] user intent: greet | previous action name: utter_greet
[state 53] user intent: request_info | previous action name: action_listen
[state 54] user intent: request_info | previous action name: utter_ask_more
[state 55] user intent: request_info | previous action name: action_listen
[state 56] user intent: request_info | previous action name: utter_ask_more
[state 57] user text: именно | previous action name: action_listen[0m
2025-03-16 19:15:59,930 [DEBUG]  There is no applicable rule.
2025-03-16 19:15:59,934 [DEBUG]  [[32m[1mdebug    [0m] [1mrule_policy.actions.find      [0m [36mcurrent_states[0m=[35m
[state 1] user intent: greet | previous action name: action_listen
[state 2] user intent: greet | previous action name: utter_greet
[state 3] user intent: request_info | previous action name: action_listen
[state 4] user intent: request_info | previous action name: utter_ask_more
[state 5] user intent: ask_architecture | previous action name: action_listen
[state 6] user intent: ask_architecture | previous action name: utter_architecture_response
[state 7] user intent: greet | previous action name: action_listen
[state 8] user intent: greet | previous action name: utter_greet
[state 9] user intent: ask_architecture | previous action name: action_listen
[state 10] user intent: ask_architecture | previous action name: utter_architecture_response
[state 11] user intent: ask_architecture | previous action name: action_listen
[state 12] user intent: ask_architecture | previous action name: utter_architecture_response
[state 13] user intent: ask_architecture | previous action name: action_listen
[state 14] user intent: ask_architecture | previous action name: utter_architecture_response
[state 15] user intent: goodbye | previous action name: action_listen
[state 16] user intent: goodbye | previous action name: utter_goodbye
[state 17] user intent: greet | previous action name: action_listen
[state 18] user intent: greet | previous action name: utter_greet
[state 19] user intent: request_info | previous action name: action_listen
[state 20] user intent: request_info | previous action name: utter_ask_more
[state 21] user intent: ask_architecture | previous action name: action_listen
[state 22] user intent: ask_architecture | previous action name: utter_architecture_response
[state 23] user intent: ask_architecture | previous action name: action_listen
[state 24] user intent: ask_architecture | previous action name: utter_architecture_response
[state 25] user intent: greet | previous action name: action_listen
[state 26] user intent: greet | previous action name: utter_greet
[state 27] user intent: ask_architecture | previous action name: action_listen
[state 28] user intent: ask_architecture | previous action name: utter_architecture_response
[state 29] user intent: ask_architecture | previous action name: action_listen
[state 30] user intent: ask_architecture | previous action name: utter_architecture_response
[state 31] user intent: goodbye | previous action name: action_listen
[state 32] user intent: goodbye | previous action name: utter_goodbye
[state 33] user intent: greet | previous action name: action_listen
[state 34] user intent: greet | previous action name: utter_greet
[state 35] user intent: ask_architecture | previous action name: action_listen
[state 36] user intent: ask_architecture | previous action name: utter_architecture_response
[state 37] user intent: greet | previous action name: action_listen
[state 38] user intent: greet | previous action name: utter_greet
[state 39] user intent: ask_architecture | previous action name: action_listen
[state 40] user intent: ask_architecture | previous action name: utter_architecture_response
[state 41] user intent: request_info | previous action name: action_listen
[state 42] user intent: request_info | previous action name: utter_ask_more
[state 43] user intent: ask_architecture | previous action name: action_listen
[state 44] user intent: ask_architecture | previous action name: utter_architecture_response
[state 45] user intent: greet | previous action name: action_listen
[state 46] user intent: greet | previous action name: utter_greet
[state 47] user intent: ask_architecture | previous action name: action_listen
[state 48] user intent: ask_architecture | previous action name: utter_architecture_response
[state 49] user intent: ask_architecture | previous action name: action_listen
[state 50] user intent: ask_architecture | previous action name: utter_architecture_response
[state 51] user intent: greet | previous action name: action_listen
[state 52] user intent: greet | previous action name: utter_greet
[state 53] user intent: request_info | previous action name: action_listen
[state 54] user intent: request_info | previous action name: utter_ask_more
[state 55] user intent: request_info | previous action name: action_listen
[state 56] user intent: request_info | previous action name: utter_ask_more
[state 57] user intent: deny | previous action name: action_listen[0m
2025-03-16 19:15:59,945 [DEBUG]  There is no applicable rule.
2025-03-16 19:15:59,946 [DEBUG]  Node 'run_TEDPolicy2' running 'TEDPolicy.predict_action_probabilities'.
2025-03-16 19:15:59,955 [DEBUG]  TED predicted 'utter_goodbye' based on user intent.
2025-03-16 19:15:59,956 [DEBUG]  Node 'select_prediction' running 'DefaultPolicyPredictionEnsemble.combine_predictions_from_kwargs'.
2025-03-16 19:15:59,957 [DEBUG]  Made prediction using user intent.
2025-03-16 19:15:59,958 [DEBUG]  Added `DefinePrevUserUtteredFeaturization(False)` event.
2025-03-16 19:15:59,958 [DEBUG]  Predicted next action using RulePolicy.
2025-03-16 19:15:59,959 [DEBUG]  Predicted next action 'action_default_fallback' with confidence 0.30.
2025-03-16 19:15:59,962 [DEBUG]  [[32m[1mdebug    [0m] [1mprocessor.actions.policy_prediction[0m [36mprediction_events[0m=[35m[<rasa.shared.core.events.DefinePrevUserUtteredFeaturization object at 0x000001821CF4C9A0>][0m
2025-03-16 19:15:59,963 [DEBUG]  [[32m[1mdebug    [0m] [1mprocessor.actions.log         [0m [36maction_name[0m=[35maction_default_fallback[0m [36mrasa_events[0m=[35m[<rasa.shared.core.events.UserUtteranceReverted object at 0x000001821CF4DD80>][0m
2025-03-16 19:15:59,965 [DEBUG]  [[32m[1mdebug    [0m] [1mprocessor.slots.log           [0m [36mslot_values[0m=[35m	topic: где она применяется?
	session_started_metadata: None[0m
2025-03-16 19:15:59,966 [DEBUG]  Running graph with inputs: {'__tracker__': <rasa.shared.core.trackers.DialogueStateTracker object at 0x0000018215D57610>}, targets: ['select_prediction'] and ExecutionContext(model_id='d1db3d04f01c4ec3a9986afa2e259d30', should_add_diagnostic_data=False, is_finetuning=False, node_name=None).
2025-03-16 19:15:59,967 [DEBUG]  Node 'rule_only_data_provider' running 'RuleOnlyDataProvider.provide'.
2025-03-16 19:15:59,968 [DEBUG]  Node 'domain_provider' running 'DomainProvider.provide_inference'.
2025-03-16 19:15:59,969 [DEBUG]  Node 'run_MemoizationPolicy0' running 'MemoizationPolicy.predict_action_probabilities'.
2025-03-16 19:15:59,972 [DEBUG]  [[32m[1mdebug    [0m] [1mmemoization.predict.actions   [0m [36mtracker_states[0m=[35m[{'user': {'intent': 'request_info'}, 'prev_action': {'action_name': 'action_listen'}}, {'user': {'intent': 'request_info'}, 'prev_action': {'action_name': 'utter_ask_more'}}][0m
2025-03-16 19:15:59,973 [DEBUG]  There is a memorised next action 'action_listen'
2025-03-16 19:15:59,973 [DEBUG]  Node 'run_RulePolicy1' running 'RulePolicy.predict_action_probabilities'.
2025-03-16 19:15:59,978 [DEBUG]  [[32m[1mdebug    [0m] [1mrule_policy.actions.find      [0m [36mcurrent_states[0m=[35m
[state 1] user intent: greet | previous action name: action_listen
[state 2] user intent: greet | previous action name: utter_greet
[state 3] user intent: request_info | previous action name: action_listen
[state 4] user intent: request_info | previous action name: utter_ask_more
[state 5] user intent: ask_architecture | previous action name: action_listen
[state 6] user intent: ask_architecture | previous action name: utter_architecture_response
[state 7] user intent: greet | previous action name: action_listen
[state 8] user intent: greet | previous action name: utter_greet
[state 9] user intent: ask_architecture | previous action name: action_listen
[state 10] user intent: ask_architecture | previous action name: utter_architecture_response
[state 11] user intent: ask_architecture | previous action name: action_listen
[state 12] user intent: ask_architecture | previous action name: utter_architecture_response
[state 13] user intent: ask_architecture | previous action name: action_listen
[state 14] user intent: ask_architecture | previous action name: utter_architecture_response
[state 15] user intent: goodbye | previous action name: action_listen
[state 16] user intent: goodbye | previous action name: utter_goodbye
[state 17] user intent: greet | previous action name: action_listen
[state 18] user intent: greet | previous action name: utter_greet
[state 19] user intent: request_info | previous action name: action_listen
[state 20] user intent: request_info | previous action name: utter_ask_more
[state 21] user intent: ask_architecture | previous action name: action_listen
[state 22] user intent: ask_architecture | previous action name: utter_architecture_response
[state 23] user intent: ask_architecture | previous action name: action_listen
[state 24] user intent: ask_architecture | previous action name: utter_architecture_response
[state 25] user intent: greet | previous action name: action_listen
[state 26] user intent: greet | previous action name: utter_greet
[state 27] user intent: ask_architecture | previous action name: action_listen
[state 28] user intent: ask_architecture | previous action name: utter_architecture_response
[state 29] user intent: ask_architecture | previous action name: action_listen
[state 30] user intent: ask_architecture | previous action name: utter_architecture_response
[state 31] user intent: goodbye | previous action name: action_listen
[state 32] user intent: goodbye | previous action name: utter_goodbye
[state 33] user intent: greet | previous action name: action_listen
[state 34] user intent: greet | previous action name: utter_greet
[state 35] user intent: ask_architecture | previous action name: action_listen
[state 36] user intent: ask_architecture | previous action name: utter_architecture_response
[state 37] user intent: greet | previous action name: action_listen
[state 38] user intent: greet | previous action name: utter_greet
[state 39] user intent: ask_architecture | previous action name: action_listen
[state 40] user intent: ask_architecture | previous action name: utter_architecture_response
[state 41] user intent: request_info | previous action name: action_listen
[state 42] user intent: request_info | previous action name: utter_ask_more
[state 43] user intent: ask_architecture | previous action name: action_listen
[state 44] user intent: ask_architecture | previous action name: utter_architecture_response
[state 45] user intent: greet | previous action name: action_listen
[state 46] user intent: greet | previous action name: utter_greet
[state 47] user intent: ask_architecture | previous action name: action_listen
[state 48] user intent: ask_architecture | previous action name: utter_architecture_response
[state 49] user intent: ask_architecture | previous action name: action_listen
[state 50] user intent: ask_architecture | previous action name: utter_architecture_response
[state 51] user intent: greet | previous action name: action_listen
[state 52] user intent: greet | previous action name: utter_greet
[state 53] user intent: request_info | previous action name: action_listen
[state 54] user intent: request_info | previous action name: utter_ask_more
[state 55] user intent: request_info | previous action name: action_listen
[state 56] user intent: request_info | previous action name: utter_ask_more[0m
2025-03-16 19:15:59,987 [DEBUG]  There is a rule for the next action 'action_listen'.
2025-03-16 19:15:59,988 [DEBUG]  Node 'run_TEDPolicy2' running 'TEDPolicy.predict_action_probabilities'.
2025-03-16 19:16:00,000 [DEBUG]  TED predicted 'action_listen' based on user intent.
2025-03-16 19:16:00,001 [DEBUG]  Node 'select_prediction' running 'DefaultPolicyPredictionEnsemble.combine_predictions_from_kwargs'.
2025-03-16 19:16:00,002 [DEBUG]  Predicted next action using RulePolicy.
2025-03-16 19:16:00,002 [DEBUG]  Predicted next action 'action_listen' with confidence 1.00.
2025-03-16 19:16:00,005 [DEBUG]  [[32m[1mdebug    [0m] [1mprocessor.actions.policy_prediction[0m [36mprediction_events[0m=[35m[][0m
2025-03-16 19:16:00,006 [DEBUG]  [[32m[1mdebug    [0m] [1mprocessor.actions.log         [0m [36maction_name[0m=[35maction_listen[0m [36mrasa_events[0m=[35m[][0m
2025-03-16 19:16:00,007 [DEBUG]  No event broker configured. Skipping streaming events.
2025-03-16 19:16:00,013 [DEBUG]  Deleted lock for conversation 'PractikumStudent'.
2025-03-16 19:16:13,348 [DEBUG]  Issuing ticket for conversation 'PractikumStudent'.
2025-03-16 19:16:13,349 [DEBUG]  Acquiring lock for conversation 'PractikumStudent'.
2025-03-16 19:16:13,349 [DEBUG]  Acquired lock for conversation 'PractikumStudent'.
2025-03-16 19:16:13,350 [DEBUG]  Recreating tracker for id 'PractikumStudent'
2025-03-16 19:16:13,381 [DEBUG]  Running graph with inputs: {'__message__': [<rasa.core.channels.channel.UserMessage object at 0x00000182188F83D0>], '__tracker__': <rasa.shared.core.trackers.DialogueStateTracker object at 0x000001821897BC10>}, targets: ['run_RegexMessageHandler'] and ExecutionContext(model_id='d1db3d04f01c4ec3a9986afa2e259d30', should_add_diagnostic_data=False, is_finetuning=False, node_name=None).
2025-03-16 19:16:13,383 [DEBUG]  Node 'nlu_message_converter' running 'NLUMessageConverter.convert_user_message'.
2025-03-16 19:16:13,383 [DEBUG]  Node 'run_WhitespaceTokenizer0' running 'WhitespaceTokenizer.process'.
2025-03-16 19:16:13,384 [DEBUG]  Node 'run_RegexFeaturizer1' running 'RegexFeaturizer.process'.
2025-03-16 19:16:13,385 [DEBUG]  Node 'run_LexicalSyntacticFeaturizer2' running 'LexicalSyntacticFeaturizer.process'.
2025-03-16 19:16:13,386 [DEBUG]  Node 'run_CountVectorsFeaturizer3' running 'CountVectorsFeaturizer.process'.
2025-03-16 19:16:13,388 [DEBUG]  Node 'run_LanguageModelFeaturizer4' running 'LanguageModelFeaturizer.process'.
2025-03-16 19:16:13,747 [DEBUG]  Node 'run_DIETClassifier5' running 'DIETClassifier.process'.
2025-03-16 19:16:13,755 [DEBUG]  Node 'run_EntitySynonymMapper6' running 'EntitySynonymMapper.process'.
2025-03-16 19:16:13,756 [DEBUG]  Node 'run_ResponseSelector7' running 'ResponseSelector.process'.
2025-03-16 19:16:13,756 [DEBUG]  There is no trained model for 'ResponseSelector': The component is either not trained or didn't receive enough training data.
2025-03-16 19:16:13,757 [DEBUG]  Adding following selector key to message property: default
2025-03-16 19:16:13,758 [DEBUG]  Node 'domain_provider' running 'DomainProvider.provide_inference'.
2025-03-16 19:16:13,759 [DEBUG]  Node 'run_RegexMessageHandler' running 'RegexMessageHandler.process'.
2025-03-16 19:16:13,760 [DEBUG]  [[32m[1mdebug    [0m] [1mprocessor.message.parse       [0m [36mparse_data_entities[0m=[35m[][0m [36mparse_data_intent[0m=[35m{'name': 'ask_architecture', 'confidence': 0.7837923169136047}[0m [36mparse_data_text[0m=[35mархитектура[0m
2025-03-16 19:16:13,762 [DEBUG]  Logged UserUtterance - tracker now has 196 events.
2025-03-16 19:16:13,763 [DEBUG]  Validating extracted slots: topic
2025-03-16 19:16:13,764 [DEBUG]  [[32m[1mdebug    [0m] [1mprocessor.extract.slots       [0m [36maction_extract_slot[0m=[35maction_extract_slots[0m [36mlen_extraction_events[0m=[35m1[0m [36mrasa_events[0m=[35m[SlotSet(key: topic, value: архитектура)][0m
2025-03-16 19:16:13,765 [DEBUG]  Running graph with inputs: {'__tracker__': <rasa.shared.core.trackers.DialogueStateTracker object at 0x000001821897BC10>}, targets: ['select_prediction'] and ExecutionContext(model_id='d1db3d04f01c4ec3a9986afa2e259d30', should_add_diagnostic_data=False, is_finetuning=False, node_name=None).
2025-03-16 19:16:13,766 [DEBUG]  Node 'rule_only_data_provider' running 'RuleOnlyDataProvider.provide'.
2025-03-16 19:16:13,767 [DEBUG]  Node 'domain_provider' running 'DomainProvider.provide_inference'.
2025-03-16 19:16:13,768 [DEBUG]  Node 'run_MemoizationPolicy0' running 'MemoizationPolicy.predict_action_probabilities'.
2025-03-16 19:16:13,771 [DEBUG]  [[32m[1mdebug    [0m] [1mmemoization.predict.actions   [0m [36mtracker_states[0m=[35m[{'user': {'intent': 'request_info'}, 'prev_action': {'action_name': 'utter_ask_more'}}, {'user': {'intent': 'ask_architecture'}, 'prev_action': {'action_name': 'action_listen'}}][0m
2025-03-16 19:16:13,773 [DEBUG]  There is no memorised next action
2025-03-16 19:16:13,773 [DEBUG]  Node 'run_RulePolicy1' running 'RulePolicy.predict_action_probabilities'.
2025-03-16 19:16:13,776 [DEBUG]  [[32m[1mdebug    [0m] [1mrule_policy.actions.find      [0m [36mcurrent_states[0m=[35m
[state 1] user intent: greet | previous action name: action_listen
[state 2] user intent: greet | previous action name: utter_greet
[state 3] user intent: request_info | previous action name: action_listen
[state 4] user intent: request_info | previous action name: utter_ask_more
[state 5] user intent: ask_architecture | previous action name: action_listen
[state 6] user intent: ask_architecture | previous action name: utter_architecture_response
[state 7] user intent: greet | previous action name: action_listen
[state 8] user intent: greet | previous action name: utter_greet
[state 9] user intent: ask_architecture | previous action name: action_listen
[state 10] user intent: ask_architecture | previous action name: utter_architecture_response
[state 11] user intent: ask_architecture | previous action name: action_listen
[state 12] user intent: ask_architecture | previous action name: utter_architecture_response
[state 13] user intent: ask_architecture | previous action name: action_listen
[state 14] user intent: ask_architecture | previous action name: utter_architecture_response
[state 15] user intent: goodbye | previous action name: action_listen
[state 16] user intent: goodbye | previous action name: utter_goodbye
[state 17] user intent: greet | previous action name: action_listen
[state 18] user intent: greet | previous action name: utter_greet
[state 19] user intent: request_info | previous action name: action_listen
[state 20] user intent: request_info | previous action name: utter_ask_more
[state 21] user intent: ask_architecture | previous action name: action_listen
[state 22] user intent: ask_architecture | previous action name: utter_architecture_response
[state 23] user intent: ask_architecture | previous action name: action_listen
[state 24] user intent: ask_architecture | previous action name: utter_architecture_response
[state 25] user intent: greet | previous action name: action_listen
[state 26] user intent: greet | previous action name: utter_greet
[state 27] user intent: ask_architecture | previous action name: action_listen
[state 28] user intent: ask_architecture | previous action name: utter_architecture_response
[state 29] user intent: ask_architecture | previous action name: action_listen
[state 30] user intent: ask_architecture | previous action name: utter_architecture_response
[state 31] user intent: goodbye | previous action name: action_listen
[state 32] user intent: goodbye | previous action name: utter_goodbye
[state 33] user intent: greet | previous action name: action_listen
[state 34] user intent: greet | previous action name: utter_greet
[state 35] user intent: ask_architecture | previous action name: action_listen
[state 36] user intent: ask_architecture | previous action name: utter_architecture_response
[state 37] user intent: greet | previous action name: action_listen
[state 38] user intent: greet | previous action name: utter_greet
[state 39] user intent: ask_architecture | previous action name: action_listen
[state 40] user intent: ask_architecture | previous action name: utter_architecture_response
[state 41] user intent: request_info | previous action name: action_listen
[state 42] user intent: request_info | previous action name: utter_ask_more
[state 43] user intent: ask_architecture | previous action name: action_listen
[state 44] user intent: ask_architecture | previous action name: utter_architecture_response
[state 45] user intent: greet | previous action name: action_listen
[state 46] user intent: greet | previous action name: utter_greet
[state 47] user intent: ask_architecture | previous action name: action_listen
[state 48] user intent: ask_architecture | previous action name: utter_architecture_response
[state 49] user intent: ask_architecture | previous action name: action_listen
[state 50] user intent: ask_architecture | previous action name: utter_architecture_response
[state 51] user intent: greet | previous action name: action_listen
[state 52] user intent: greet | previous action name: utter_greet
[state 53] user intent: request_info | previous action name: action_listen
[state 54] user intent: request_info | previous action name: utter_ask_more
[state 55] user intent: request_info | previous action name: action_listen
[state 56] user intent: request_info | previous action name: utter_ask_more
[state 57] user text: архитектура | previous action name: action_listen[0m
2025-03-16 19:16:13,788 [DEBUG]  There is no applicable rule.
2025-03-16 19:16:13,790 [DEBUG]  [[32m[1mdebug    [0m] [1mrule_policy.actions.find      [0m [36mcurrent_states[0m=[35m
[state 1] user intent: greet | previous action name: action_listen
[state 2] user intent: greet | previous action name: utter_greet
[state 3] user intent: request_info | previous action name: action_listen
[state 4] user intent: request_info | previous action name: utter_ask_more
[state 5] user intent: ask_architecture | previous action name: action_listen
[state 6] user intent: ask_architecture | previous action name: utter_architecture_response
[state 7] user intent: greet | previous action name: action_listen
[state 8] user intent: greet | previous action name: utter_greet
[state 9] user intent: ask_architecture | previous action name: action_listen
[state 10] user intent: ask_architecture | previous action name: utter_architecture_response
[state 11] user intent: ask_architecture | previous action name: action_listen
[state 12] user intent: ask_architecture | previous action name: utter_architecture_response
[state 13] user intent: ask_architecture | previous action name: action_listen
[state 14] user intent: ask_architecture | previous action name: utter_architecture_response
[state 15] user intent: goodbye | previous action name: action_listen
[state 16] user intent: goodbye | previous action name: utter_goodbye
[state 17] user intent: greet | previous action name: action_listen
[state 18] user intent: greet | previous action name: utter_greet
[state 19] user intent: request_info | previous action name: action_listen
[state 20] user intent: request_info | previous action name: utter_ask_more
[state 21] user intent: ask_architecture | previous action name: action_listen
[state 22] user intent: ask_architecture | previous action name: utter_architecture_response
[state 23] user intent: ask_architecture | previous action name: action_listen
[state 24] user intent: ask_architecture | previous action name: utter_architecture_response
[state 25] user intent: greet | previous action name: action_listen
[state 26] user intent: greet | previous action name: utter_greet
[state 27] user intent: ask_architecture | previous action name: action_listen
[state 28] user intent: ask_architecture | previous action name: utter_architecture_response
[state 29] user intent: ask_architecture | previous action name: action_listen
[state 30] user intent: ask_architecture | previous action name: utter_architecture_response
[state 31] user intent: goodbye | previous action name: action_listen
[state 32] user intent: goodbye | previous action name: utter_goodbye
[state 33] user intent: greet | previous action name: action_listen
[state 34] user intent: greet | previous action name: utter_greet
[state 35] user intent: ask_architecture | previous action name: action_listen
[state 36] user intent: ask_architecture | previous action name: utter_architecture_response
[state 37] user intent: greet | previous action name: action_listen
[state 38] user intent: greet | previous action name: utter_greet
[state 39] user intent: ask_architecture | previous action name: action_listen
[state 40] user intent: ask_architecture | previous action name: utter_architecture_response
[state 41] user intent: request_info | previous action name: action_listen
[state 42] user intent: request_info | previous action name: utter_ask_more
[state 43] user intent: ask_architecture | previous action name: action_listen
[state 44] user intent: ask_architecture | previous action name: utter_architecture_response
[state 45] user intent: greet | previous action name: action_listen
[state 46] user intent: greet | previous action name: utter_greet
[state 47] user intent: ask_architecture | previous action name: action_listen
[state 48] user intent: ask_architecture | previous action name: utter_architecture_response
[state 49] user intent: ask_architecture | previous action name: action_listen
[state 50] user intent: ask_architecture | previous action name: utter_architecture_response
[state 51] user intent: greet | previous action name: action_listen
[state 52] user intent: greet | previous action name: utter_greet
[state 53] user intent: request_info | previous action name: action_listen
[state 54] user intent: request_info | previous action name: utter_ask_more
[state 55] user intent: request_info | previous action name: action_listen
[state 56] user intent: request_info | previous action name: utter_ask_more
[state 57] user intent: ask_architecture | previous action name: action_listen[0m
2025-03-16 19:16:13,801 [DEBUG]  There is a rule for the next action 'utter_architecture_response'.
2025-03-16 19:16:13,802 [DEBUG]  Node 'run_TEDPolicy2' running 'TEDPolicy.predict_action_probabilities'.
2025-03-16 19:16:13,812 [DEBUG]  TED predicted 'utter_architecture_response' based on user intent.
2025-03-16 19:16:13,813 [DEBUG]  Node 'select_prediction' running 'DefaultPolicyPredictionEnsemble.combine_predictions_from_kwargs'.
2025-03-16 19:16:13,814 [DEBUG]  Made prediction using user intent.
2025-03-16 19:16:13,814 [DEBUG]  Added `DefinePrevUserUtteredFeaturization(False)` event.
2025-03-16 19:16:13,815 [DEBUG]  Predicted next action using RulePolicy.
2025-03-16 19:16:13,816 [DEBUG]  Predicted next action 'utter_architecture_response' with confidence 1.00.
2025-03-16 19:16:13,819 [DEBUG]  [[32m[1mdebug    [0m] [1mprocessor.actions.policy_prediction[0m [36mprediction_events[0m=[35m[<rasa.shared.core.events.DefinePrevUserUtteredFeaturization object at 0x000001821CF4EFE0>][0m
2025-03-16 19:16:13,820 [DEBUG]  [[32m[1mdebug    [0m] [1mprocessor.actions.log         [0m [36maction_name[0m=[35mutter_architecture_response[0m [36mrasa_events[0m=[35m[BotUttered('Архитектура ПО включает выбор структур, которые обеспечивают масштабируемость, гибкость и поддерживаемость приложения. Задайте конкретный вопрос по этой теме, и я помогу вам с информацией.', {"elements": null, "quick_replies": null, "buttons": null, "attachment": null, "image": null, "custom": null}, {"utter_action": "utter_architecture_response"}, 1742174173.8195882)][0m
2025-03-16 19:16:13,822 [DEBUG]  Running graph with inputs: {'__tracker__': <rasa.shared.core.trackers.DialogueStateTracker object at 0x000001821897BC10>}, targets: ['select_prediction'] and ExecutionContext(model_id='d1db3d04f01c4ec3a9986afa2e259d30', should_add_diagnostic_data=False, is_finetuning=False, node_name=None).
2025-03-16 19:16:13,823 [DEBUG]  Node 'rule_only_data_provider' running 'RuleOnlyDataProvider.provide'.
2025-03-16 19:16:13,824 [DEBUG]  Node 'domain_provider' running 'DomainProvider.provide_inference'.
2025-03-16 19:16:13,825 [DEBUG]  Node 'run_MemoizationPolicy0' running 'MemoizationPolicy.predict_action_probabilities'.
2025-03-16 19:16:13,828 [DEBUG]  [[32m[1mdebug    [0m] [1mmemoization.predict.actions   [0m [36mtracker_states[0m=[35m[{'user': {'intent': 'ask_architecture'}, 'prev_action': {'action_name': 'action_listen'}}, {'user': {'intent': 'ask_architecture'}, 'prev_action': {'action_name': 'utter_architecture_response'}}][0m
2025-03-16 19:16:13,830 [DEBUG]  There is a memorised next action 'action_listen'
2025-03-16 19:16:13,831 [DEBUG]  Node 'run_RulePolicy1' running 'RulePolicy.predict_action_probabilities'.
2025-03-16 19:16:13,834 [DEBUG]  [[32m[1mdebug    [0m] [1mrule_policy.actions.find      [0m [36mcurrent_states[0m=[35m
[state 1] user intent: greet | previous action name: action_listen
[state 2] user intent: greet | previous action name: utter_greet
[state 3] user intent: request_info | previous action name: action_listen
[state 4] user intent: request_info | previous action name: utter_ask_more
[state 5] user intent: ask_architecture | previous action name: action_listen
[state 6] user intent: ask_architecture | previous action name: utter_architecture_response
[state 7] user intent: greet | previous action name: action_listen
[state 8] user intent: greet | previous action name: utter_greet
[state 9] user intent: ask_architecture | previous action name: action_listen
[state 10] user intent: ask_architecture | previous action name: utter_architecture_response
[state 11] user intent: ask_architecture | previous action name: action_listen
[state 12] user intent: ask_architecture | previous action name: utter_architecture_response
[state 13] user intent: ask_architecture | previous action name: action_listen
[state 14] user intent: ask_architecture | previous action name: utter_architecture_response
[state 15] user intent: goodbye | previous action name: action_listen
[state 16] user intent: goodbye | previous action name: utter_goodbye
[state 17] user intent: greet | previous action name: action_listen
[state 18] user intent: greet | previous action name: utter_greet
[state 19] user intent: request_info | previous action name: action_listen
[state 20] user intent: request_info | previous action name: utter_ask_more
[state 21] user intent: ask_architecture | previous action name: action_listen
[state 22] user intent: ask_architecture | previous action name: utter_architecture_response
[state 23] user intent: ask_architecture | previous action name: action_listen
[state 24] user intent: ask_architecture | previous action name: utter_architecture_response
[state 25] user intent: greet | previous action name: action_listen
[state 26] user intent: greet | previous action name: utter_greet
[state 27] user intent: ask_architecture | previous action name: action_listen
[state 28] user intent: ask_architecture | previous action name: utter_architecture_response
[state 29] user intent: ask_architecture | previous action name: action_listen
[state 30] user intent: ask_architecture | previous action name: utter_architecture_response
[state 31] user intent: goodbye | previous action name: action_listen
[state 32] user intent: goodbye | previous action name: utter_goodbye
[state 33] user intent: greet | previous action name: action_listen
[state 34] user intent: greet | previous action name: utter_greet
[state 35] user intent: ask_architecture | previous action name: action_listen
[state 36] user intent: ask_architecture | previous action name: utter_architecture_response
[state 37] user intent: greet | previous action name: action_listen
[state 38] user intent: greet | previous action name: utter_greet
[state 39] user intent: ask_architecture | previous action name: action_listen
[state 40] user intent: ask_architecture | previous action name: utter_architecture_response
[state 41] user intent: request_info | previous action name: action_listen
[state 42] user intent: request_info | previous action name: utter_ask_more
[state 43] user intent: ask_architecture | previous action name: action_listen
[state 44] user intent: ask_architecture | previous action name: utter_architecture_response
[state 45] user intent: greet | previous action name: action_listen
[state 46] user intent: greet | previous action name: utter_greet
[state 47] user intent: ask_architecture | previous action name: action_listen
[state 48] user intent: ask_architecture | previous action name: utter_architecture_response
[state 49] user intent: ask_architecture | previous action name: action_listen
[state 50] user intent: ask_architecture | previous action name: utter_architecture_response
[state 51] user intent: greet | previous action name: action_listen
[state 52] user intent: greet | previous action name: utter_greet
[state 53] user intent: request_info | previous action name: action_listen
[state 54] user intent: request_info | previous action name: utter_ask_more
[state 55] user intent: request_info | previous action name: action_listen
[state 56] user intent: request_info | previous action name: utter_ask_more
[state 57] user intent: ask_architecture | previous action name: action_listen
[state 58] user intent: ask_architecture | previous action name: utter_architecture_response[0m
2025-03-16 19:16:13,844 [DEBUG]  There is a rule for the next action 'action_listen'.
2025-03-16 19:16:13,845 [DEBUG]  Node 'run_TEDPolicy2' running 'TEDPolicy.predict_action_probabilities'.
2025-03-16 19:16:13,855 [DEBUG]  TED predicted 'action_listen' based on user intent.
2025-03-16 19:16:13,856 [DEBUG]  Node 'select_prediction' running 'DefaultPolicyPredictionEnsemble.combine_predictions_from_kwargs'.
2025-03-16 19:16:13,857 [DEBUG]  Predicted next action using RulePolicy.
2025-03-16 19:16:13,858 [DEBUG]  Predicted next action 'action_listen' with confidence 1.00.
2025-03-16 19:16:13,861 [DEBUG]  [[32m[1mdebug    [0m] [1mprocessor.actions.policy_prediction[0m [36mprediction_events[0m=[35m[][0m
2025-03-16 19:16:13,862 [DEBUG]  [[32m[1mdebug    [0m] [1mprocessor.actions.log         [0m [36maction_name[0m=[35maction_listen[0m [36mrasa_events[0m=[35m[][0m
2025-03-16 19:16:13,862 [DEBUG]  No event broker configured. Skipping streaming events.
2025-03-16 19:16:13,866 [DEBUG]  Deleted lock for conversation 'PractikumStudent'.
2025-03-16 19:16:30,412 [DEBUG]  Issuing ticket for conversation 'PractikumStudent'.
2025-03-16 19:16:30,413 [DEBUG]  Acquiring lock for conversation 'PractikumStudent'.
2025-03-16 19:16:30,414 [DEBUG]  Acquired lock for conversation 'PractikumStudent'.
2025-03-16 19:16:30,415 [DEBUG]  Recreating tracker for id 'PractikumStudent'
2025-03-16 19:16:30,446 [DEBUG]  Running graph with inputs: {'__message__': [<rasa.core.channels.channel.UserMessage object at 0x0000018210F9AA40>], '__tracker__': <rasa.shared.core.trackers.DialogueStateTracker object at 0x000001821CE81840>}, targets: ['run_RegexMessageHandler'] and ExecutionContext(model_id='d1db3d04f01c4ec3a9986afa2e259d30', should_add_diagnostic_data=False, is_finetuning=False, node_name=None).
2025-03-16 19:16:30,448 [DEBUG]  Node 'nlu_message_converter' running 'NLUMessageConverter.convert_user_message'.
2025-03-16 19:16:30,449 [DEBUG]  Node 'run_WhitespaceTokenizer0' running 'WhitespaceTokenizer.process'.
2025-03-16 19:16:30,449 [DEBUG]  Node 'run_RegexFeaturizer1' running 'RegexFeaturizer.process'.
2025-03-16 19:16:30,450 [DEBUG]  Node 'run_LexicalSyntacticFeaturizer2' running 'LexicalSyntacticFeaturizer.process'.
2025-03-16 19:16:30,451 [DEBUG]  Node 'run_CountVectorsFeaturizer3' running 'CountVectorsFeaturizer.process'.
2025-03-16 19:16:30,453 [DEBUG]  Node 'run_LanguageModelFeaturizer4' running 'LanguageModelFeaturizer.process'.
2025-03-16 19:16:30,852 [DEBUG]  Node 'run_DIETClassifier5' running 'DIETClassifier.process'.
2025-03-16 19:16:30,863 [DEBUG]  Node 'run_EntitySynonymMapper6' running 'EntitySynonymMapper.process'.
2025-03-16 19:16:30,864 [DEBUG]  Node 'run_ResponseSelector7' running 'ResponseSelector.process'.
2025-03-16 19:16:30,864 [DEBUG]  There is no trained model for 'ResponseSelector': The component is either not trained or didn't receive enough training data.
2025-03-16 19:16:30,865 [DEBUG]  Adding following selector key to message property: default
2025-03-16 19:16:30,866 [DEBUG]  Node 'domain_provider' running 'DomainProvider.provide_inference'.
2025-03-16 19:16:30,867 [DEBUG]  Node 'run_RegexMessageHandler' running 'RegexMessageHandler.process'.
2025-03-16 19:16:30,869 [DEBUG]  [[32m[1mdebug    [0m] [1mprocessor.message.parse       [0m [36mparse_data_entities[0m=[35m[][0m [36mparse_data_intent[0m=[35m{'name': 'request_info', 'confidence': 0.245916947722435}[0m [36mparse_data_text[0m=[35mподробности?[0m
2025-03-16 19:16:30,870 [DEBUG]  Logged UserUtterance - tracker now has 202 events.
2025-03-16 19:16:30,872 [DEBUG]  Validating extracted slots: topic
2025-03-16 19:16:30,874 [DEBUG]  [[32m[1mdebug    [0m] [1mprocessor.extract.slots       [0m [36maction_extract_slot[0m=[35maction_extract_slots[0m [36mlen_extraction_events[0m=[35m1[0m [36mrasa_events[0m=[35m[SlotSet(key: topic, value: подробности?)][0m
2025-03-16 19:16:30,876 [DEBUG]  Running graph with inputs: {'__tracker__': <rasa.shared.core.trackers.DialogueStateTracker object at 0x000001821CE81840>}, targets: ['select_prediction'] and ExecutionContext(model_id='d1db3d04f01c4ec3a9986afa2e259d30', should_add_diagnostic_data=False, is_finetuning=False, node_name=None).
2025-03-16 19:16:30,877 [DEBUG]  Node 'rule_only_data_provider' running 'RuleOnlyDataProvider.provide'.
2025-03-16 19:16:30,878 [DEBUG]  Node 'domain_provider' running 'DomainProvider.provide_inference'.
2025-03-16 19:16:30,879 [DEBUG]  Node 'run_MemoizationPolicy0' running 'MemoizationPolicy.predict_action_probabilities'.
2025-03-16 19:16:30,882 [DEBUG]  [[32m[1mdebug    [0m] [1mmemoization.predict.actions   [0m [36mtracker_states[0m=[35m[{'user': {'intent': 'ask_architecture'}, 'prev_action': {'action_name': 'utter_architecture_response'}}, {'user': {'intent': 'request_info'}, 'prev_action': {'action_name': 'action_listen'}}][0m
2025-03-16 19:16:30,883 [DEBUG]  There is no memorised next action
2025-03-16 19:16:30,884 [DEBUG]  Node 'run_RulePolicy1' running 'RulePolicy.predict_action_probabilities'.
2025-03-16 19:16:30,887 [DEBUG]  [[32m[1mdebug    [0m] [1mrule_policy.actions.find      [0m [36mcurrent_states[0m=[35m
[state 1] user intent: greet | previous action name: action_listen
[state 2] user intent: greet | previous action name: utter_greet
[state 3] user intent: request_info | previous action name: action_listen
[state 4] user intent: request_info | previous action name: utter_ask_more
[state 5] user intent: ask_architecture | previous action name: action_listen
[state 6] user intent: ask_architecture | previous action name: utter_architecture_response
[state 7] user intent: greet | previous action name: action_listen
[state 8] user intent: greet | previous action name: utter_greet
[state 9] user intent: ask_architecture | previous action name: action_listen
[state 10] user intent: ask_architecture | previous action name: utter_architecture_response
[state 11] user intent: ask_architecture | previous action name: action_listen
[state 12] user intent: ask_architecture | previous action name: utter_architecture_response
[state 13] user intent: ask_architecture | previous action name: action_listen
[state 14] user intent: ask_architecture | previous action name: utter_architecture_response
[state 15] user intent: goodbye | previous action name: action_listen
[state 16] user intent: goodbye | previous action name: utter_goodbye
[state 17] user intent: greet | previous action name: action_listen
[state 18] user intent: greet | previous action name: utter_greet
[state 19] user intent: request_info | previous action name: action_listen
[state 20] user intent: request_info | previous action name: utter_ask_more
[state 21] user intent: ask_architecture | previous action name: action_listen
[state 22] user intent: ask_architecture | previous action name: utter_architecture_response
[state 23] user intent: ask_architecture | previous action name: action_listen
[state 24] user intent: ask_architecture | previous action name: utter_architecture_response
[state 25] user intent: greet | previous action name: action_listen
[state 26] user intent: greet | previous action name: utter_greet
[state 27] user intent: ask_architecture | previous action name: action_listen
[state 28] user intent: ask_architecture | previous action name: utter_architecture_response
[state 29] user intent: ask_architecture | previous action name: action_listen
[state 30] user intent: ask_architecture | previous action name: utter_architecture_response
[state 31] user intent: goodbye | previous action name: action_listen
[state 32] user intent: goodbye | previous action name: utter_goodbye
[state 33] user intent: greet | previous action name: action_listen
[state 34] user intent: greet | previous action name: utter_greet
[state 35] user intent: ask_architecture | previous action name: action_listen
[state 36] user intent: ask_architecture | previous action name: utter_architecture_response
[state 37] user intent: greet | previous action name: action_listen
[state 38] user intent: greet | previous action name: utter_greet
[state 39] user intent: ask_architecture | previous action name: action_listen
[state 40] user intent: ask_architecture | previous action name: utter_architecture_response
[state 41] user intent: request_info | previous action name: action_listen
[state 42] user intent: request_info | previous action name: utter_ask_more
[state 43] user intent: ask_architecture | previous action name: action_listen
[state 44] user intent: ask_architecture | previous action name: utter_architecture_response
[state 45] user intent: greet | previous action name: action_listen
[state 46] user intent: greet | previous action name: utter_greet
[state 47] user intent: ask_architecture | previous action name: action_listen
[state 48] user intent: ask_architecture | previous action name: utter_architecture_response
[state 49] user intent: ask_architecture | previous action name: action_listen
[state 50] user intent: ask_architecture | previous action name: utter_architecture_response
[state 51] user intent: greet | previous action name: action_listen
[state 52] user intent: greet | previous action name: utter_greet
[state 53] user intent: request_info | previous action name: action_listen
[state 54] user intent: request_info | previous action name: utter_ask_more
[state 55] user intent: request_info | previous action name: action_listen
[state 56] user intent: request_info | previous action name: utter_ask_more
[state 57] user intent: ask_architecture | previous action name: action_listen
[state 58] user intent: ask_architecture | previous action name: utter_architecture_response
[state 59] user text: подробности? | previous action name: action_listen[0m
2025-03-16 19:16:30,899 [DEBUG]  There is no applicable rule.
2025-03-16 19:16:30,903 [DEBUG]  [[32m[1mdebug    [0m] [1mrule_policy.actions.find      [0m [36mcurrent_states[0m=[35m
[state 1] user intent: greet | previous action name: action_listen
[state 2] user intent: greet | previous action name: utter_greet
[state 3] user intent: request_info | previous action name: action_listen
[state 4] user intent: request_info | previous action name: utter_ask_more
[state 5] user intent: ask_architecture | previous action name: action_listen
[state 6] user intent: ask_architecture | previous action name: utter_architecture_response
[state 7] user intent: greet | previous action name: action_listen
[state 8] user intent: greet | previous action name: utter_greet
[state 9] user intent: ask_architecture | previous action name: action_listen
[state 10] user intent: ask_architecture | previous action name: utter_architecture_response
[state 11] user intent: ask_architecture | previous action name: action_listen
[state 12] user intent: ask_architecture | previous action name: utter_architecture_response
[state 13] user intent: ask_architecture | previous action name: action_listen
[state 14] user intent: ask_architecture | previous action name: utter_architecture_response
[state 15] user intent: goodbye | previous action name: action_listen
[state 16] user intent: goodbye | previous action name: utter_goodbye
[state 17] user intent: greet | previous action name: action_listen
[state 18] user intent: greet | previous action name: utter_greet
[state 19] user intent: request_info | previous action name: action_listen
[state 20] user intent: request_info | previous action name: utter_ask_more
[state 21] user intent: ask_architecture | previous action name: action_listen
[state 22] user intent: ask_architecture | previous action name: utter_architecture_response
[state 23] user intent: ask_architecture | previous action name: action_listen
[state 24] user intent: ask_architecture | previous action name: utter_architecture_response
[state 25] user intent: greet | previous action name: action_listen
[state 26] user intent: greet | previous action name: utter_greet
[state 27] user intent: ask_architecture | previous action name: action_listen
[state 28] user intent: ask_architecture | previous action name: utter_architecture_response
[state 29] user intent: ask_architecture | previous action name: action_listen
[state 30] user intent: ask_architecture | previous action name: utter_architecture_response
[state 31] user intent: goodbye | previous action name: action_listen
[state 32] user intent: goodbye | previous action name: utter_goodbye
[state 33] user intent: greet | previous action name: action_listen
[state 34] user intent: greet | previous action name: utter_greet
[state 35] user intent: ask_architecture | previous action name: action_listen
[state 36] user intent: ask_architecture | previous action name: utter_architecture_response
[state 37] user intent: greet | previous action name: action_listen
[state 38] user intent: greet | previous action name: utter_greet
[state 39] user intent: ask_architecture | previous action name: action_listen
[state 40] user intent: ask_architecture | previous action name: utter_architecture_response
[state 41] user intent: request_info | previous action name: action_listen
[state 42] user intent: request_info | previous action name: utter_ask_more
[state 43] user intent: ask_architecture | previous action name: action_listen
[state 44] user intent: ask_architecture | previous action name: utter_architecture_response
[state 45] user intent: greet | previous action name: action_listen
[state 46] user intent: greet | previous action name: utter_greet
[state 47] user intent: ask_architecture | previous action name: action_listen
[state 48] user intent: ask_architecture | previous action name: utter_architecture_response
[state 49] user intent: ask_architecture | previous action name: action_listen
[state 50] user intent: ask_architecture | previous action name: utter_architecture_response
[state 51] user intent: greet | previous action name: action_listen
[state 52] user intent: greet | previous action name: utter_greet
[state 53] user intent: request_info | previous action name: action_listen
[state 54] user intent: request_info | previous action name: utter_ask_more
[state 55] user intent: request_info | previous action name: action_listen
[state 56] user intent: request_info | previous action name: utter_ask_more
[state 57] user intent: ask_architecture | previous action name: action_listen
[state 58] user intent: ask_architecture | previous action name: utter_architecture_response
[state 59] user intent: request_info | previous action name: action_listen[0m
2025-03-16 19:16:30,914 [DEBUG]  There is a rule for the next action 'utter_ask_more'.
2025-03-16 19:16:30,915 [DEBUG]  Node 'run_TEDPolicy2' running 'TEDPolicy.predict_action_probabilities'.
2025-03-16 19:16:30,927 [DEBUG]  TED predicted 'utter_ask_more' based on user intent.
2025-03-16 19:16:30,928 [DEBUG]  Node 'select_prediction' running 'DefaultPolicyPredictionEnsemble.combine_predictions_from_kwargs'.
2025-03-16 19:16:30,929 [DEBUG]  Made prediction using user intent.
2025-03-16 19:16:30,929 [DEBUG]  Added `DefinePrevUserUtteredFeaturization(False)` event.
2025-03-16 19:16:30,930 [DEBUG]  Predicted next action using RulePolicy.
2025-03-16 19:16:30,931 [DEBUG]  Predicted next action 'utter_ask_more' with confidence 1.00.
2025-03-16 19:16:30,934 [DEBUG]  [[32m[1mdebug    [0m] [1mprocessor.actions.policy_prediction[0m [36mprediction_events[0m=[35m[<rasa.shared.core.events.DefinePrevUserUtteredFeaturization object at 0x000001821CF4FFA0>][0m
2025-03-16 19:16:30,935 [DEBUG]  [[32m[1mdebug    [0m] [1mprocessor.actions.log         [0m [36maction_name[0m=[35mutter_ask_more[0m [36mrasa_events[0m=[35m[BotUttered('Что именно вас интересует в архитектуре программного обеспечения?', {"elements": null, "quick_replies": null, "buttons": null, "attachment": null, "image": null, "custom": null}, {"utter_action": "utter_ask_more"}, 1742174190.9330533)][0m
2025-03-16 19:16:30,936 [DEBUG]  Running graph with inputs: {'__tracker__': <rasa.shared.core.trackers.DialogueStateTracker object at 0x000001821CE81840>}, targets: ['select_prediction'] and ExecutionContext(model_id='d1db3d04f01c4ec3a9986afa2e259d30', should_add_diagnostic_data=False, is_finetuning=False, node_name=None).
2025-03-16 19:16:30,938 [DEBUG]  Node 'rule_only_data_provider' running 'RuleOnlyDataProvider.provide'.
2025-03-16 19:16:30,939 [DEBUG]  Node 'domain_provider' running 'DomainProvider.provide_inference'.
2025-03-16 19:16:30,940 [DEBUG]  Node 'run_MemoizationPolicy0' running 'MemoizationPolicy.predict_action_probabilities'.
2025-03-16 19:16:30,944 [DEBUG]  [[32m[1mdebug    [0m] [1mmemoization.predict.actions   [0m [36mtracker_states[0m=[35m[{'user': {'intent': 'request_info'}, 'prev_action': {'action_name': 'action_listen'}}, {'user': {'intent': 'request_info'}, 'prev_action': {'action_name': 'utter_ask_more'}}][0m
2025-03-16 19:16:30,945 [DEBUG]  There is a memorised next action 'action_listen'
2025-03-16 19:16:30,946 [DEBUG]  Node 'run_RulePolicy1' running 'RulePolicy.predict_action_probabilities'.
2025-03-16 19:16:30,949 [DEBUG]  [[32m[1mdebug    [0m] [1mrule_policy.actions.find      [0m [36mcurrent_states[0m=[35m
[state 1] user intent: greet | previous action name: action_listen
[state 2] user intent: greet | previous action name: utter_greet
[state 3] user intent: request_info | previous action name: action_listen
[state 4] user intent: request_info | previous action name: utter_ask_more
[state 5] user intent: ask_architecture | previous action name: action_listen
[state 6] user intent: ask_architecture | previous action name: utter_architecture_response
[state 7] user intent: greet | previous action name: action_listen
[state 8] user intent: greet | previous action name: utter_greet
[state 9] user intent: ask_architecture | previous action name: action_listen
[state 10] user intent: ask_architecture | previous action name: utter_architecture_response
[state 11] user intent: ask_architecture | previous action name: action_listen
[state 12] user intent: ask_architecture | previous action name: utter_architecture_response
[state 13] user intent: ask_architecture | previous action name: action_listen
[state 14] user intent: ask_architecture | previous action name: utter_architecture_response
[state 15] user intent: goodbye | previous action name: action_listen
[state 16] user intent: goodbye | previous action name: utter_goodbye
[state 17] user intent: greet | previous action name: action_listen
[state 18] user intent: greet | previous action name: utter_greet
[state 19] user intent: request_info | previous action name: action_listen
[state 20] user intent: request_info | previous action name: utter_ask_more
[state 21] user intent: ask_architecture | previous action name: action_listen
[state 22] user intent: ask_architecture | previous action name: utter_architecture_response
[state 23] user intent: ask_architecture | previous action name: action_listen
[state 24] user intent: ask_architecture | previous action name: utter_architecture_response
[state 25] user intent: greet | previous action name: action_listen
[state 26] user intent: greet | previous action name: utter_greet
[state 27] user intent: ask_architecture | previous action name: action_listen
[state 28] user intent: ask_architecture | previous action name: utter_architecture_response
[state 29] user intent: ask_architecture | previous action name: action_listen
[state 30] user intent: ask_architecture | previous action name: utter_architecture_response
[state 31] user intent: goodbye | previous action name: action_listen
[state 32] user intent: goodbye | previous action name: utter_goodbye
[state 33] user intent: greet | previous action name: action_listen
[state 34] user intent: greet | previous action name: utter_greet
[state 35] user intent: ask_architecture | previous action name: action_listen
[state 36] user intent: ask_architecture | previous action name: utter_architecture_response
[state 37] user intent: greet | previous action name: action_listen
[state 38] user intent: greet | previous action name: utter_greet
[state 39] user intent: ask_architecture | previous action name: action_listen
[state 40] user intent: ask_architecture | previous action name: utter_architecture_response
[state 41] user intent: request_info | previous action name: action_listen
[state 42] user intent: request_info | previous action name: utter_ask_more
[state 43] user intent: ask_architecture | previous action name: action_listen
[state 44] user intent: ask_architecture | previous action name: utter_architecture_response
[state 45] user intent: greet | previous action name: action_listen
[state 46] user intent: greet | previous action name: utter_greet
[state 47] user intent: ask_architecture | previous action name: action_listen
[state 48] user intent: ask_architecture | previous action name: utter_architecture_response
[state 49] user intent: ask_architecture | previous action name: action_listen
[state 50] user intent: ask_architecture | previous action name: utter_architecture_response
[state 51] user intent: greet | previous action name: action_listen
[state 52] user intent: greet | previous action name: utter_greet
[state 53] user intent: request_info | previous action name: action_listen
[state 54] user intent: request_info | previous action name: utter_ask_more
[state 55] user intent: request_info | previous action name: action_listen
[state 56] user intent: request_info | previous action name: utter_ask_more
[state 57] user intent: ask_architecture | previous action name: action_listen
[state 58] user intent: ask_architecture | previous action name: utter_architecture_response
[state 59] user intent: request_info | previous action name: action_listen
[state 60] user intent: request_info | previous action name: utter_ask_more[0m
2025-03-16 19:16:30,961 [DEBUG]  There is a rule for the next action 'action_listen'.
2025-03-16 19:16:30,962 [DEBUG]  Node 'run_TEDPolicy2' running 'TEDPolicy.predict_action_probabilities'.
2025-03-16 19:16:30,972 [DEBUG]  TED predicted 'action_listen' based on user intent.
2025-03-16 19:16:30,973 [DEBUG]  Node 'select_prediction' running 'DefaultPolicyPredictionEnsemble.combine_predictions_from_kwargs'.
2025-03-16 19:16:30,974 [DEBUG]  Predicted next action using RulePolicy.
2025-03-16 19:16:30,975 [DEBUG]  Predicted next action 'action_listen' with confidence 1.00.
2025-03-16 19:16:30,978 [DEBUG]  [[32m[1mdebug    [0m] [1mprocessor.actions.policy_prediction[0m [36mprediction_events[0m=[35m[][0m
2025-03-16 19:16:30,979 [DEBUG]  [[32m[1mdebug    [0m] [1mprocessor.actions.log         [0m [36maction_name[0m=[35maction_listen[0m [36mrasa_events[0m=[35m[][0m
2025-03-16 19:16:30,980 [DEBUG]  No event broker configured. Skipping streaming events.
2025-03-16 19:16:30,983 [DEBUG]  Deleted lock for conversation 'PractikumStudent'.
